rig_id,date,status,well_id,rig_class,_ingested_at,_source_system,_source_file,_batch_id
RIG-ASSAM-01,2026-09-01,COMMITTED,GK-110,PULLING_UNIT,2026-09-23T16:00:00Z,GENERATOR,gs://well-workover-intervention-data/landing/generator/2026/09/23/rig_calendar.parquet,BATCH-GELEKI-20260923-V1
RIG-ASSAM-01,2026-09-02,AVAILABLE,,PULLING_UNIT,2026-09-23T16:00:00Z,GENERATOR,gs://well-workover-intervention-data/landing/generator/2026/09/23/rig_calendar.parquet,BATCH-GELEKI-20260923-V1
RIG-ASSAM-01,2026-09-03,COMMITTED,GK-062,PULLING_UNIT,2026-09-23T16:00:00Z,GENERATOR,gs://well-workover-intervention-data/landing/generator/2026/09/23/rig_calendar.parquet,BATCH-GELEKI-20260923-V1
RIG-ASSAM-01,2026-09-04,MOVING,,PULLING_UNIT,2026-09-23T16:00:00Z,GENERATOR,gs://well-workover-intervention-data/landing/generator/2026/09/23/rig_calendar.parquet,BATCH-GELEKI-20260923-V1
RIG-ASSAM-01,2026-09-05,COMMITTED,GK-100,PULLING_UNIT,2026-09-23T16:00:00Z,GENERATOR,gs://well-workover-intervention-data/landing/generator/2026/09/23/rig_calendar.parquet,BATCH-GELEKI-20260923-V1
RIG-ASSAM-01,2026-09-06,COMMITTED,GK-014,PULLING_UNIT,2026-09-23T16:00:00Z,GENERATOR,gs://well-workover-intervention-data/landing/generator/2026/09/23/rig_calendar.parquet,BATCH-GELEKI-20260923-V1
RIG-ASSAM-01,2026-09-07,COMMITTED,GK-139,PULLING_UNIT,2026-09-23T16:00:00Z,GENERATOR,gs://well-workover-intervention-data/landing/generator/2026/09/23/rig_calendar.parquet,BATCH-GELEKI-20260923-V1
RIG-ASSAM-01,2026-09-08,AVAILABLE,,PULLING_UNIT,2026-09-23T16:00:00Z,GENERATOR,gs://well-workover-intervention-data/landing/generator/2026/09/23/rig_calendar.parquet,BATCH-GELEKI-20260923-V1
RIG-ASSAM-01,2026-09-09,AVAILABLE,,PULLING_UNIT,2026-09-23T16:00:00Z,GENERATOR,gs://well-workover-intervention-data/landing/generator/2026/09/23/rig_calendar.parquet,BATCH-GELEKI-20260923-V1
RIG-ASSAM-01,2026-09-10,AVAILABLE,,PULLING_UNIT,2026-09-23T16:00:00Z,GENERATOR,gs://well-workover-intervention-data/landing/generator/2026/09/23/rig_calendar.parquet,BATCH-GELEKI-20260923-V1
RIG-ASSAM-01,2026-09-11,AVAILABLE,,PULLING_UNIT,2026-09-23T16:00:00Z,GENERATOR,gs://well-workover-intervention-data/landing/generator/2026/09/23/rig_calendar.parquet,BATCH-GELEKI-20260923-V1
RIG-ASSAM-01,2026-09-12,COMMITTED,GK-019,PULLING_UNIT,2026-09-23T16:00:00Z,GENERATOR,gs://well-workover-intervention-data/landing/generator/2026/09/23/rig_calendar.parquet,BATCH-GELEKI-20260923-V1
RIG-ASSAM-01,2026-09-13,AVAILABLE,,PULLING_UNIT,2026-09-23T16:00:00Z,GENERATOR,gs://well-workover-intervention-data/landing/generator/2026/09/23/rig_calendar.parquet,BATCH-GELEKI-20260923-V1
RIG-ASSAM-01,2026-09-14,COMMITTED,GK-072,PULLING_UNIT,2026-09-23T16:00:00Z,GENERATOR,gs://well-workover-intervention-data/landing/generator/2026/09/23/rig_calendar.parquet,BATCH-GELEKI-20260923-V1
RIG-ASSAM-01,2026-09-15,COMMITTED,GK-026,PULLING_UNIT,2026-09-23T16:00:00Z,GENERATOR,gs://well-workover-intervention-data/landing/generator/2026/09/23/rig_calendar.parquet,BATCH-GELEKI-20260923-V1
RIG-ASSAM-01,2026-09-16,MOVING,,PULLING_UNIT,2026-09-23T16:00:00Z,GENERATOR,gs://well-workover-intervention-data/landing/generator/2026/09/23/rig_calendar.parquet,BATCH-GELEKI-20260923-V1
RIG-ASSAM-01,2026-09-17,AVAILABLE,,PULLING_UNIT,2026-09-23T16:00:00Z,GENERATOR,gs://well-workover-intervention-data/landing/generator/2026/09/23/rig_calendar.parquet,BATCH-GELEKI-20260923-V1
RIG-ASSAM-01,2026-09-18,COMMITTED,GK-058,PULLING_UNIT,2026-09-23T16:00:00Z,GENERATOR,gs://well-workover-intervention-data/landing/generator/2026/09/23/rig_calendar.parquet,BATCH-GELEKI-20260923-V1
RIG-ASSAM-01,2026-09-19,AVAILABLE,,PULLING_UNIT,2026-09-23T16:00:00Z,GENERATOR,gs://well-workover-intervention-data/landing/generator/2026/09/23/rig_calendar.parquet,BATCH-GELEKI-20260923-V1
RIG-ASSAM-01,2026-09-20,COMMITTED,GK-063,PULLING_UNIT,2026-09-23T16:00:00Z,GENERATOR,gs://well-workover-intervention-data/landing/generator/2026/09/23/rig_calendar.parquet,BATCH-GELEKI-20260923-V1
RIG-ASSAM-01,2026-09-21,COMMITTED,GK-033,PULLING_UNIT,2026-09-23T16:00:00Z,GENERATOR,gs://well-workover-intervention-data/landing/generator/2026/09/23/rig_calendar.parquet,BATCH-GELEKI-20260923-V1
RIG-ASSAM-01,2026-09-22,COMMITTED,GK-079,PULLING_UNIT,2026-09-23T16:00:00Z,GENERATOR,gs://well-workover-intervention-data/landing/generator/2026/09/23/rig_calendar.parquet,BATCH-GELEKI-20260923-V1
RIG-ASSAM-01,2026-09-23,MOVING,,PULLING_UNIT,2026-09-23T16:00:00Z,GENERATOR,gs://well-workover-intervention-data/landing/generator/2026/09/23/rig_calendar.parquet,BATCH-GELEKI-20260923-V1
RIG-ASSAM-01,2026-09-24,COMMITTED,GK-122,PULLING_UNIT,2026-09-23T16:00:00Z,GENERATOR,gs://well-workover-intervention-data/landing/generator/2026/09/23/rig_calendar.parquet,BATCH-GELEKI-20260923-V1
RIG-ASSAM-01,2026-09-25,AVAILABLE,,PULLING_UNIT,2026-09-23T16:00:00Z,GENERATOR,gs://well-workover-intervention-data/landing/generator/2026/09/23/rig_calendar.parquet,BATCH-GELEKI-20260923-V1
RIG-ASSAM-01,2026-09-26,COMMITTED,GK-090,PULLING_UNIT,2026-09-23T16:00:00Z,GENERATOR,gs://well-workover-intervention-data/landing/generator/2026/09/23/rig_calendar.parquet,BATCH-GELEKI-20260923-V1
RIG-ASSAM-01,2026-09-27,COMMITTED,GK-108,PULLING_UNIT,2026-09-23T16:00:00Z,GENERATOR,gs://well-workover-intervention-data/landing/generator/2026/09/23/rig_calendar.parquet,BATCH-GELEKI-20260923-V1
RIG-ASSAM-01,2026-09-28,AVAILABLE,,PULLING_UNIT,2026-09-23T16:00:00Z,GENERATOR,gs://well-workover-intervention-data/landing/generator/2026/09/23/rig_calendar.parquet,BATCH-GELEKI-20260923-V1
RIG-ASSAM-01,2026-09-29,COMMITTED,GK-010,PULLING_UNIT,2026-09-23T16:00:00Z,GENERATOR,gs://well-workover-intervention-data/landing/generator/2026/09/23/rig_calendar.parquet,BATCH-GELEKI-20260923-V1
RIG-ASSAM-01,2026-09-30,MAINTENANCE,,PULLING_UNIT,2026-09-23T16:00:00Z,GENERATOR,gs://well-workover-intervention-data/landing/generator/2026/09/23/rig_calendar.parquet,BATCH-GELEKI-20260923-V1
RIG-ASSAM-01,2026-10-01,COMMITTED,GK-127,PULLING_UNIT,2026-09-23T16:00:00Z,GENERATOR,gs://well-workover-intervention-data/landing/generator/2026/09/23/rig_calendar.parquet,BATCH-GELEKI-20260923-V1
RIG-ASSAM-01,2026-10-02,AVAILABLE,,PULLING_UNIT,2026-09-23T16:00:00Z,GENERATOR,gs://well-workover-intervention-data/landing/generator/2026/09/23/rig_calendar.parquet,BATCH-GELEKI-20260923-V1
RIG-ASSAM-01,2026-10-03,AVAILABLE,,PULLING_UNIT,2026-09-23T16:00:00Z,GENERATOR,gs://well-workover-intervention-data/landing/generator/2026/09/23/rig_calendar.parquet,BATCH-GELEKI-20260923-V1
RIG-ASSAM-01,2026-10-04,AVAILABLE,,PULLING_UNIT,2026-09-23T16:00:00Z,GENERATOR,gs://well-workover-intervention-data/landing/generator/2026/09/23/rig_calendar.parquet,BATCH-GELEKI-20260923-V1
RIG-ASSAM-01,2026-10-05,COMMITTED,GK-052,PULLING_UNIT,2026-09-23T16:00:00Z,GENERATOR,gs://well-workover-intervention-data/landing/generator/2026/09/23/rig_calendar.parquet,BATCH-GELEKI-20260923-V1
RIG-ASSAM-01,2026-10-06,COMMITTED,GK-071,PULLING_UNIT,2026-09-23T16:00:00Z,GENERATOR,gs://well-workover-intervention-data/landing/generator/2026/09/23/rig_calendar.parquet,BATCH-GELEKI-20260923-V1
RIG-ASSAM-01,2026-10-07,COMMITTED,GK-078,PULLING_UNIT,2026-09-23T16:00:00Z,GENERATOR,gs://well-workover-intervention-data/landing/generator/2026/09/23/rig_calendar.parquet,BATCH-GELEKI-20260923-V1
RIG-ASSAM-01,2026-10-08,COMMITTED,GK-106,PULLING_UNIT,2026-09-23T16:00:00Z,GENERATOR,gs://well-workover-intervention-data/landing/generator/2026/09/23/rig_calendar.parquet,BATCH-GELEKI-20260923-V1
RIG-ASSAM-01,2026-10-09,AVAILABLE,,PULLING_UNIT,2026-09-23T16:00:00Z,GENERATOR,gs://well-workover-intervention-data/landing/generator/2026/09/23/rig_calendar.parquet,BATCH-GELEKI-20260923-V1
RIG-ASSAM-01,2026-10-10,MOVING,,PULLING_UNIT,2026-09-23T16:00:00Z,GENERATOR,gs://well-workover-intervention-data/landing/generator/2026/09/23/rig_calendar.parquet,BATCH-GELEKI-20260923-V1
RIG-ASSAM-01,2026-10-11,AVAILABLE,,PULLING_UNIT,2026-09-23T16:00:00Z,GENERATOR,gs://well-workover-intervention-data/landing/generator/2026/09/23/rig_calendar.parquet,BATCH-GELEKI-20260923-V1
RIG-ASSAM-01,2026-10-12,COMMITTED,GK-138,PULLING_UNIT,2026-09-23T16:00:00Z,GENERATOR,gs://well-workover-intervention-data/landing/generator/2026/09/23/rig_calendar.parquet,BATCH-GELEKI-20260923-V1
RIG-ASSAM-01,2026-10-13,COMMITTED,GK-047,PULLING_UNIT,2026-09-23T16:00:00Z,GENERATOR,gs://well-workover-intervention-data/landing/generator/2026/09/23/rig_calendar.parquet,BATCH-GELEKI-20260923-V1
RIG-ASSAM-01,2026-10-14,MOVING,,PULLING_UNIT,2026-09-23T16:00:00Z,GENERATOR,gs://well-workover-intervention-data/landing/generator/2026/09/23/rig_calendar.parquet,BATCH-GELEKI-20260923-V1
RIG-ASSAM-01,2026-10-15,COMMITTED,GK-011,PULLING_UNIT,2026-09-23T16:00:00Z,GENERATOR,gs://well-workover-intervention-data/landing/generator/2026/09/23/rig_calendar.parquet,BATCH-GELEKI-20260923-V1
RIG-ASSAM-01,2026-10-16,COMMITTED,GK-113,PULLING_UNIT,2026-09-23T16:00:00Z,GENERATOR,gs://well-workover-intervention-data/landing/generator/2026/09/23/rig_calendar.parquet,BATCH-GELEKI-20260923-V1
RIG-ASSAM-01,2026-10-17,COMMITTED,GK-066,PULLING_UNIT,2026-09-23T16:00:00Z,GENERATOR,gs://well-workover-intervention-data/landing/generator/2026/09/23/rig_calendar.parquet,BATCH-GELEKI-20260923-V1
RIG-ASSAM-01,2026-10-18,COMMITTED,GK-098,PULLING_UNIT,2026-09-23T16:00:00Z,GENERATOR,gs://well-workover-intervention-data/landing/generator/2026/09/23/rig_calendar.parquet,BATCH-GELEKI-20260923-V1
RIG-ASSAM-01,2026-10-19,COMMITTED,GK-047,PULLING_UNIT,2026-09-23T16:00:00Z,GENERATOR,gs://well-workover-intervention-data/landing/generator/2026/09/23/rig_calendar.parquet,BATCH-GELEKI-20260923-V1
RIG-ASSAM-01,2026-10-20,COMMITTED,GK-081,PULLING_UNIT,2026-09-23T16:00:00Z,GENERATOR,gs://well-workover-intervention-data/landing/generator/2026/09/23/rig_calendar.parquet,BATCH-GELEKI-20260923-V1
RIG-ASSAM-01,2026-10-21,AVAILABLE,,PULLING_UNIT,2026-09-23T16:00:00Z,GENERATOR,gs://well-workover-intervention-data/landing/generator/2026/09/23/rig_calendar.parquet,BATCH-GELEKI-20260923-V1
RIG-ASSAM-01,2026-10-22,MOVING,,PULLING_UNIT,2026-09-23T16:00:00Z,GENERATOR,gs://well-workover-intervention-data/landing/generator/2026/09/23/rig_calendar.parquet,BATCH-GELEKI-20260923-V1
RIG-ASSAM-01,2026-10-23,COMMITTED,GK-023,PULLING_UNIT,2026-09-23T16:00:00Z,GENERATOR,gs://well-workover-intervention-data/landing/generator/2026/09/23/rig_calendar.parquet,BATCH-GELEKI-20260923-V1
RIG-ASSAM-01,2026-10-24,AVAILABLE,,PULLING_UNIT,2026-09-23T16:00:00Z,GENERATOR,gs://well-workover-intervention-data/landing/generator/2026/09/23/rig_calendar.parquet,BATCH-GELEKI-20260923-V1
RIG-ASSAM-01,2026-10-25,COMMITTED,GK-100,PULLING_UNIT,2026-09-23T16:00:00Z,GENERATOR,gs://well-workover-intervention-data/landing/generator/2026/09/23/rig_calendar.parquet,BATCH-GELEKI-20260923-V1
RIG-ASSAM-01,2026-10-26,COMMITTED,GK-045,PULLING_UNIT,2026-09-23T16:00:00Z,GENERATOR,gs://well-workover-intervention-data/landing/generator/2026/09/23/rig_calendar.parquet,BATCH-GELEKI-20260923-V1
RIG-ASSAM-01,2026-10-27,AVAILABLE,,PULLING_UNIT,2026-09-23T16:00:00Z,GENERATOR,gs://well-workover-intervention-data/landing/generator/2026/09/23/rig_calendar.parquet,BATCH-GELEKI-20260923-V1
RIG-ASSAM-01,2026-10-28,AVAILABLE,,PULLING_UNIT,2026-09-23T16:00:00Z,GENERATOR,gs://well-workover-intervention-data/landing/generator/2026/09/23/rig_calendar.parquet,BATCH-GELEKI-20260923-V1
RIG-ASSAM-01,2026-10-29,COMMITTED,GK-115,PULLING_UNIT,2026-09-23T16:00:00Z,GENERATOR,gs://well-workover-intervention-data/landing/generator/2026/09/23/rig_calendar.parquet,BATCH-GELEKI-20260923-V1
RIG-ASSAM-01,2026-10-30,AVAILABLE,,PULLING_UNIT,2026-09-23T16:00:00Z,GENERATOR,gs://well-workover-intervention-data/landing/generator/2026/09/23/rig_calendar.parquet,BATCH-GELEKI-20260923-V1
RIG-ASSAM-01,2026-10-31,COMMITTED,GK-128,PULLING_UNIT,2026-09-23T16:00:00Z,GENERATOR,gs://well-workover-intervention-data/landing/generator/2026/09/23/rig_calendar.parquet,BATCH-GELEKI-20260923-V1
RIG-ASSAM-02,2026-09-01,COMMITTED,GK-035,PULLING_UNIT,2026-09-23T16:00:00Z,GENERATOR,gs://well-workover-intervention-data/landing/generator/2026/09/23/rig_calendar.parquet,BATCH-GELEKI-20260923-V1
RIG-ASSAM-02,2026-09-02,AVAILABLE,,PULLING_UNIT,2026-09-23T16:00:00Z,GENERATOR,gs://well-workover-intervention-data/landing/generator/2026/09/23/rig_calendar.parquet,BATCH-GELEKI-20260923-V1
RIG-ASSAM-02,2026-09-03,COMMITTED,GK-020,PULLING_UNIT,2026-09-23T16:00:00Z,GENERATOR,gs://well-workover-intervention-data/landing/generator/2026/09/23/rig_calendar.parquet,BATCH-GELEKI-20260923-V1
RIG-ASSAM-02,2026-09-04,AVAILABLE,,PULLING_UNIT,2026-09-23T16:00:00Z,GENERATOR,gs://well-workover-intervention-data/landing/generator/2026/09/23/rig_calendar.parquet,BATCH-GELEKI-20260923-V1
RIG-ASSAM-02,2026-09-05,COMMITTED,GK-115,PULLING_UNIT,2026-09-23T16:00:00Z,GENERATOR,gs://well-workover-intervention-data/landing/generator/2026/09/23/rig_calendar.parquet,BATCH-GELEKI-20260923-V1
RIG-ASSAM-02,2026-09-06,COMMITTED,GK-114,PULLING_UNIT,2026-09-23T16:00:00Z,GENERATOR,gs://well-workover-intervention-data/landing/generator/2026/09/23/rig_calendar.parquet,BATCH-GELEKI-20260923-V1
RIG-ASSAM-02,2026-09-07,AVAILABLE,,PULLING_UNIT,2026-09-23T16:00:00Z,GENERATOR,gs://well-workover-intervention-data/landing/generator/2026/09/23/rig_calendar.parquet,BATCH-GELEKI-20260923-V1
RIG-ASSAM-02,2026-09-08,AVAILABLE,,PULLING_UNIT,2026-09-23T16:00:00Z,GENERATOR,gs://well-workover-intervention-data/landing/generator/2026/09/23/rig_calendar.parquet,BATCH-GELEKI-20260923-V1
RIG-ASSAM-02,2026-09-09,AVAILABLE,,PULLING_UNIT,2026-09-23T16:00:00Z,GENERATOR,gs://well-workover-intervention-data/landing/generator/2026/09/23/rig_calendar.parquet,BATCH-GELEKI-20260923-V1
RIG-ASSAM-02,2026-09-10,COMMITTED,GK-101,PULLING_UNIT,2026-09-23T16:00:00Z,GENERATOR,gs://well-workover-intervention-data/landing/generator/2026/09/23/rig_calendar.parquet,BATCH-GELEKI-20260923-V1
RIG-ASSAM-02,2026-09-11,COMMITTED,GK-111,PULLING_UNIT,2026-09-23T16:00:00Z,GENERATOR,gs://well-workover-intervention-data/landing/generator/2026/09/23/rig_calendar.parquet,BATCH-GELEKI-20260923-V1
RIG-ASSAM-02,2026-09-12,COMMITTED,GK-066,PULLING_UNIT,2026-09-23T16:00:00Z,GENERATOR,gs://well-workover-intervention-data/landing/generator/2026/09/23/rig_calendar.parquet,BATCH-GELEKI-20260923-V1
RIG-ASSAM-02,2026-09-13,COMMITTED,GK-081,PULLING_UNIT,2026-09-23T16:00:00Z,GENERATOR,gs://well-workover-intervention-data/landing/generator/2026/09/23/rig_calendar.parquet,BATCH-GELEKI-20260923-V1
RIG-ASSAM-02,2026-09-14,COMMITTED,GK-020,PULLING_UNIT,2026-09-23T16:00:00Z,GENERATOR,gs://well-workover-intervention-data/landing/generator/2026/09/23/rig_calendar.parquet,BATCH-GELEKI-20260923-V1
RIG-ASSAM-02,2026-09-15,COMMITTED,GK-017,PULLING_UNIT,2026-09-23T16:00:00Z,GENERATOR,gs://well-workover-intervention-data/landing/generator/2026/09/23/rig_calendar.parquet,BATCH-GELEKI-20260923-V1
RIG-ASSAM-02,2026-09-16,COMMITTED,GK-095,PULLING_UNIT,2026-09-23T16:00:00Z,GENERATOR,gs://well-workover-intervention-data/landing/generator/2026/09/23/rig_calendar.parquet,BATCH-GELEKI-20260923-V1
RIG-ASSAM-02,2026-09-17,AVAILABLE,,PULLING_UNIT,2026-09-23T16:00:00Z,GENERATOR,gs://well-workover-intervention-data/landing/generator/2026/09/23/rig_calendar.parquet,BATCH-GELEKI-20260923-V1
RIG-ASSAM-02,2026-09-18,COMMITTED,GK-122,PULLING_UNIT,2026-09-23T16:00:00Z,GENERATOR,gs://well-workover-intervention-data/landing/generator/2026/09/23/rig_calendar.parquet,BATCH-GELEKI-20260923-V1
RIG-ASSAM-02,2026-09-19,COMMITTED,GK-012,PULLING_UNIT,2026-09-23T16:00:00Z,GENERATOR,gs://well-workover-intervention-data/landing/generator/2026/09/23/rig_calendar.parquet,BATCH-GELEKI-20260923-V1
RIG-ASSAM-02,2026-09-20,AVAILABLE,,PULLING_UNIT,2026-09-23T16:00:00Z,GENERATOR,gs://well-workover-intervention-data/landing/generator/2026/09/23/rig_calendar.parquet,BATCH-GELEKI-20260923-V1
RIG-ASSAM-02,2026-09-21,COMMITTED,GK-091,PULLING_UNIT,2026-09-23T16:00:00Z,GENERATOR,gs://well-workover-intervention-data/landing/generator/2026/09/23/rig_calendar.parquet,BATCH-GELEKI-20260923-V1
RIG-ASSAM-02,2026-09-22,COMMITTED,GK-079,PULLING_UNIT,2026-09-23T16:00:00Z,GENERATOR,gs://well-workover-intervention-data/landing/generator/2026/09/23/rig_calendar.parquet,BATCH-GELEKI-20260923-V1
RIG-ASSAM-02,2026-09-23,COMMITTED,GK-080,PULLING_UNIT,2026-09-23T16:00:00Z,GENERATOR,gs://well-workover-intervention-data/landing/generator/2026/09/23/rig_calendar.parquet,BATCH-GELEKI-20260923-V1
RIG-ASSAM-02,2026-09-24,AVAILABLE,,PULLING_UNIT,2026-09-23T16:00:00Z,GENERATOR,gs://well-workover-intervention-data/landing/generator/2026/09/23/rig_calendar.parquet,BATCH-GELEKI-20260923-V1
RIG-ASSAM-02,2026-09-25,COMMITTED,GK-086,PULLING_UNIT,2026-09-23T16:00:00Z,GENERATOR,gs://well-workover-intervention-data/landing/generator/2026/09/23/rig_calendar.parquet,BATCH-GELEKI-20260923-V1
RIG-ASSAM-02,2026-09-26,COMMITTED,GK-050,PULLING_UNIT,2026-09-23T16:00:00Z,GENERATOR,gs://well-workover-intervention-data/landing/generator/2026/09/23/rig_calendar.parquet,BATCH-GELEKI-20260923-V1
RIG-ASSAM-02,2026-09-27,COMMITTED,GK-140,PULLING_UNIT,2026-09-23T16:00:00Z,GENERATOR,gs://well-workover-intervention-data/landing/generator/2026/09/23/rig_calendar.parquet,BATCH-GELEKI-20260923-V1
RIG-ASSAM-02,2026-09-28,COMMITTED,GK-040,PULLING_UNIT,2026-09-23T16:00:00Z,GENERATOR,gs://well-workover-intervention-data/landing/generator/2026/09/23/rig_calendar.parquet,BATCH-GELEKI-20260923-V1
RIG-ASSAM-02,2026-09-29,COMMITTED,GK-141,PULLING_UNIT,2026-09-23T16:00:00Z,GENERATOR,gs://well-workover-intervention-data/landing/generator/2026/09/23/rig_calendar.parquet,BATCH-GELEKI-20260923-V1
RIG-ASSAM-02,2026-09-30,MOVING,,PULLING_UNIT,2026-09-23T16:00:00Z,GENERATOR,gs://well-workover-intervention-data/landing/generator/2026/09/23/rig_calendar.parquet,BATCH-GELEKI-20260923-V1
RIG-ASSAM-02,2026-10-01,COMMITTED,GK-034,PULLING_UNIT,2026-09-23T16:00:00Z,GENERATOR,gs://well-workover-intervention-data/landing/generator/2026/09/23/rig_calendar.parquet,BATCH-GELEKI-20260923-V1
RIG-ASSAM-02,2026-10-02,AVAILABLE,,PULLING_UNIT,2026-09-23T16:00:00Z,GENERATOR,gs://well-workover-intervention-data/landing/generator/2026/09/23/rig_calendar.parquet,BATCH-GELEKI-20260923-V1
RIG-ASSAM-02,2026-10-03,COMMITTED,GK-122,PULLING_UNIT,2026-09-23T16:00:00Z,GENERATOR,gs://well-workover-intervention-data/landing/generator/2026/09/23/rig_calendar.parquet,BATCH-GELEKI-20260923-V1
RIG-ASSAM-02,2026-10-04,COMMITTED,GK-131,PULLING_UNIT,2026-09-23T16:00:00Z,GENERATOR,gs://well-workover-intervention-data/landing/generator/2026/09/23/rig_calendar.parquet,BATCH-GELEKI-20260923-V1
RIG-ASSAM-02,2026-10-05,COMMITTED,GK-062,PULLING_UNIT,2026-09-23T16:00:00Z,GENERATOR,gs://well-workover-intervention-data/landing/generator/2026/09/23/rig_calendar.parquet,BATCH-GELEKI-20260923-V1
RIG-ASSAM-02,2026-10-06,AVAILABLE,,PULLING_UNIT,2026-09-23T16:00:00Z,GENERATOR,gs://well-workover-intervention-data/landing/generator/2026/09/23/rig_calendar.parquet,BATCH-GELEKI-20260923-V1
RIG-ASSAM-02,2026-10-07,COMMITTED,GK-080,PULLING_UNIT,2026-09-23T16:00:00Z,GENERATOR,gs://well-workover-intervention-data/landing/generator/2026/09/23/rig_calendar.parquet,BATCH-GELEKI-20260923-V1
RIG-ASSAM-02,2026-10-08,COMMITTED,GK-112,PULLING_UNIT,2026-09-23T16:00:00Z,GENERATOR,gs://well-workover-intervention-data/landing/generator/2026/09/23/rig_calendar.parquet,BATCH-GELEKI-20260923-V1
RIG-ASSAM-02,2026-10-09,MAINTENANCE,,PULLING_UNIT,2026-09-23T16:00:00Z,GENERATOR,gs://well-workover-intervention-data/landing/generator/2026/09/23/rig_calendar.parquet,BATCH-GELEKI-20260923-V1
RIG-ASSAM-02,2026-10-10,AVAILABLE,,PULLING_UNIT,2026-09-23T16:00:00Z,GENERATOR,gs://well-workover-intervention-data/landing/generator/2026/09/23/rig_calendar.parquet,BATCH-GELEKI-20260923-V1
RIG-ASSAM-02,2026-10-11,COMMITTED,GK-058,PULLING_UNIT,2026-09-23T16:00:00Z,GENERATOR,gs://well-workover-intervention-data/landing/generator/2026/09/23/rig_calendar.parquet,BATCH-GELEKI-20260923-V1
RIG-ASSAM-02,2026-10-12,COMMITTED,GK-116,PULLING_UNIT,2026-09-23T16:00:00Z,GENERATOR,gs://well-workover-intervention-data/landing/generator/2026/09/23/rig_calendar.parquet,BATCH-GELEKI-20260923-V1
RIG-ASSAM-02,2026-10-13,COMMITTED,GK-024,PULLING_UNIT,2026-09-23T16:00:00Z,GENERATOR,gs://well-workover-intervention-data/landing/generator/2026/09/23/rig_calendar.parquet,BATCH-GELEKI-20260923-V1
RIG-ASSAM-02,2026-10-14,COMMITTED,GK-004,PULLING_UNIT,2026-09-23T16:00:00Z,GENERATOR,gs://well-workover-intervention-data/landing/generator/2026/09/23/rig_calendar.parquet,BATCH-GELEKI-20260923-V1
RIG-ASSAM-02,2026-10-15,COMMITTED,GK-013,PULLING_UNIT,2026-09-23T16:00:00Z,GENERATOR,gs://well-workover-intervention-data/landing/generator/2026/09/23/rig_calendar.parquet,BATCH-GELEKI-20260923-V1
RIG-ASSAM-02,2026-10-16,AVAILABLE,,PULLING_UNIT,2026-09-23T16:00:00Z,GENERATOR,gs://well-workover-intervention-data/landing/generator/2026/09/23/rig_calendar.parquet,BATCH-GELEKI-20260923-V1
RIG-ASSAM-02,2026-10-17,AVAILABLE,,PULLING_UNIT,2026-09-23T16:00:00Z,GENERATOR,gs://well-workover-intervention-data/landing/generator/2026/09/23/rig_calendar.parquet,BATCH-GELEKI-20260923-V1
RIG-ASSAM-02,2026-10-18,AVAILABLE,,PULLING_UNIT,2026-09-23T16:00:00Z,GENERATOR,gs://well-workover-intervention-data/landing/generator/2026/09/23/rig_calendar.parquet,BATCH-GELEKI-20260923-V1
RIG-ASSAM-02,2026-10-19,COMMITTED,GK-102,PULLING_UNIT,2026-09-23T16:00:00Z,GENERATOR,gs://well-workover-intervention-data/landing/generator/2026/09/23/rig_calendar.parquet,BATCH-GELEKI-20260923-V1
RIG-ASSAM-02,2026-10-20,COMMITTED,GK-128,PULLING_UNIT,2026-09-23T16:00:00Z,GENERATOR,gs://well-workover-intervention-data/landing/generator/2026/09/23/rig_calendar.parquet,BATCH-GELEKI-20260923-V1
RIG-ASSAM-02,2026-10-21,COMMITTED,GK-134,PULLING_UNIT,2026-09-23T16:00:00Z,GENERATOR,gs://well-workover-intervention-data/landing/generator/2026/09/23/rig_calendar.parquet,BATCH-GELEKI-20260923-V1
RIG-ASSAM-02,2026-10-22,COMMITTED,GK-071,PULLING_UNIT,2026-09-23T16:00:00Z,GENERATOR,gs://well-workover-intervention-data/landing/generator/2026/09/23/rig_calendar.parquet,BATCH-GELEKI-20260923-V1
RIG-ASSAM-02,2026-10-23,AVAILABLE,,PULLING_UNIT,2026-09-23T16:00:00Z,GENERATOR,gs://well-workover-intervention-data/landing/generator/2026/09/23/rig_calendar.parquet,BATCH-GELEKI-20260923-V1
RIG-ASSAM-02,2026-10-24,COMMITTED,GK-064,PULLING_UNIT,2026-09-23T16:00:00Z,GENERATOR,gs://well-workover-intervention-data/landing/generator/2026/09/23/rig_calendar.parquet,BATCH-GELEKI-20260923-V1
RIG-ASSAM-02,2026-10-25,COMMITTED,GK-055,PULLING_UNIT,2026-09-23T16:00:00Z,GENERATOR,gs://well-workover-intervention-data/landing/generator/2026/09/23/rig_calendar.parquet,BATCH-GELEKI-20260923-V1
RIG-ASSAM-02,2026-10-26,COMMITTED,GK-043,PULLING_UNIT,2026-09-23T16:00:00Z,GENERATOR,gs://well-workover-intervention-data/landing/generator/2026/09/23/rig_calendar.parquet,BATCH-GELEKI-20260923-V1
RIG-ASSAM-02,2026-10-27,AVAILABLE,,PULLING_UNIT,2026-09-23T16:00:00Z,GENERATOR,gs://well-workover-intervention-data/landing/generator/2026/09/23/rig_calendar.parquet,BATCH-GELEKI-20260923-V1
RIG-ASSAM-02,2026-10-28,COMMITTED,GK-087,PULLING_UNIT,2026-09-23T16:00:00Z,GENERATOR,gs://well-workover-intervention-data/landing/generator/2026/09/23/rig_calendar.parquet,BATCH-GELEKI-20260923-V1
RIG-ASSAM-02,2026-10-29,COMMITTED,GK-137,PULLING_UNIT,2026-09-23T16:00:00Z,GENERATOR,gs://well-workover-intervention-data/landing/generator/2026/09/23/rig_calendar.parquet,BATCH-GELEKI-20260923-V1
RIG-ASSAM-02,2026-10-30,COMMITTED,GK-049,PULLING_UNIT,2026-09-23T16:00:00Z,GENERATOR,gs://well-workover-intervention-data/landing/generator/2026/09/23/rig_calendar.parquet,BATCH-GELEKI-20260923-V1
RIG-ASSAM-02,2026-10-31,COMMITTED,GK-049,PULLING_UNIT,2026-09-23T16:00:00Z,GENERATOR,gs://well-workover-intervention-data/landing/generator/2026/09/23/rig_calendar.parquet,BATCH-GELEKI-20260923-V1
RIG-ASSAM-03,2026-09-01,MAINTENANCE,,PULLING_UNIT,2026-09-23T16:00:00Z,GENERATOR,gs://well-workover-intervention-data/landing/generator/2026/09/23/rig_calendar.parquet,BATCH-GELEKI-20260923-V1
RIG-ASSAM-03,2026-09-02,COMMITTED,GK-130,PULLING_UNIT,2026-09-23T16:00:00Z,GENERATOR,gs://well-workover-intervention-data/landing/generator/2026/09/23/rig_calendar.parquet,BATCH-GELEKI-20260923-V1
RIG-ASSAM-03,2026-09-03,COMMITTED,GK-100,PULLING_UNIT,2026-09-23T16:00:00Z,GENERATOR,gs://well-workover-intervention-data/landing/generator/2026/09/23/rig_calendar.parquet,BATCH-GELEKI-20260923-V1
RIG-ASSAM-03,2026-09-04,COMMITTED,GK-038,PULLING_UNIT,2026-09-23T16:00:00Z,GENERATOR,gs://well-workover-intervention-data/landing/generator/2026/09/23/rig_calendar.parquet,BATCH-GELEKI-20260923-V1
RIG-ASSAM-03,2026-09-05,AVAILABLE,,PULLING_UNIT,2026-09-23T16:00:00Z,GENERATOR,gs://well-workover-intervention-data/landing/generator/2026/09/23/rig_calendar.parquet,BATCH-GELEKI-20260923-V1
RIG-ASSAM-03,2026-09-06,MAINTENANCE,,PULLING_UNIT,2026-09-23T16:00:00Z,GENERATOR,gs://well-workover-intervention-data/landing/generator/2026/09/23/rig_calendar.parquet,BATCH-GELEKI-20260923-V1
RIG-ASSAM-03,2026-09-07,COMMITTED,GK-111,PULLING_UNIT,2026-09-23T16:00:00Z,GENERATOR,gs://well-workover-intervention-data/landing/generator/2026/09/23/rig_calendar.parquet,BATCH-GELEKI-20260923-V1
RIG-ASSAM-03,2026-09-08,COMMITTED,GK-102,PULLING_UNIT,2026-09-23T16:00:00Z,GENERATOR,gs://well-workover-intervention-data/landing/generator/2026/09/23/rig_calendar.parquet,BATCH-GELEKI-20260923-V1
RIG-ASSAM-03,2026-09-09,AVAILABLE,,PULLING_UNIT,2026-09-23T16:00:00Z,GENERATOR,gs://well-workover-intervention-data/landing/generator/2026/09/23/rig_calendar.parquet,BATCH-GELEKI-20260923-V1
RIG-ASSAM-03,2026-09-10,COMMITTED,GK-105,PULLING_UNIT,2026-09-23T16:00:00Z,GENERATOR,gs://well-workover-intervention-data/landing/generator/2026/09/23/rig_calendar.parquet,BATCH-GELEKI-20260923-V1
RIG-ASSAM-03,2026-09-11,COMMITTED,GK-012,PULLING_UNIT,2026-09-23T16:00:00Z,GENERATOR,gs://well-workover-intervention-data/landing/generator/2026/09/23/rig_calendar.parquet,BATCH-GELEKI-20260923-V1
RIG-ASSAM-03,2026-09-12,COMMITTED,GK-064,PULLING_UNIT,2026-09-23T16:00:00Z,GENERATOR,gs://well-workover-intervention-data/landing/generator/2026/09/23/rig_calendar.parquet,BATCH-GELEKI-20260923-V1
RIG-ASSAM-03,2026-09-13,MOVING,,PULLING_UNIT,2026-09-23T16:00:00Z,GENERATOR,gs://well-workover-intervention-data/landing/generator/2026/09/23/rig_calendar.parquet,BATCH-GELEKI-20260923-V1
RIG-ASSAM-03,2026-09-14,COMMITTED,GK-065,PULLING_UNIT,2026-09-23T16:00:00Z,GENERATOR,gs://well-workover-intervention-data/landing/generator/2026/09/23/rig_calendar.parquet,BATCH-GELEKI-20260923-V1
RIG-ASSAM-03,2026-09-15,AVAILABLE,,PULLING_UNIT,2026-09-23T16:00:00Z,GENERATOR,gs://well-workover-intervention-data/landing/generator/2026/09/23/rig_calendar.parquet,BATCH-GELEKI-20260923-V1
RIG-ASSAM-03,2026-09-16,COMMITTED,GK-103,PULLING_UNIT,2026-09-23T16:00:00Z,GENERATOR,gs://well-workover-intervention-data/landing/generator/2026/09/23/rig_calendar.parquet,BATCH-GELEKI-20260923-V1
RIG-ASSAM-03,2026-09-17,COMMITTED,GK-115,PULLING_UNIT,2026-09-23T16:00:00Z,GENERATOR,gs://well-workover-intervention-data/landing/generator/2026/09/23/rig_calendar.parquet,BATCH-GELEKI-20260923-V1
RIG-ASSAM-03,2026-09-18,COMMITTED,GK-078,PULLING_UNIT,2026-09-23T16:00:00Z,GENERATOR,gs://well-workover-intervention-data/landing/generator/2026/09/23/rig_calendar.parquet,BATCH-GELEKI-20260923-V1
RIG-ASSAM-03,2026-09-19,COMMITTED,GK-066,PULLING_UNIT,2026-09-23T16:00:00Z,GENERATOR,gs://well-workover-intervention-data/landing/generator/2026/09/23/rig_calendar.parquet,BATCH-GELEKI-20260923-V1
RIG-ASSAM-03,2026-09-20,MOVING,,PULLING_UNIT,2026-09-23T16:00:00Z,GENERATOR,gs://well-workover-intervention-data/landing/generator/2026/09/23/rig_calendar.parquet,BATCH-GELEKI-20260923-V1
RIG-ASSAM-03,2026-09-21,COMMITTED,GK-108,PULLING_UNIT,2026-09-23T16:00:00Z,GENERATOR,gs://well-workover-intervention-data/landing/generator/2026/09/23/rig_calendar.parquet,BATCH-GELEKI-20260923-V1
RIG-ASSAM-03,2026-09-22,COMMITTED,GK-103,PULLING_UNIT,2026-09-23T16:00:00Z,GENERATOR,gs://well-workover-intervention-data/landing/generator/2026/09/23/rig_calendar.parquet,BATCH-GELEKI-20260923-V1
RIG-ASSAM-03,2026-09-23,AVAILABLE,,PULLING_UNIT,2026-09-23T16:00:00Z,GENERATOR,gs://well-workover-intervention-data/landing/generator/2026/09/23/rig_calendar.parquet,BATCH-GELEKI-20260923-V1
RIG-ASSAM-03,2026-09-24,COMMITTED,GK-044,PULLING_UNIT,2026-09-23T16:00:00Z,GENERATOR,gs://well-workover-intervention-data/landing/generator/2026/09/23/rig_calendar.parquet,BATCH-GELEKI-20260923-V1
RIG-ASSAM-03,2026-09-25,COMMITTED,GK-020,PULLING_UNIT,2026-09-23T16:00:00Z,GENERATOR,gs://well-workover-intervention-data/landing/generator/2026/09/23/rig_calendar.parquet,BATCH-GELEKI-20260923-V1
RIG-ASSAM-03,2026-09-26,COMMITTED,GK-014,PULLING_UNIT,2026-09-23T16:00:00Z,GENERATOR,gs://well-workover-intervention-data/landing/generator/2026/09/23/rig_calendar.parquet,BATCH-GELEKI-20260923-V1
RIG-ASSAM-03,2026-09-27,COMMITTED,GK-090,PULLING_UNIT,2026-09-23T16:00:00Z,GENERATOR,gs://well-workover-intervention-data/landing/generator/2026/09/23/rig_calendar.parquet,BATCH-GELEKI-20260923-V1
RIG-ASSAM-03,2026-09-28,COMMITTED,GK-108,PULLING_UNIT,2026-09-23T16:00:00Z,GENERATOR,gs://well-workover-intervention-data/landing/generator/2026/09/23/rig_calendar.parquet,BATCH-GELEKI-20260923-V1
RIG-ASSAM-03,2026-09-29,COMMITTED,GK-112,PULLING_UNIT,2026-09-23T16:00:00Z,GENERATOR,gs://well-workover-intervention-data/landing/generator/2026/09/23/rig_calendar.parquet,BATCH-GELEKI-20260923-V1
RIG-ASSAM-03,2026-09-30,COMMITTED,GK-026,PULLING_UNIT,2026-09-23T16:00:00Z,GENERATOR,gs://well-workover-intervention-data/landing/generator/2026/09/23/rig_calendar.parquet,BATCH-GELEKI-20260923-V1
RIG-ASSAM-03,2026-10-01,COMMITTED,GK-027,PULLING_UNIT,2026-09-23T16:00:00Z,GENERATOR,gs://well-workover-intervention-data/landing/generator/2026/09/23/rig_calendar.parquet,BATCH-GELEKI-20260923-V1
RIG-ASSAM-03,2026-10-02,COMMITTED,GK-094,PULLING_UNIT,2026-09-23T16:00:00Z,GENERATOR,gs://well-workover-intervention-data/landing/generator/2026/09/23/rig_calendar.parquet,BATCH-GELEKI-20260923-V1
RIG-ASSAM-03,2026-10-03,COMMITTED,GK-097,PULLING_UNIT,2026-09-23T16:00:00Z,GENERATOR,gs://well-workover-intervention-data/landing/generator/2026/09/23/rig_calendar.parquet,BATCH-GELEKI-20260923-V1
RIG-ASSAM-03,2026-10-04,COMMITTED,GK-025,PULLING_UNIT,2026-09-23T16:00:00Z,GENERATOR,gs://well-workover-intervention-data/landing/generator/2026/09/23/rig_calendar.parquet,BATCH-GELEKI-20260923-V1
RIG-ASSAM-03,2026-10-05,COMMITTED,GK-113,PULLING_UNIT,2026-09-23T16:00:00Z,GENERATOR,gs://well-workover-intervention-data/landing/generator/2026/09/23/rig_calendar.parquet,BATCH-GELEKI-20260923-V1
RIG-ASSAM-03,2026-10-06,COMMITTED,GK-043,PULLING_UNIT,2026-09-23T16:00:00Z,GENERATOR,gs://well-workover-intervention-data/landing/generator/2026/09/23/rig_calendar.parquet,BATCH-GELEKI-20260923-V1
RIG-ASSAM-03,2026-10-07,MOVING,,PULLING_UNIT,2026-09-23T16:00:00Z,GENERATOR,gs://well-workover-intervention-data/landing/generator/2026/09/23/rig_calendar.parquet,BATCH-GELEKI-20260923-V1
RIG-ASSAM-03,2026-10-08,MAINTENANCE,,PULLING_UNIT,2026-09-23T16:00:00Z,GENERATOR,gs://well-workover-intervention-data/landing/generator/2026/09/23/rig_calendar.parquet,BATCH-GELEKI-20260923-V1
RIG-ASSAM-03,2026-10-09,COMMITTED,GK-064,PULLING_UNIT,2026-09-23T16:00:00Z,GENERATOR,gs://well-workover-intervention-data/landing/generator/2026/09/23/rig_calendar.parquet,BATCH-GELEKI-20260923-V1
RIG-ASSAM-03,2026-10-10,COMMITTED,GK-087,PULLING_UNIT,2026-09-23T16:00:00Z,GENERATOR,gs://well-workover-intervention-data/landing/generator/2026/09/23/rig_calendar.parquet,BATCH-GELEKI-20260923-V1
RIG-ASSAM-03,2026-10-11,COMMITTED,GK-042,PULLING_UNIT,2026-09-23T16:00:00Z,GENERATOR,gs://well-workover-intervention-data/landing/generator/2026/09/23/rig_calendar.parquet,BATCH-GELEKI-20260923-V1
RIG-ASSAM-03,2026-10-12,COMMITTED,GK-022,PULLING_UNIT,2026-09-23T16:00:00Z,GENERATOR,gs://well-workover-intervention-data/landing/generator/2026/09/23/rig_calendar.parquet,BATCH-GELEKI-20260923-V1
RIG-ASSAM-03,2026-10-13,MAINTENANCE,,PULLING_UNIT,2026-09-23T16:00:00Z,GENERATOR,gs://well-workover-intervention-data/landing/generator/2026/09/23/rig_calendar.parquet,BATCH-GELEKI-20260923-V1
RIG-ASSAM-03,2026-10-14,COMMITTED,GK-069,PULLING_UNIT,2026-09-23T16:00:00Z,GENERATOR,gs://well-workover-intervention-data/landing/generator/2026/09/23/rig_calendar.parquet,BATCH-GELEKI-20260923-V1
RIG-ASSAM-03,2026-10-15,COMMITTED,GK-112,PULLING_UNIT,2026-09-23T16:00:00Z,GENERATOR,gs://well-workover-intervention-data/landing/generator/2026/09/23/rig_calendar.parquet,BATCH-GELEKI-20260923-V1
RIG-ASSAM-03,2026-10-16,COMMITTED,GK-012,PULLING_UNIT,2026-09-23T16:00:00Z,GENERATOR,gs://well-workover-intervention-data/landing/generator/2026/09/23/rig_calendar.parquet,BATCH-GELEKI-20260923-V1
RIG-ASSAM-03,2026-10-17,COMMITTED,GK-070,PULLING_UNIT,2026-09-23T16:00:00Z,GENERATOR,gs://well-workover-intervention-data/landing/generator/2026/09/23/rig_calendar.parquet,BATCH-GELEKI-20260923-V1
RIG-ASSAM-03,2026-10-18,AVAILABLE,,PULLING_UNIT,2026-09-23T16:00:00Z,GENERATOR,gs://well-workover-intervention-data/landing/generator/2026/09/23/rig_calendar.parquet,BATCH-GELEKI-20260923-V1
RIG-ASSAM-03,2026-10-19,COMMITTED,GK-063,PULLING_UNIT,2026-09-23T16:00:00Z,GENERATOR,gs://well-workover-intervention-data/landing/generator/2026/09/23/rig_calendar.parquet,BATCH-GELEKI-20260923-V1
RIG-ASSAM-03,2026-10-20,MOVING,,PULLING_UNIT,2026-09-23T16:00:00Z,GENERATOR,gs://well-workover-intervention-data/landing/generator/2026/09/23/rig_calendar.parquet,BATCH-GELEKI-20260923-V1
RIG-ASSAM-03,2026-10-21,COMMITTED,GK-082,PULLING_UNIT,2026-09-23T16:00:00Z,GENERATOR,gs://well-workover-intervention-data/landing/generator/2026/09/23/rig_calendar.parquet,BATCH-GELEKI-20260923-V1
RIG-ASSAM-03,2026-10-22,COMMITTED,GK-068,PULLING_UNIT,2026-09-23T16:00:00Z,GENERATOR,gs://well-workover-intervention-data/landing/generator/2026/09/23/rig_calendar.parquet,BATCH-GELEKI-20260923-V1
RIG-ASSAM-03,2026-10-23,AVAILABLE,,PULLING_UNIT,2026-09-23T16:00:00Z,GENERATOR,gs://well-workover-intervention-data/landing/generator/2026/09/23/rig_calendar.parquet,BATCH-GELEKI-20260923-V1
RIG-ASSAM-03,2026-10-24,COMMITTED,GK-136,PULLING_UNIT,2026-09-23T16:00:00Z,GENERATOR,gs://well-workover-intervention-data/landing/generator/2026/09/23/rig_calendar.parquet,BATCH-GELEKI-20260923-V1
RIG-ASSAM-03,2026-10-25,COMMITTED,GK-078,PULLING_UNIT,2026-09-23T16:00:00Z,GENERATOR,gs://well-workover-intervention-data/landing/generator/2026/09/23/rig_calendar.parquet,BATCH-GELEKI-20260923-V1
RIG-ASSAM-03,2026-10-26,COMMITTED,GK-121,PULLING_UNIT,2026-09-23T16:00:00Z,GENERATOR,gs://well-workover-intervention-data/landing/generator/2026/09/23/rig_calendar.parquet,BATCH-GELEKI-20260923-V1
RIG-ASSAM-03,2026-10-27,COMMITTED,GK-041,PULLING_UNIT,2026-09-23T16:00:00Z,GENERATOR,gs://well-workover-intervention-data/landing/generator/2026/09/23/rig_calendar.parquet,BATCH-GELEKI-20260923-V1
RIG-ASSAM-03,2026-10-28,COMMITTED,GK-052,PULLING_UNIT,2026-09-23T16:00:00Z,GENERATOR,gs://well-workover-intervention-data/landing/generator/2026/09/23/rig_calendar.parquet,BATCH-GELEKI-20260923-V1
RIG-ASSAM-03,2026-10-29,AVAILABLE,,PULLING_UNIT,2026-09-23T16:00:00Z,GENERATOR,gs://well-workover-intervention-data/landing/generator/2026/09/23/rig_calendar.parquet,BATCH-GELEKI-20260923-V1
RIG-ASSAM-03,2026-10-30,COMMITTED,GK-128,PULLING_UNIT,2026-09-23T16:00:00Z,GENERATOR,gs://well-workover-intervention-data/landing/generator/2026/09/23/rig_calendar.parquet,BATCH-GELEKI-20260923-V1
RIG-ASSAM-03,2026-10-31,COMMITTED,GK-020,PULLING_UNIT,2026-09-23T16:00:00Z,GENERATOR,gs://well-workover-intervention-data/landing/generator/2026/09/23/rig_calendar.parquet,BATCH-GELEKI-20260923-V1
RIG-ASSAM-04,2026-09-01,COMMITTED,GK-079,PULLING_UNIT,2026-09-23T16:00:00Z,GENERATOR,gs://well-workover-intervention-data/landing/generator/2026/09/23/rig_calendar.parquet,BATCH-GELEKI-20260923-V1
RIG-ASSAM-04,2026-09-02,COMMITTED,GK-016,PULLING_UNIT,2026-09-23T16:00:00Z,GENERATOR,gs://well-workover-intervention-data/landing/generator/2026/09/23/rig_calendar.parquet,BATCH-GELEKI-20260923-V1
RIG-ASSAM-04,2026-09-03,AVAILABLE,,PULLING_UNIT,2026-09-23T16:00:00Z,GENERATOR,gs://well-workover-intervention-data/landing/generator/2026/09/23/rig_calendar.parquet,BATCH-GELEKI-20260923-V1
RIG-ASSAM-04,2026-09-04,AVAILABLE,,PULLING_UNIT,2026-09-23T16:00:00Z,GENERATOR,gs://well-workover-intervention-data/landing/generator/2026/09/23/rig_calendar.parquet,BATCH-GELEKI-20260923-V1
RIG-ASSAM-04,2026-09-05,COMMITTED,GK-040,PULLING_UNIT,2026-09-23T16:00:00Z,GENERATOR,gs://well-workover-intervention-data/landing/generator/2026/09/23/rig_calendar.parquet,BATCH-GELEKI-20260923-V1
RIG-ASSAM-04,2026-09-06,COMMITTED,GK-094,PULLING_UNIT,2026-09-23T16:00:00Z,GENERATOR,gs://well-workover-intervention-data/landing/generator/2026/09/23/rig_calendar.parquet,BATCH-GELEKI-20260923-V1
RIG-ASSAM-04,2026-09-07,AVAILABLE,,PULLING_UNIT,2026-09-23T16:00:00Z,GENERATOR,gs://well-workover-intervention-data/landing/generator/2026/09/23/rig_calendar.parquet,BATCH-GELEKI-20260923-V1
RIG-ASSAM-04,2026-09-08,AVAILABLE,,PULLING_UNIT,2026-09-23T16:00:00Z,GENERATOR,gs://well-workover-intervention-data/landing/generator/2026/09/23/rig_calendar.parquet,BATCH-GELEKI-20260923-V1
RIG-ASSAM-04,2026-09-09,MOVING,,PULLING_UNIT,2026-09-23T16:00:00Z,GENERATOR,gs://well-workover-intervention-data/landing/generator/2026/09/23/rig_calendar.parquet,BATCH-GELEKI-20260923-V1
RIG-ASSAM-04,2026-09-10,AVAILABLE,,PULLING_UNIT,2026-09-23T16:00:00Z,GENERATOR,gs://well-workover-intervention-data/landing/generator/2026/09/23/rig_calendar.parquet,BATCH-GELEKI-20260923-V1
RIG-ASSAM-04,2026-09-11,COMMITTED,GK-016,PULLING_UNIT,2026-09-23T16:00:00Z,GENERATOR,gs://well-workover-intervention-data/landing/generator/2026/09/23/rig_calendar.parquet,BATCH-GELEKI-20260923-V1
RIG-ASSAM-04,2026-09-12,COMMITTED,GK-131,PULLING_UNIT,2026-09-23T16:00:00Z,GENERATOR,gs://well-workover-intervention-data/landing/generator/2026/09/23/rig_calendar.parquet,BATCH-GELEKI-20260923-V1
RIG-ASSAM-04,2026-09-13,MAINTENANCE,,PULLING_UNIT,2026-09-23T16:00:00Z,GENERATOR,gs://well-workover-intervention-data/landing/generator/2026/09/23/rig_calendar.parquet,BATCH-GELEKI-20260923-V1
RIG-ASSAM-04,2026-09-14,COMMITTED,GK-034,PULLING_UNIT,2026-09-23T16:00:00Z,GENERATOR,gs://well-workover-intervention-data/landing/generator/2026/09/23/rig_calendar.parquet,BATCH-GELEKI-20260923-V1
RIG-ASSAM-04,2026-09-15,COMMITTED,GK-021,PULLING_UNIT,2026-09-23T16:00:00Z,GENERATOR,gs://well-workover-intervention-data/landing/generator/2026/09/23/rig_calendar.parquet,BATCH-GELEKI-20260923-V1
RIG-ASSAM-04,2026-09-16,COMMITTED,GK-078,PULLING_UNIT,2026-09-23T16:00:00Z,GENERATOR,gs://well-workover-intervention-data/landing/generator/2026/09/23/rig_calendar.parquet,BATCH-GELEKI-20260923-V1
RIG-ASSAM-04,2026-09-17,COMMITTED,GK-045,PULLING_UNIT,2026-09-23T16:00:00Z,GENERATOR,gs://well-workover-intervention-data/landing/generator/2026/09/23/rig_calendar.parquet,BATCH-GELEKI-20260923-V1
RIG-ASSAM-04,2026-09-18,AVAILABLE,,PULLING_UNIT,2026-09-23T16:00:00Z,GENERATOR,gs://well-workover-intervention-data/landing/generator/2026/09/23/rig_calendar.parquet,BATCH-GELEKI-20260923-V1
RIG-ASSAM-04,2026-09-19,COMMITTED,GK-115,PULLING_UNIT,2026-09-23T16:00:00Z,GENERATOR,gs://well-workover-intervention-data/landing/generator/2026/09/23/rig_calendar.parquet,BATCH-GELEKI-20260923-V1
RIG-ASSAM-04,2026-09-20,MAINTENANCE,,PULLING_UNIT,2026-09-23T16:00:00Z,GENERATOR,gs://well-workover-intervention-data/landing/generator/2026/09/23/rig_calendar.parquet,BATCH-GELEKI-20260923-V1
RIG-ASSAM-04,2026-09-21,COMMITTED,GK-029,PULLING_UNIT,2026-09-23T16:00:00Z,GENERATOR,gs://well-workover-intervention-data/landing/generator/2026/09/23/rig_calendar.parquet,BATCH-GELEKI-20260923-V1
RIG-ASSAM-04,2026-09-22,MAINTENANCE,,PULLING_UNIT,2026-09-23T16:00:00Z,GENERATOR,gs://well-workover-intervention-data/landing/generator/2026/09/23/rig_calendar.parquet,BATCH-GELEKI-20260923-V1
RIG-ASSAM-04,2026-09-23,COMMITTED,GK-042,PULLING_UNIT,2026-09-23T16:00:00Z,GENERATOR,gs://well-workover-intervention-data/landing/generator/2026/09/23/rig_calendar.parquet,BATCH-GELEKI-20260923-V1
RIG-ASSAM-04,2026-09-24,COMMITTED,GK-074,PULLING_UNIT,2026-09-23T16:00:00Z,GENERATOR,gs://well-workover-intervention-data/landing/generator/2026/09/23/rig_calendar.parquet,BATCH-GELEKI-20260923-V1
RIG-ASSAM-04,2026-09-25,MOVING,,PULLING_UNIT,2026-09-23T16:00:00Z,GENERATOR,gs://well-workover-intervention-data/landing/generator/2026/09/23/rig_calendar.parquet,BATCH-GELEKI-20260923-V1
RIG-ASSAM-04,2026-09-26,COMMITTED,GK-141,PULLING_UNIT,2026-09-23T16:00:00Z,GENERATOR,gs://well-workover-intervention-data/landing/generator/2026/09/23/rig_calendar.parquet,BATCH-GELEKI-20260923-V1
RIG-ASSAM-04,2026-09-27,MOVING,,PULLING_UNIT,2026-09-23T16:00:00Z,GENERATOR,gs://well-workover-intervention-data/landing/generator/2026/09/23/rig_calendar.parquet,BATCH-GELEKI-20260923-V1
RIG-ASSAM-04,2026-09-28,COMMITTED,GK-024,PULLING_UNIT,2026-09-23T16:00:00Z,GENERATOR,gs://well-workover-intervention-data/landing/generator/2026/09/23/rig_calendar.parquet,BATCH-GELEKI-20260923-V1
RIG-ASSAM-04,2026-09-29,COMMITTED,GK-007,PULLING_UNIT,2026-09-23T16:00:00Z,GENERATOR,gs://well-workover-intervention-data/landing/generator/2026/09/23/rig_calendar.parquet,BATCH-GELEKI-20260923-V1
RIG-ASSAM-04,2026-09-30,COMMITTED,GK-062,PULLING_UNIT,2026-09-23T16:00:00Z,GENERATOR,gs://well-workover-intervention-data/landing/generator/2026/09/23/rig_calendar.parquet,BATCH-GELEKI-20260923-V1
RIG-ASSAM-04,2026-10-01,MAINTENANCE,,PULLING_UNIT,2026-09-23T16:00:00Z,GENERATOR,gs://well-workover-intervention-data/landing/generator/2026/09/23/rig_calendar.parquet,BATCH-GELEKI-20260923-V1
RIG-ASSAM-04,2026-10-02,MAINTENANCE,,PULLING_UNIT,2026-09-23T16:00:00Z,GENERATOR,gs://well-workover-intervention-data/landing/generator/2026/09/23/rig_calendar.parquet,BATCH-GELEKI-20260923-V1
RIG-ASSAM-04,2026-10-03,COMMITTED,GK-127,PULLING_UNIT,2026-09-23T16:00:00Z,GENERATOR,gs://well-workover-intervention-data/landing/generator/2026/09/23/rig_calendar.parquet,BATCH-GELEKI-20260923-V1
RIG-ASSAM-04,2026-10-04,COMMITTED,GK-107,PULLING_UNIT,2026-09-23T16:00:00Z,GENERATOR,gs://well-workover-intervention-data/landing/generator/2026/09/23/rig_calendar.parquet,BATCH-GELEKI-20260923-V1
RIG-ASSAM-04,2026-10-05,AVAILABLE,,PULLING_UNIT,2026-09-23T16:00:00Z,GENERATOR,gs://well-workover-intervention-data/landing/generator/2026/09/23/rig_calendar.parquet,BATCH-GELEKI-20260923-V1
RIG-ASSAM-04,2026-10-06,MOVING,,PULLING_UNIT,2026-09-23T16:00:00Z,GENERATOR,gs://well-workover-intervention-data/landing/generator/2026/09/23/rig_calendar.parquet,BATCH-GELEKI-20260923-V1
RIG-ASSAM-04,2026-10-07,COMMITTED,GK-127,PULLING_UNIT,2026-09-23T16:00:00Z,GENERATOR,gs://well-workover-intervention-data/landing/generator/2026/09/23/rig_calendar.parquet,BATCH-GELEKI-20260923-V1
RIG-ASSAM-04,2026-10-08,COMMITTED,GK-074,PULLING_UNIT,2026-09-23T16:00:00Z,GENERATOR,gs://well-workover-intervention-data/landing/generator/2026/09/23/rig_calendar.parquet,BATCH-GELEKI-20260923-V1
RIG-ASSAM-04,2026-10-09,COMMITTED,GK-045,PULLING_UNIT,2026-09-23T16:00:00Z,GENERATOR,gs://well-workover-intervention-data/landing/generator/2026/09/23/rig_calendar.parquet,BATCH-GELEKI-20260923-V1
RIG-ASSAM-04,2026-10-10,COMMITTED,GK-110,PULLING_UNIT,2026-09-23T16:00:00Z,GENERATOR,gs://well-workover-intervention-data/landing/generator/2026/09/23/rig_calendar.parquet,BATCH-GELEKI-20260923-V1
RIG-ASSAM-04,2026-10-11,COMMITTED,GK-094,PULLING_UNIT,2026-09-23T16:00:00Z,GENERATOR,gs://well-workover-intervention-data/landing/generator/2026/09/23/rig_calendar.parquet,BATCH-GELEKI-20260923-V1
RIG-ASSAM-04,2026-10-12,COMMITTED,GK-054,PULLING_UNIT,2026-09-23T16:00:00Z,GENERATOR,gs://well-workover-intervention-data/landing/generator/2026/09/23/rig_calendar.parquet,BATCH-GELEKI-20260923-V1
RIG-ASSAM-04,2026-10-13,MOVING,,PULLING_UNIT,2026-09-23T16:00:00Z,GENERATOR,gs://well-workover-intervention-data/landing/generator/2026/09/23/rig_calendar.parquet,BATCH-GELEKI-20260923-V1
RIG-ASSAM-04,2026-10-14,COMMITTED,GK-105,PULLING_UNIT,2026-09-23T16:00:00Z,GENERATOR,gs://well-workover-intervention-data/landing/generator/2026/09/23/rig_calendar.parquet,BATCH-GELEKI-20260923-V1
RIG-ASSAM-04,2026-10-15,AVAILABLE,,PULLING_UNIT,2026-09-23T16:00:00Z,GENERATOR,gs://well-workover-intervention-data/landing/generator/2026/09/23/rig_calendar.parquet,BATCH-GELEKI-20260923-V1
RIG-ASSAM-04,2026-10-16,COMMITTED,GK-038,PULLING_UNIT,2026-09-23T16:00:00Z,GENERATOR,gs://well-workover-intervention-data/landing/generator/2026/09/23/rig_calendar.parquet,BATCH-GELEKI-20260923-V1
RIG-ASSAM-04,2026-10-17,COMMITTED,GK-134,PULLING_UNIT,2026-09-23T16:00:00Z,GENERATOR,gs://well-workover-intervention-data/landing/generator/2026/09/23/rig_calendar.parquet,BATCH-GELEKI-20260923-V1
RIG-ASSAM-04,2026-10-18,MOVING,,PULLING_UNIT,2026-09-23T16:00:00Z,GENERATOR,gs://well-workover-intervention-data/landing/generator/2026/09/23/rig_calendar.parquet,BATCH-GELEKI-20260923-V1
RIG-ASSAM-04,2026-10-19,COMMITTED,GK-005,PULLING_UNIT,2026-09-23T16:00:00Z,GENERATOR,gs://well-workover-intervention-data/landing/generator/2026/09/23/rig_calendar.parquet,BATCH-GELEKI-20260923-V1
RIG-ASSAM-04,2026-10-20,COMMITTED,GK-010,PULLING_UNIT,2026-09-23T16:00:00Z,GENERATOR,gs://well-workover-intervention-data/landing/generator/2026/09/23/rig_calendar.parquet,BATCH-GELEKI-20260923-V1
RIG-ASSAM-04,2026-10-21,AVAILABLE,,PULLING_UNIT,2026-09-23T16:00:00Z,GENERATOR,gs://well-workover-intervention-data/landing/generator/2026/09/23/rig_calendar.parquet,BATCH-GELEKI-20260923-V1
RIG-ASSAM-04,2026-10-22,MOVING,,PULLING_UNIT,2026-09-23T16:00:00Z,GENERATOR,gs://well-workover-intervention-data/landing/generator/2026/09/23/rig_calendar.parquet,BATCH-GELEKI-20260923-V1
RIG-ASSAM-04,2026-10-23,COMMITTED,GK-107,PULLING_UNIT,2026-09-23T16:00:00Z,GENERATOR,gs://well-workover-intervention-data/landing/generator/2026/09/23/rig_calendar.parquet,BATCH-GELEKI-20260923-V1
RIG-ASSAM-04,2026-10-24,COMMITTED,GK-053,PULLING_UNIT,2026-09-23T16:00:00Z,GENERATOR,gs://well-workover-intervention-data/landing/generator/2026/09/23/rig_calendar.parquet,BATCH-GELEKI-20260923-V1
RIG-ASSAM-04,2026-10-25,COMMITTED,GK-103,PULLING_UNIT,2026-09-23T16:00:00Z,GENERATOR,gs://well-workover-intervention-data/landing/generator/2026/09/23/rig_calendar.parquet,BATCH-GELEKI-20260923-V1
RIG-ASSAM-04,2026-10-26,MOVING,,PULLING_UNIT,2026-09-23T16:00:00Z,GENERATOR,gs://well-workover-intervention-data/landing/generator/2026/09/23/rig_calendar.parquet,BATCH-GELEKI-20260923-V1
RIG-ASSAM-04,2026-10-27,COMMITTED,GK-028,PULLING_UNIT,2026-09-23T16:00:00Z,GENERATOR,gs://well-workover-intervention-data/landing/generator/2026/09/23/rig_calendar.parquet,BATCH-GELEKI-20260923-V1
RIG-ASSAM-04,2026-10-28,COMMITTED,GK-045,PULLING_UNIT,2026-09-23T16:00:00Z,GENERATOR,gs://well-workover-intervention-data/landing/generator/2026/09/23/rig_calendar.parquet,BATCH-GELEKI-20260923-V1
RIG-ASSAM-04,2026-10-29,MAINTENANCE,,PULLING_UNIT,2026-09-23T16:00:00Z,GENERATOR,gs://well-workover-intervention-data/landing/generator/2026/09/23/rig_calendar.parquet,BATCH-GELEKI-20260923-V1
RIG-ASSAM-04,2026-10-30,AVAILABLE,,PULLING_UNIT,2026-09-23T16:00:00Z,GENERATOR,gs://well-workover-intervention-data/landing/generator/2026/09/23/rig_calendar.parquet,BATCH-GELEKI-20260923-V1
RIG-ASSAM-04,2026-10-31,COMMITTED,GK-138,PULLING_UNIT,2026-09-23T16:00:00Z,GENERATOR,gs://well-workover-intervention-data/landing/generator/2026/09/23/rig_calendar.parquet,BATCH-GELEKI-20260923-V1
RIG-ASSAM-05,2026-09-01,COMMITTED,GK-072,PULLING_UNIT,2026-09-23T16:00:00Z,GENERATOR,gs://well-workover-intervention-data/landing/generator/2026/09/23/rig_calendar.parquet,BATCH-GELEKI-20260923-V1
RIG-ASSAM-05,2026-09-02,COMMITTED,GK-021,PULLING_UNIT,2026-09-23T16:00:00Z,GENERATOR,gs://well-workover-intervention-data/landing/generator/2026/09/23/rig_calendar.parquet,BATCH-GELEKI-20260923-V1
RIG-ASSAM-05,2026-09-03,MOVING,,PULLING_UNIT,2026-09-23T16:00:00Z,GENERATOR,gs://well-workover-intervention-data/landing/generator/2026/09/23/rig_calendar.parquet,BATCH-GELEKI-20260923-V1
RIG-ASSAM-05,2026-09-04,COMMITTED,GK-025,PULLING_UNIT,2026-09-23T16:00:00Z,GENERATOR,gs://well-workover-intervention-data/landing/generator/2026/09/23/rig_calendar.parquet,BATCH-GELEKI-20260923-V1
RIG-ASSAM-05,2026-09-05,COMMITTED,GK-040,PULLING_UNIT,2026-09-23T16:00:00Z,GENERATOR,gs://well-workover-intervention-data/landing/generator/2026/09/23/rig_calendar.parquet,BATCH-GELEKI-20260923-V1
RIG-ASSAM-05,2026-09-06,COMMITTED,GK-003,PULLING_UNIT,2026-09-23T16:00:00Z,GENERATOR,gs://well-workover-intervention-data/landing/generator/2026/09/23/rig_calendar.parquet,BATCH-GELEKI-20260923-V1
RIG-ASSAM-05,2026-09-07,AVAILABLE,,PULLING_UNIT,2026-09-23T16:00:00Z,GENERATOR,gs://well-workover-intervention-data/landing/generator/2026/09/23/rig_calendar.parquet,BATCH-GELEKI-20260923-V1
RIG-ASSAM-05,2026-09-08,MAINTENANCE,,PULLING_UNIT,2026-09-23T16:00:00Z,GENERATOR,gs://well-workover-intervention-data/landing/generator/2026/09/23/rig_calendar.parquet,BATCH-GELEKI-20260923-V1
RIG-ASSAM-05,2026-09-09,COMMITTED,GK-043,PULLING_UNIT,2026-09-23T16:00:00Z,GENERATOR,gs://well-workover-intervention-data/landing/generator/2026/09/23/rig_calendar.parquet,BATCH-GELEKI-20260923-V1
RIG-ASSAM-05,2026-09-10,COMMITTED,GK-132,PULLING_UNIT,2026-09-23T16:00:00Z,GENERATOR,gs://well-workover-intervention-data/landing/generator/2026/09/23/rig_calendar.parquet,BATCH-GELEKI-20260923-V1
RIG-ASSAM-05,2026-09-11,AVAILABLE,,PULLING_UNIT,2026-09-23T16:00:00Z,GENERATOR,gs://well-workover-intervention-data/landing/generator/2026/09/23/rig_calendar.parquet,BATCH-GELEKI-20260923-V1
RIG-ASSAM-05,2026-09-12,AVAILABLE,,PULLING_UNIT,2026-09-23T16:00:00Z,GENERATOR,gs://well-workover-intervention-data/landing/generator/2026/09/23/rig_calendar.parquet,BATCH-GELEKI-20260923-V1
RIG-ASSAM-05,2026-09-13,COMMITTED,GK-060,PULLING_UNIT,2026-09-23T16:00:00Z,GENERATOR,gs://well-workover-intervention-data/landing/generator/2026/09/23/rig_calendar.parquet,BATCH-GELEKI-20260923-V1
RIG-ASSAM-05,2026-09-14,COMMITTED,GK-123,PULLING_UNIT,2026-09-23T16:00:00Z,GENERATOR,gs://well-workover-intervention-data/landing/generator/2026/09/23/rig_calendar.parquet,BATCH-GELEKI-20260923-V1
RIG-ASSAM-05,2026-09-15,AVAILABLE,,PULLING_UNIT,2026-09-23T16:00:00Z,GENERATOR,gs://well-workover-intervention-data/landing/generator/2026/09/23/rig_calendar.parquet,BATCH-GELEKI-20260923-V1
RIG-ASSAM-05,2026-09-16,COMMITTED,GK-102,PULLING_UNIT,2026-09-23T16:00:00Z,GENERATOR,gs://well-workover-intervention-data/landing/generator/2026/09/23/rig_calendar.parquet,BATCH-GELEKI-20260923-V1
RIG-ASSAM-05,2026-09-17,COMMITTED,GK-105,PULLING_UNIT,2026-09-23T16:00:00Z,GENERATOR,gs://well-workover-intervention-data/landing/generator/2026/09/23/rig_calendar.parquet,BATCH-GELEKI-20260923-V1
RIG-ASSAM-05,2026-09-18,AVAILABLE,,PULLING_UNIT,2026-09-23T16:00:00Z,GENERATOR,gs://well-workover-intervention-data/landing/generator/2026/09/23/rig_calendar.parquet,BATCH-GELEKI-20260923-V1
RIG-ASSAM-05,2026-09-19,COMMITTED,GK-062,PULLING_UNIT,2026-09-23T16:00:00Z,GENERATOR,gs://well-workover-intervention-data/landing/generator/2026/09/23/rig_calendar.parquet,BATCH-GELEKI-20260923-V1
RIG-ASSAM-05,2026-09-20,COMMITTED,GK-081,PULLING_UNIT,2026-09-23T16:00:00Z,GENERATOR,gs://well-workover-intervention-data/landing/generator/2026/09/23/rig_calendar.parquet,BATCH-GELEKI-20260923-V1
RIG-ASSAM-05,2026-09-21,MOVING,,PULLING_UNIT,2026-09-23T16:00:00Z,GENERATOR,gs://well-workover-intervention-data/landing/generator/2026/09/23/rig_calendar.parquet,BATCH-GELEKI-20260923-V1
RIG-ASSAM-05,2026-09-22,COMMITTED,GK-057,PULLING_UNIT,2026-09-23T16:00:00Z,GENERATOR,gs://well-workover-intervention-data/landing/generator/2026/09/23/rig_calendar.parquet,BATCH-GELEKI-20260923-V1
RIG-ASSAM-05,2026-09-23,MAINTENANCE,,PULLING_UNIT,2026-09-23T16:00:00Z,GENERATOR,gs://well-workover-intervention-data/landing/generator/2026/09/23/rig_calendar.parquet,BATCH-GELEKI-20260923-V1
RIG-ASSAM-05,2026-09-24,COMMITTED,GK-019,PULLING_UNIT,2026-09-23T16:00:00Z,GENERATOR,gs://well-workover-intervention-data/landing/generator/2026/09/23/rig_calendar.parquet,BATCH-GELEKI-20260923-V1
RIG-ASSAM-05,2026-09-25,COMMITTED,GK-073,PULLING_UNIT,2026-09-23T16:00:00Z,GENERATOR,gs://well-workover-intervention-data/landing/generator/2026/09/23/rig_calendar.parquet,BATCH-GELEKI-20260923-V1
RIG-ASSAM-05,2026-09-26,AVAILABLE,,PULLING_UNIT,2026-09-23T16:00:00Z,GENERATOR,gs://well-workover-intervention-data/landing/generator/2026/09/23/rig_calendar.parquet,BATCH-GELEKI-20260923-V1
RIG-ASSAM-05,2026-09-27,COMMITTED,GK-136,PULLING_UNIT,2026-09-23T16:00:00Z,GENERATOR,gs://well-workover-intervention-data/landing/generator/2026/09/23/rig_calendar.parquet,BATCH-GELEKI-20260923-V1
RIG-ASSAM-05,2026-09-28,COMMITTED,GK-041,PULLING_UNIT,2026-09-23T16:00:00Z,GENERATOR,gs://well-workover-intervention-data/landing/generator/2026/09/23/rig_calendar.parquet,BATCH-GELEKI-20260923-V1
RIG-ASSAM-05,2026-09-29,MAINTENANCE,,PULLING_UNIT,2026-09-23T16:00:00Z,GENERATOR,gs://well-workover-intervention-data/landing/generator/2026/09/23/rig_calendar.parquet,BATCH-GELEKI-20260923-V1
RIG-ASSAM-05,2026-09-30,MOVING,,PULLING_UNIT,2026-09-23T16:00:00Z,GENERATOR,gs://well-workover-intervention-data/landing/generator/2026/09/23/rig_calendar.parquet,BATCH-GELEKI-20260923-V1
RIG-ASSAM-05,2026-10-01,COMMITTED,GK-004,PULLING_UNIT,2026-09-23T16:00:00Z,GENERATOR,gs://well-workover-intervention-data/landing/generator/2026/09/23/rig_calendar.parquet,BATCH-GELEKI-20260923-V1
RIG-ASSAM-05,2026-10-02,COMMITTED,GK-079,PULLING_UNIT,2026-09-23T16:00:00Z,GENERATOR,gs://well-workover-intervention-data/landing/generator/2026/09/23/rig_calendar.parquet,BATCH-GELEKI-20260923-V1
RIG-ASSAM-05,2026-10-03,COMMITTED,GK-091,PULLING_UNIT,2026-09-23T16:00:00Z,GENERATOR,gs://well-workover-intervention-data/landing/generator/2026/09/23/rig_calendar.parquet,BATCH-GELEKI-20260923-V1
RIG-ASSAM-05,2026-10-04,AVAILABLE,,PULLING_UNIT,2026-09-23T16:00:00Z,GENERATOR,gs://well-workover-intervention-data/landing/generator/2026/09/23/rig_calendar.parquet,BATCH-GELEKI-20260923-V1
RIG-ASSAM-05,2026-10-05,COMMITTED,GK-103,PULLING_UNIT,2026-09-23T16:00:00Z,GENERATOR,gs://well-workover-intervention-data/landing/generator/2026/09/23/rig_calendar.parquet,BATCH-GELEKI-20260923-V1
RIG-ASSAM-05,2026-10-06,COMMITTED,GK-107,PULLING_UNIT,2026-09-23T16:00:00Z,GENERATOR,gs://well-workover-intervention-data/landing/generator/2026/09/23/rig_calendar.parquet,BATCH-GELEKI-20260923-V1
RIG-ASSAM-05,2026-10-07,COMMITTED,GK-001,PULLING_UNIT,2026-09-23T16:00:00Z,GENERATOR,gs://well-workover-intervention-data/landing/generator/2026/09/23/rig_calendar.parquet,BATCH-GELEKI-20260923-V1
RIG-ASSAM-05,2026-10-08,MAINTENANCE,,PULLING_UNIT,2026-09-23T16:00:00Z,GENERATOR,gs://well-workover-intervention-data/landing/generator/2026/09/23/rig_calendar.parquet,BATCH-GELEKI-20260923-V1
RIG-ASSAM-05,2026-10-09,COMMITTED,GK-085,PULLING_UNIT,2026-09-23T16:00:00Z,GENERATOR,gs://well-workover-intervention-data/landing/generator/2026/09/23/rig_calendar.parquet,BATCH-GELEKI-20260923-V1
RIG-ASSAM-05,2026-10-10,COMMITTED,GK-133,PULLING_UNIT,2026-09-23T16:00:00Z,GENERATOR,gs://well-workover-intervention-data/landing/generator/2026/09/23/rig_calendar.parquet,BATCH-GELEKI-20260923-V1
RIG-ASSAM-05,2026-10-11,AVAILABLE,,PULLING_UNIT,2026-09-23T16:00:00Z,GENERATOR,gs://well-workover-intervention-data/landing/generator/2026/09/23/rig_calendar.parquet,BATCH-GELEKI-20260923-V1
RIG-ASSAM-05,2026-10-12,AVAILABLE,,PULLING_UNIT,2026-09-23T16:00:00Z,GENERATOR,gs://well-workover-intervention-data/landing/generator/2026/09/23/rig_calendar.parquet,BATCH-GELEKI-20260923-V1
RIG-ASSAM-05,2026-10-13,COMMITTED,GK-067,PULLING_UNIT,2026-09-23T16:00:00Z,GENERATOR,gs://well-workover-intervention-data/landing/generator/2026/09/23/rig_calendar.parquet,BATCH-GELEKI-20260923-V1
RIG-ASSAM-05,2026-10-14,COMMITTED,GK-112,PULLING_UNIT,2026-09-23T16:00:00Z,GENERATOR,gs://well-workover-intervention-data/landing/generator/2026/09/23/rig_calendar.parquet,BATCH-GELEKI-20260923-V1
RIG-ASSAM-05,2026-10-15,AVAILABLE,,PULLING_UNIT,2026-09-23T16:00:00Z,GENERATOR,gs://well-workover-intervention-data/landing/generator/2026/09/23/rig_calendar.parquet,BATCH-GELEKI-20260923-V1
RIG-ASSAM-05,2026-10-16,COMMITTED,GK-095,PULLING_UNIT,2026-09-23T16:00:00Z,GENERATOR,gs://well-workover-intervention-data/landing/generator/2026/09/23/rig_calendar.parquet,BATCH-GELEKI-20260923-V1
RIG-ASSAM-05,2026-10-17,COMMITTED,GK-041,PULLING_UNIT,2026-09-23T16:00:00Z,GENERATOR,gs://well-workover-intervention-data/landing/generator/2026/09/23/rig_calendar.parquet,BATCH-GELEKI-20260923-V1
RIG-ASSAM-05,2026-10-18,AVAILABLE,,PULLING_UNIT,2026-09-23T16:00:00Z,GENERATOR,gs://well-workover-intervention-data/landing/generator/2026/09/23/rig_calendar.parquet,BATCH-GELEKI-20260923-V1
RIG-ASSAM-05,2026-10-19,COMMITTED,GK-114,PULLING_UNIT,2026-09-23T16:00:00Z,GENERATOR,gs://well-workover-intervention-data/landing/generator/2026/09/23/rig_calendar.parquet,BATCH-GELEKI-20260923-V1
RIG-ASSAM-05,2026-10-20,COMMITTED,GK-034,PULLING_UNIT,2026-09-23T16:00:00Z,GENERATOR,gs://well-workover-intervention-data/landing/generator/2026/09/23/rig_calendar.parquet,BATCH-GELEKI-20260923-V1
RIG-ASSAM-05,2026-10-21,COMMITTED,GK-076,PULLING_UNIT,2026-09-23T16:00:00Z,GENERATOR,gs://well-workover-intervention-data/landing/generator/2026/09/23/rig_calendar.parquet,BATCH-GELEKI-20260923-V1
RIG-ASSAM-05,2026-10-22,AVAILABLE,,PULLING_UNIT,2026-09-23T16:00:00Z,GENERATOR,gs://well-workover-intervention-data/landing/generator/2026/09/23/rig_calendar.parquet,BATCH-GELEKI-20260923-V1
RIG-ASSAM-05,2026-10-23,COMMITTED,GK-133,PULLING_UNIT,2026-09-23T16:00:00Z,GENERATOR,gs://well-workover-intervention-data/landing/generator/2026/09/23/rig_calendar.parquet,BATCH-GELEKI-20260923-V1
RIG-ASSAM-05,2026-10-24,MOVING,,PULLING_UNIT,2026-09-23T16:00:00Z,GENERATOR,gs://well-workover-intervention-data/landing/generator/2026/09/23/rig_calendar.parquet,BATCH-GELEKI-20260923-V1
RIG-ASSAM-05,2026-10-25,AVAILABLE,,PULLING_UNIT,2026-09-23T16:00:00Z,GENERATOR,gs://well-workover-intervention-data/landing/generator/2026/09/23/rig_calendar.parquet,BATCH-GELEKI-20260923-V1
RIG-ASSAM-05,2026-10-26,COMMITTED,GK-042,PULLING_UNIT,2026-09-23T16:00:00Z,GENERATOR,gs://well-workover-intervention-data/landing/generator/2026/09/23/rig_calendar.parquet,BATCH-GELEKI-20260923-V1
RIG-ASSAM-05,2026-10-27,COMMITTED,GK-017,PULLING_UNIT,2026-09-23T16:00:00Z,GENERATOR,gs://well-workover-intervention-data/landing/generator/2026/09/23/rig_calendar.parquet,BATCH-GELEKI-20260923-V1
RIG-ASSAM-05,2026-10-28,COMMITTED,GK-132,PULLING_UNIT,2026-09-23T16:00:00Z,GENERATOR,gs://well-workover-intervention-data/landing/generator/2026/09/23/rig_calendar.parquet,BATCH-GELEKI-20260923-V1
RIG-ASSAM-05,2026-10-29,COMMITTED,GK-017,PULLING_UNIT,2026-09-23T16:00:00Z,GENERATOR,gs://well-workover-intervention-data/landing/generator/2026/09/23/rig_calendar.parquet,BATCH-GELEKI-20260923-V1
RIG-ASSAM-05,2026-10-30,AVAILABLE,,PULLING_UNIT,2026-09-23T16:00:00Z,GENERATOR,gs://well-workover-intervention-data/landing/generator/2026/09/23/rig_calendar.parquet,BATCH-GELEKI-20260923-V1
RIG-ASSAM-05,2026-10-31,MAINTENANCE,,PULLING_UNIT,2026-09-23T16:00:00Z,GENERATOR,gs://well-workover-intervention-data/landing/generator/2026/09/23/rig_calendar.parquet,BATCH-GELEKI-20260923-V1
RIG-ASSAM-06,2026-09-01,MOVING,,CLASS_I,2026-09-23T16:00:00Z,GENERATOR,gs://well-workover-intervention-data/landing/generator/2026/09/23/rig_calendar.parquet,BATCH-GELEKI-20260923-V1
RIG-ASSAM-06,2026-09-02,COMMITTED,GK-065,CLASS_I,2026-09-23T16:00:00Z,GENERATOR,gs://well-workover-intervention-data/landing/generator/2026/09/23/rig_calendar.parquet,BATCH-GELEKI-20260923-V1
RIG-ASSAM-06,2026-09-03,COMMITTED,GK-036,CLASS_I,2026-09-23T16:00:00Z,GENERATOR,gs://well-workover-intervention-data/landing/generator/2026/09/23/rig_calendar.parquet,BATCH-GELEKI-20260923-V1
RIG-ASSAM-06,2026-09-04,COMMITTED,GK-034,CLASS_I,2026-09-23T16:00:00Z,GENERATOR,gs://well-workover-intervention-data/landing/generator/2026/09/23/rig_calendar.parquet,BATCH-GELEKI-20260923-V1
RIG-ASSAM-06,2026-09-05,MAINTENANCE,,CLASS_I,2026-09-23T16:00:00Z,GENERATOR,gs://well-workover-intervention-data/landing/generator/2026/09/23/rig_calendar.parquet,BATCH-GELEKI-20260923-V1
RIG-ASSAM-06,2026-09-06,AVAILABLE,,CLASS_I,2026-09-23T16:00:00Z,GENERATOR,gs://well-workover-intervention-data/landing/generator/2026/09/23/rig_calendar.parquet,BATCH-GELEKI-20260923-V1
RIG-ASSAM-06,2026-09-07,AVAILABLE,,CLASS_I,2026-09-23T16:00:00Z,GENERATOR,gs://well-workover-intervention-data/landing/generator/2026/09/23/rig_calendar.parquet,BATCH-GELEKI-20260923-V1
RIG-ASSAM-06,2026-09-08,AVAILABLE,,CLASS_I,2026-09-23T16:00:00Z,GENERATOR,gs://well-workover-intervention-data/landing/generator/2026/09/23/rig_calendar.parquet,BATCH-GELEKI-20260923-V1
RIG-ASSAM-06,2026-09-09,MAINTENANCE,,CLASS_I,2026-09-23T16:00:00Z,GENERATOR,gs://well-workover-intervention-data/landing/generator/2026/09/23/rig_calendar.parquet,BATCH-GELEKI-20260923-V1
RIG-ASSAM-06,2026-09-10,COMMITTED,GK-126,CLASS_I,2026-09-23T16:00:00Z,GENERATOR,gs://well-workover-intervention-data/landing/generator/2026/09/23/rig_calendar.parquet,BATCH-GELEKI-20260923-V1
RIG-ASSAM-06,2026-09-11,COMMITTED,GK-068,CLASS_I,2026-09-23T16:00:00Z,GENERATOR,gs://well-workover-intervention-data/landing/generator/2026/09/23/rig_calendar.parquet,BATCH-GELEKI-20260923-V1
RIG-ASSAM-06,2026-09-12,COMMITTED,GK-051,CLASS_I,2026-09-23T16:00:00Z,GENERATOR,gs://well-workover-intervention-data/landing/generator/2026/09/23/rig_calendar.parquet,BATCH-GELEKI-20260923-V1
RIG-ASSAM-06,2026-09-13,COMMITTED,GK-028,CLASS_I,2026-09-23T16:00:00Z,GENERATOR,gs://well-workover-intervention-data/landing/generator/2026/09/23/rig_calendar.parquet,BATCH-GELEKI-20260923-V1
RIG-ASSAM-06,2026-09-14,AVAILABLE,,CLASS_I,2026-09-23T16:00:00Z,GENERATOR,gs://well-workover-intervention-data/landing/generator/2026/09/23/rig_calendar.parquet,BATCH-GELEKI-20260923-V1
RIG-ASSAM-06,2026-09-15,COMMITTED,GK-045,CLASS_I,2026-09-23T16:00:00Z,GENERATOR,gs://well-workover-intervention-data/landing/generator/2026/09/23/rig_calendar.parquet,BATCH-GELEKI-20260923-V1
RIG-ASSAM-06,2026-09-16,MOVING,,CLASS_I,2026-09-23T16:00:00Z,GENERATOR,gs://well-workover-intervention-data/landing/generator/2026/09/23/rig_calendar.parquet,BATCH-GELEKI-20260923-V1
RIG-ASSAM-06,2026-09-17,COMMITTED,GK-130,CLASS_I,2026-09-23T16:00:00Z,GENERATOR,gs://well-workover-intervention-data/landing/generator/2026/09/23/rig_calendar.parquet,BATCH-GELEKI-20260923-V1
RIG-ASSAM-06,2026-09-18,MOVING,,CLASS_I,2026-09-23T16:00:00Z,GENERATOR,gs://well-workover-intervention-data/landing/generator/2026/09/23/rig_calendar.parquet,BATCH-GELEKI-20260923-V1
RIG-ASSAM-06,2026-09-19,COMMITTED,GK-024,CLASS_I,2026-09-23T16:00:00Z,GENERATOR,gs://well-workover-intervention-data/landing/generator/2026/09/23/rig_calendar.parquet,BATCH-GELEKI-20260923-V1
RIG-ASSAM-06,2026-09-20,COMMITTED,GK-041,CLASS_I,2026-09-23T16:00:00Z,GENERATOR,gs://well-workover-intervention-data/landing/generator/2026/09/23/rig_calendar.parquet,BATCH-GELEKI-20260923-V1
RIG-ASSAM-06,2026-09-21,COMMITTED,GK-022,CLASS_I,2026-09-23T16:00:00Z,GENERATOR,gs://well-workover-intervention-data/landing/generator/2026/09/23/rig_calendar.parquet,BATCH-GELEKI-20260923-V1
RIG-ASSAM-06,2026-09-22,COMMITTED,GK-017,CLASS_I,2026-09-23T16:00:00Z,GENERATOR,gs://well-workover-intervention-data/landing/generator/2026/09/23/rig_calendar.parquet,BATCH-GELEKI-20260923-V1
RIG-ASSAM-06,2026-09-23,COMMITTED,GK-004,CLASS_I,2026-09-23T16:00:00Z,GENERATOR,gs://well-workover-intervention-data/landing/generator/2026/09/23/rig_calendar.parquet,BATCH-GELEKI-20260923-V1
RIG-ASSAM-06,2026-09-24,AVAILABLE,,CLASS_I,2026-09-23T16:00:00Z,GENERATOR,gs://well-workover-intervention-data/landing/generator/2026/09/23/rig_calendar.parquet,BATCH-GELEKI-20260923-V1
RIG-ASSAM-06,2026-09-25,COMMITTED,GK-028,CLASS_I,2026-09-23T16:00:00Z,GENERATOR,gs://well-workover-intervention-data/landing/generator/2026/09/23/rig_calendar.parquet,BATCH-GELEKI-20260923-V1
RIG-ASSAM-06,2026-09-26,COMMITTED,GK-119,CLASS_I,2026-09-23T16:00:00Z,GENERATOR,gs://well-workover-intervention-data/landing/generator/2026/09/23/rig_calendar.parquet,BATCH-GELEKI-20260923-V1
RIG-ASSAM-06,2026-09-27,COMMITTED,GK-061,CLASS_I,2026-09-23T16:00:00Z,GENERATOR,gs://well-workover-intervention-data/landing/generator/2026/09/23/rig_calendar.parquet,BATCH-GELEKI-20260923-V1
RIG-ASSAM-06,2026-09-28,COMMITTED,GK-074,CLASS_I,2026-09-23T16:00:00Z,GENERATOR,gs://well-workover-intervention-data/landing/generator/2026/09/23/rig_calendar.parquet,BATCH-GELEKI-20260923-V1
RIG-ASSAM-06,2026-09-29,AVAILABLE,,CLASS_I,2026-09-23T16:00:00Z,GENERATOR,gs://well-workover-intervention-data/landing/generator/2026/09/23/rig_calendar.parquet,BATCH-GELEKI-20260923-V1
RIG-ASSAM-06,2026-09-30,AVAILABLE,,CLASS_I,2026-09-23T16:00:00Z,GENERATOR,gs://well-workover-intervention-data/landing/generator/2026/09/23/rig_calendar.parquet,BATCH-GELEKI-20260923-V1
RIG-ASSAM-06,2026-10-01,COMMITTED,GK-118,CLASS_I,2026-09-23T16:00:00Z,GENERATOR,gs://well-workover-intervention-data/landing/generator/2026/09/23/rig_calendar.parquet,BATCH-GELEKI-20260923-V1
RIG-ASSAM-06,2026-10-02,COMMITTED,GK-140,CLASS_I,2026-09-23T16:00:00Z,GENERATOR,gs://well-workover-intervention-data/landing/generator/2026/09/23/rig_calendar.parquet,BATCH-GELEKI-20260923-V1
RIG-ASSAM-06,2026-10-03,COMMITTED,GK-105,CLASS_I,2026-09-23T16:00:00Z,GENERATOR,gs://well-workover-intervention-data/landing/generator/2026/09/23/rig_calendar.parquet,BATCH-GELEKI-20260923-V1
RIG-ASSAM-06,2026-10-04,MOVING,,CLASS_I,2026-09-23T16:00:00Z,GENERATOR,gs://well-workover-intervention-data/landing/generator/2026/09/23/rig_calendar.parquet,BATCH-GELEKI-20260923-V1
RIG-ASSAM-06,2026-10-05,AVAILABLE,,CLASS_I,2026-09-23T16:00:00Z,GENERATOR,gs://well-workover-intervention-data/landing/generator/2026/09/23/rig_calendar.parquet,BATCH-GELEKI-20260923-V1
RIG-ASSAM-06,2026-10-06,MOVING,,CLASS_I,2026-09-23T16:00:00Z,GENERATOR,gs://well-workover-intervention-data/landing/generator/2026/09/23/rig_calendar.parquet,BATCH-GELEKI-20260923-V1
RIG-ASSAM-06,2026-10-07,COMMITTED,GK-007,CLASS_I,2026-09-23T16:00:00Z,GENERATOR,gs://well-workover-intervention-data/landing/generator/2026/09/23/rig_calendar.parquet,BATCH-GELEKI-20260923-V1
RIG-ASSAM-06,2026-10-08,COMMITTED,GK-026,CLASS_I,2026-09-23T16:00:00Z,GENERATOR,gs://well-workover-intervention-data/landing/generator/2026/09/23/rig_calendar.parquet,BATCH-GELEKI-20260923-V1
RIG-ASSAM-06,2026-10-09,MOVING,,CLASS_I,2026-09-23T16:00:00Z,GENERATOR,gs://well-workover-intervention-data/landing/generator/2026/09/23/rig_calendar.parquet,BATCH-GELEKI-20260923-V1
RIG-ASSAM-06,2026-10-10,COMMITTED,GK-033,CLASS_I,2026-09-23T16:00:00Z,GENERATOR,gs://well-workover-intervention-data/landing/generator/2026/09/23/rig_calendar.parquet,BATCH-GELEKI-20260923-V1
RIG-ASSAM-06,2026-10-11,COMMITTED,GK-092,CLASS_I,2026-09-23T16:00:00Z,GENERATOR,gs://well-workover-intervention-data/landing/generator/2026/09/23/rig_calendar.parquet,BATCH-GELEKI-20260923-V1
RIG-ASSAM-06,2026-10-12,COMMITTED,GK-135,CLASS_I,2026-09-23T16:00:00Z,GENERATOR,gs://well-workover-intervention-data/landing/generator/2026/09/23/rig_calendar.parquet,BATCH-GELEKI-20260923-V1
RIG-ASSAM-06,2026-10-13,COMMITTED,GK-041,CLASS_I,2026-09-23T16:00:00Z,GENERATOR,gs://well-workover-intervention-data/landing/generator/2026/09/23/rig_calendar.parquet,BATCH-GELEKI-20260923-V1
RIG-ASSAM-06,2026-10-14,COMMITTED,GK-002,CLASS_I,2026-09-23T16:00:00Z,GENERATOR,gs://well-workover-intervention-data/landing/generator/2026/09/23/rig_calendar.parquet,BATCH-GELEKI-20260923-V1
RIG-ASSAM-06,2026-10-15,COMMITTED,GK-132,CLASS_I,2026-09-23T16:00:00Z,GENERATOR,gs://well-workover-intervention-data/landing/generator/2026/09/23/rig_calendar.parquet,BATCH-GELEKI-20260923-V1
RIG-ASSAM-06,2026-10-16,COMMITTED,GK-127,CLASS_I,2026-09-23T16:00:00Z,GENERATOR,gs://well-workover-intervention-data/landing/generator/2026/09/23/rig_calendar.parquet,BATCH-GELEKI-20260923-V1
RIG-ASSAM-06,2026-10-17,COMMITTED,GK-014,CLASS_I,2026-09-23T16:00:00Z,GENERATOR,gs://well-workover-intervention-data/landing/generator/2026/09/23/rig_calendar.parquet,BATCH-GELEKI-20260923-V1
RIG-ASSAM-06,2026-10-18,AVAILABLE,,CLASS_I,2026-09-23T16:00:00Z,GENERATOR,gs://well-workover-intervention-data/landing/generator/2026/09/23/rig_calendar.parquet,BATCH-GELEKI-20260923-V1
RIG-ASSAM-06,2026-10-19,COMMITTED,GK-008,CLASS_I,2026-09-23T16:00:00Z,GENERATOR,gs://well-workover-intervention-data/landing/generator/2026/09/23/rig_calendar.parquet,BATCH-GELEKI-20260923-V1
RIG-ASSAM-06,2026-10-20,COMMITTED,GK-132,CLASS_I,2026-09-23T16:00:00Z,GENERATOR,gs://well-workover-intervention-data/landing/generator/2026/09/23/rig_calendar.parquet,BATCH-GELEKI-20260923-V1
RIG-ASSAM-06,2026-10-21,AVAILABLE,,CLASS_I,2026-09-23T16:00:00Z,GENERATOR,gs://well-workover-intervention-data/landing/generator/2026/09/23/rig_calendar.parquet,BATCH-GELEKI-20260923-V1
RIG-ASSAM-06,2026-10-22,COMMITTED,GK-119,CLASS_I,2026-09-23T16:00:00Z,GENERATOR,gs://well-workover-intervention-data/landing/generator/2026/09/23/rig_calendar.parquet,BATCH-GELEKI-20260923-V1
RIG-ASSAM-06,2026-10-23,AVAILABLE,,CLASS_I,2026-09-23T16:00:00Z,GENERATOR,gs://well-workover-intervention-data/landing/generator/2026/09/23/rig_calendar.parquet,BATCH-GELEKI-20260923-V1
RIG-ASSAM-06,2026-10-24,AVAILABLE,,CLASS_I,2026-09-23T16:00:00Z,GENERATOR,gs://well-workover-intervention-data/landing/generator/2026/09/23/rig_calendar.parquet,BATCH-GELEKI-20260923-V1
RIG-ASSAM-06,2026-10-25,MOVING,,CLASS_I,2026-09-23T16:00:00Z,GENERATOR,gs://well-workover-intervention-data/landing/generator/2026/09/23/rig_calendar.parquet,BATCH-GELEKI-20260923-V1
RIG-ASSAM-06,2026-10-26,COMMITTED,GK-140,CLASS_I,2026-09-23T16:00:00Z,GENERATOR,gs://well-workover-intervention-data/landing/generator/2026/09/23/rig_calendar.parquet,BATCH-GELEKI-20260923-V1
RIG-ASSAM-06,2026-10-27,COMMITTED,GK-114,CLASS_I,2026-09-23T16:00:00Z,GENERATOR,gs://well-workover-intervention-data/landing/generator/2026/09/23/rig_calendar.parquet,BATCH-GELEKI-20260923-V1
RIG-ASSAM-06,2026-10-28,COMMITTED,GK-111,CLASS_I,2026-09-23T16:00:00Z,GENERATOR,gs://well-workover-intervention-data/landing/generator/2026/09/23/rig_calendar.parquet,BATCH-GELEKI-20260923-V1
RIG-ASSAM-06,2026-10-29,COMMITTED,GK-092,CLASS_I,2026-09-23T16:00:00Z,GENERATOR,gs://well-workover-intervention-data/landing/generator/2026/09/23/rig_calendar.parquet,BATCH-GELEKI-20260923-V1
RIG-ASSAM-06,2026-10-30,COMMITTED,GK-111,CLASS_I,2026-09-23T16:00:00Z,GENERATOR,gs://well-workover-intervention-data/landing/generator/2026/09/23/rig_calendar.parquet,BATCH-GELEKI-20260923-V1
RIG-ASSAM-06,2026-10-31,AVAILABLE,,CLASS_I,2026-09-23T16:00:00Z,GENERATOR,gs://well-workover-intervention-data/landing/generator/2026/09/23/rig_calendar.parquet,BATCH-GELEKI-20260923-V1
RIG-ASSAM-07,2026-09-01,COMMITTED,GK-118,CLASS_I,2026-09-23T16:00:00Z,GENERATOR,gs://well-workover-intervention-data/landing/generator/2026/09/23/rig_calendar.parquet,BATCH-GELEKI-20260923-V1
RIG-ASSAM-07,2026-09-02,COMMITTED,GK-046,CLASS_I,2026-09-23T16:00:00Z,GENERATOR,gs://well-workover-intervention-data/landing/generator/2026/09/23/rig_calendar.parquet,BATCH-GELEKI-20260923-V1
RIG-ASSAM-07,2026-09-03,COMMITTED,GK-138,CLASS_I,2026-09-23T16:00:00Z,GENERATOR,gs://well-workover-intervention-data/landing/generator/2026/09/23/rig_calendar.parquet,BATCH-GELEKI-20260923-V1
RIG-ASSAM-07,2026-09-04,MOVING,,CLASS_I,2026-09-23T16:00:00Z,GENERATOR,gs://well-workover-intervention-data/landing/generator/2026/09/23/rig_calendar.parquet,BATCH-GELEKI-20260923-V1
RIG-ASSAM-07,2026-09-05,AVAILABLE,,CLASS_I,2026-09-23T16:00:00Z,GENERATOR,gs://well-workover-intervention-data/landing/generator/2026/09/23/rig_calendar.parquet,BATCH-GELEKI-20260923-V1
RIG-ASSAM-07,2026-09-06,COMMITTED,GK-112,CLASS_I,2026-09-23T16:00:00Z,GENERATOR,gs://well-workover-intervention-data/landing/generator/2026/09/23/rig_calendar.parquet,BATCH-GELEKI-20260923-V1
RIG-ASSAM-07,2026-09-07,COMMITTED,GK-098,CLASS_I,2026-09-23T16:00:00Z,GENERATOR,gs://well-workover-intervention-data/landing/generator/2026/09/23/rig_calendar.parquet,BATCH-GELEKI-20260923-V1
RIG-ASSAM-07,2026-09-08,COMMITTED,GK-036,CLASS_I,2026-09-23T16:00:00Z,GENERATOR,gs://well-workover-intervention-data/landing/generator/2026/09/23/rig_calendar.parquet,BATCH-GELEKI-20260923-V1
RIG-ASSAM-07,2026-09-09,COMMITTED,GK-009,CLASS_I,2026-09-23T16:00:00Z,GENERATOR,gs://well-workover-intervention-data/landing/generator/2026/09/23/rig_calendar.parquet,BATCH-GELEKI-20260923-V1
RIG-ASSAM-07,2026-09-10,COMMITTED,GK-062,CLASS_I,2026-09-23T16:00:00Z,GENERATOR,gs://well-workover-intervention-data/landing/generator/2026/09/23/rig_calendar.parquet,BATCH-GELEKI-20260923-V1
RIG-ASSAM-07,2026-09-11,COMMITTED,GK-024,CLASS_I,2026-09-23T16:00:00Z,GENERATOR,gs://well-workover-intervention-data/landing/generator/2026/09/23/rig_calendar.parquet,BATCH-GELEKI-20260923-V1
RIG-ASSAM-07,2026-09-12,COMMITTED,GK-086,CLASS_I,2026-09-23T16:00:00Z,GENERATOR,gs://well-workover-intervention-data/landing/generator/2026/09/23/rig_calendar.parquet,BATCH-GELEKI-20260923-V1
RIG-ASSAM-07,2026-09-13,COMMITTED,GK-049,CLASS_I,2026-09-23T16:00:00Z,GENERATOR,gs://well-workover-intervention-data/landing/generator/2026/09/23/rig_calendar.parquet,BATCH-GELEKI-20260923-V1
RIG-ASSAM-07,2026-09-14,COMMITTED,GK-072,CLASS_I,2026-09-23T16:00:00Z,GENERATOR,gs://well-workover-intervention-data/landing/generator/2026/09/23/rig_calendar.parquet,BATCH-GELEKI-20260923-V1
RIG-ASSAM-07,2026-09-15,COMMITTED,GK-105,CLASS_I,2026-09-23T16:00:00Z,GENERATOR,gs://well-workover-intervention-data/landing/generator/2026/09/23/rig_calendar.parquet,BATCH-GELEKI-20260923-V1
RIG-ASSAM-07,2026-09-16,COMMITTED,GK-062,CLASS_I,2026-09-23T16:00:00Z,GENERATOR,gs://well-workover-intervention-data/landing/generator/2026/09/23/rig_calendar.parquet,BATCH-GELEKI-20260923-V1
RIG-ASSAM-07,2026-09-17,COMMITTED,GK-026,CLASS_I,2026-09-23T16:00:00Z,GENERATOR,gs://well-workover-intervention-data/landing/generator/2026/09/23/rig_calendar.parquet,BATCH-GELEKI-20260923-V1
RIG-ASSAM-07,2026-09-18,AVAILABLE,,CLASS_I,2026-09-23T16:00:00Z,GENERATOR,gs://well-workover-intervention-data/landing/generator/2026/09/23/rig_calendar.parquet,BATCH-GELEKI-20260923-V1
RIG-ASSAM-07,2026-09-19,COMMITTED,GK-043,CLASS_I,2026-09-23T16:00:00Z,GENERATOR,gs://well-workover-intervention-data/landing/generator/2026/09/23/rig_calendar.parquet,BATCH-GELEKI-20260923-V1
RIG-ASSAM-07,2026-09-20,AVAILABLE,,CLASS_I,2026-09-23T16:00:00Z,GENERATOR,gs://well-workover-intervention-data/landing/generator/2026/09/23/rig_calendar.parquet,BATCH-GELEKI-20260923-V1
RIG-ASSAM-07,2026-09-21,MOVING,,CLASS_I,2026-09-23T16:00:00Z,GENERATOR,gs://well-workover-intervention-data/landing/generator/2026/09/23/rig_calendar.parquet,BATCH-GELEKI-20260923-V1
RIG-ASSAM-07,2026-09-22,AVAILABLE,,CLASS_I,2026-09-23T16:00:00Z,GENERATOR,gs://well-workover-intervention-data/landing/generator/2026/09/23/rig_calendar.parquet,BATCH-GELEKI-20260923-V1
RIG-ASSAM-07,2026-09-23,MOVING,,CLASS_I,2026-09-23T16:00:00Z,GENERATOR,gs://well-workover-intervention-data/landing/generator/2026/09/23/rig_calendar.parquet,BATCH-GELEKI-20260923-V1
RIG-ASSAM-07,2026-09-24,MOVING,,CLASS_I,2026-09-23T16:00:00Z,GENERATOR,gs://well-workover-intervention-data/landing/generator/2026/09/23/rig_calendar.parquet,BATCH-GELEKI-20260923-V1
RIG-ASSAM-07,2026-09-25,COMMITTED,GK-110,CLASS_I,2026-09-23T16:00:00Z,GENERATOR,gs://well-workover-intervention-data/landing/generator/2026/09/23/rig_calendar.parquet,BATCH-GELEKI-20260923-V1
RIG-ASSAM-07,2026-09-26,COMMITTED,GK-066,CLASS_I,2026-09-23T16:00:00Z,GENERATOR,gs://well-workover-intervention-data/landing/generator/2026/09/23/rig_calendar.parquet,BATCH-GELEKI-20260923-V1
RIG-ASSAM-07,2026-09-27,COMMITTED,GK-137,CLASS_I,2026-09-23T16:00:00Z,GENERATOR,gs://well-workover-intervention-data/landing/generator/2026/09/23/rig_calendar.parquet,BATCH-GELEKI-20260923-V1
RIG-ASSAM-07,2026-09-28,AVAILABLE,,CLASS_I,2026-09-23T16:00:00Z,GENERATOR,gs://well-workover-intervention-data/landing/generator/2026/09/23/rig_calendar.parquet,BATCH-GELEKI-20260923-V1
RIG-ASSAM-07,2026-09-29,COMMITTED,GK-093,CLASS_I,2026-09-23T16:00:00Z,GENERATOR,gs://well-workover-intervention-data/landing/generator/2026/09/23/rig_calendar.parquet,BATCH-GELEKI-20260923-V1
RIG-ASSAM-07,2026-09-30,COMMITTED,GK-115,CLASS_I,2026-09-23T16:00:00Z,GENERATOR,gs://well-workover-intervention-data/landing/generator/2026/09/23/rig_calendar.parquet,BATCH-GELEKI-20260923-V1
RIG-ASSAM-07,2026-10-01,COMMITTED,GK-076,CLASS_I,2026-09-23T16:00:00Z,GENERATOR,gs://well-workover-intervention-data/landing/generator/2026/09/23/rig_calendar.parquet,BATCH-GELEKI-20260923-V1
RIG-ASSAM-07,2026-10-02,AVAILABLE,,CLASS_I,2026-09-23T16:00:00Z,GENERATOR,gs://well-workover-intervention-data/landing/generator/2026/09/23/rig_calendar.parquet,BATCH-GELEKI-20260923-V1
RIG-ASSAM-07,2026-10-03,COMMITTED,GK-011,CLASS_I,2026-09-23T16:00:00Z,GENERATOR,gs://well-workover-intervention-data/landing/generator/2026/09/23/rig_calendar.parquet,BATCH-GELEKI-20260923-V1
RIG-ASSAM-07,2026-10-04,COMMITTED,GK-026,CLASS_I,2026-09-23T16:00:00Z,GENERATOR,gs://well-workover-intervention-data/landing/generator/2026/09/23/rig_calendar.parquet,BATCH-GELEKI-20260923-V1
RIG-ASSAM-07,2026-10-05,AVAILABLE,,CLASS_I,2026-09-23T16:00:00Z,GENERATOR,gs://well-workover-intervention-data/landing/generator/2026/09/23/rig_calendar.parquet,BATCH-GELEKI-20260923-V1
RIG-ASSAM-07,2026-10-06,COMMITTED,GK-029,CLASS_I,2026-09-23T16:00:00Z,GENERATOR,gs://well-workover-intervention-data/landing/generator/2026/09/23/rig_calendar.parquet,BATCH-GELEKI-20260923-V1
RIG-ASSAM-07,2026-10-07,COMMITTED,GK-099,CLASS_I,2026-09-23T16:00:00Z,GENERATOR,gs://well-workover-intervention-data/landing/generator/2026/09/23/rig_calendar.parquet,BATCH-GELEKI-20260923-V1
RIG-ASSAM-07,2026-10-08,COMMITTED,GK-123,CLASS_I,2026-09-23T16:00:00Z,GENERATOR,gs://well-workover-intervention-data/landing/generator/2026/09/23/rig_calendar.parquet,BATCH-GELEKI-20260923-V1
RIG-ASSAM-07,2026-10-09,MOVING,,CLASS_I,2026-09-23T16:00:00Z,GENERATOR,gs://well-workover-intervention-data/landing/generator/2026/09/23/rig_calendar.parquet,BATCH-GELEKI-20260923-V1
RIG-ASSAM-07,2026-10-10,COMMITTED,GK-136,CLASS_I,2026-09-23T16:00:00Z,GENERATOR,gs://well-workover-intervention-data/landing/generator/2026/09/23/rig_calendar.parquet,BATCH-GELEKI-20260923-V1
RIG-ASSAM-07,2026-10-11,COMMITTED,GK-091,CLASS_I,2026-09-23T16:00:00Z,GENERATOR,gs://well-workover-intervention-data/landing/generator/2026/09/23/rig_calendar.parquet,BATCH-GELEKI-20260923-V1
RIG-ASSAM-07,2026-10-12,COMMITTED,GK-089,CLASS_I,2026-09-23T16:00:00Z,GENERATOR,gs://well-workover-intervention-data/landing/generator/2026/09/23/rig_calendar.parquet,BATCH-GELEKI-20260923-V1
RIG-ASSAM-07,2026-10-13,AVAILABLE,,CLASS_I,2026-09-23T16:00:00Z,GENERATOR,gs://well-workover-intervention-data/landing/generator/2026/09/23/rig_calendar.parquet,BATCH-GELEKI-20260923-V1
RIG-ASSAM-07,2026-10-14,COMMITTED,GK-012,CLASS_I,2026-09-23T16:00:00Z,GENERATOR,gs://well-workover-intervention-data/landing/generator/2026/09/23/rig_calendar.parquet,BATCH-GELEKI-20260923-V1
RIG-ASSAM-07,2026-10-15,COMMITTED,GK-133,CLASS_I,2026-09-23T16:00:00Z,GENERATOR,gs://well-workover-intervention-data/landing/generator/2026/09/23/rig_calendar.parquet,BATCH-GELEKI-20260923-V1
RIG-ASSAM-07,2026-10-16,AVAILABLE,,CLASS_I,2026-09-23T16:00:00Z,GENERATOR,gs://well-workover-intervention-data/landing/generator/2026/09/23/rig_calendar.parquet,BATCH-GELEKI-20260923-V1
RIG-ASSAM-07,2026-10-17,COMMITTED,GK-137,CLASS_I,2026-09-23T16:00:00Z,GENERATOR,gs://well-workover-intervention-data/landing/generator/2026/09/23/rig_calendar.parquet,BATCH-GELEKI-20260923-V1
RIG-ASSAM-07,2026-10-18,MAINTENANCE,,CLASS_I,2026-09-23T16:00:00Z,GENERATOR,gs://well-workover-intervention-data/landing/generator/2026/09/23/rig_calendar.parquet,BATCH-GELEKI-20260923-V1
RIG-ASSAM-07,2026-10-19,COMMITTED,GK-114,CLASS_I,2026-09-23T16:00:00Z,GENERATOR,gs://well-workover-intervention-data/landing/generator/2026/09/23/rig_calendar.parquet,BATCH-GELEKI-20260923-V1
RIG-ASSAM-07,2026-10-20,COMMITTED,GK-085,CLASS_I,2026-09-23T16:00:00Z,GENERATOR,gs://well-workover-intervention-data/landing/generator/2026/09/23/rig_calendar.parquet,BATCH-GELEKI-20260923-V1
RIG-ASSAM-07,2026-10-21,COMMITTED,GK-112,CLASS_I,2026-09-23T16:00:00Z,GENERATOR,gs://well-workover-intervention-data/landing/generator/2026/09/23/rig_calendar.parquet,BATCH-GELEKI-20260923-V1
RIG-ASSAM-07,2026-10-22,MAINTENANCE,,CLASS_I,2026-09-23T16:00:00Z,GENERATOR,gs://well-workover-intervention-data/landing/generator/2026/09/23/rig_calendar.parquet,BATCH-GELEKI-20260923-V1
RIG-ASSAM-07,2026-10-23,AVAILABLE,,CLASS_I,2026-09-23T16:00:00Z,GENERATOR,gs://well-workover-intervention-data/landing/generator/2026/09/23/rig_calendar.parquet,BATCH-GELEKI-20260923-V1
RIG-ASSAM-07,2026-10-24,MOVING,,CLASS_I,2026-09-23T16:00:00Z,GENERATOR,gs://well-workover-intervention-data/landing/generator/2026/09/23/rig_calendar.parquet,BATCH-GELEKI-20260923-V1
RIG-ASSAM-07,2026-10-25,MOVING,,CLASS_I,2026-09-23T16:00:00Z,GENERATOR,gs://well-workover-intervention-data/landing/generator/2026/09/23/rig_calendar.parquet,BATCH-GELEKI-20260923-V1
RIG-ASSAM-07,2026-10-26,COMMITTED,GK-036,CLASS_I,2026-09-23T16:00:00Z,GENERATOR,gs://well-workover-intervention-data/landing/generator/2026/09/23/rig_calendar.parquet,BATCH-GELEKI-20260923-V1
RIG-ASSAM-07,2026-10-27,AVAILABLE,,CLASS_I,2026-09-23T16:00:00Z,GENERATOR,gs://well-workover-intervention-data/landing/generator/2026/09/23/rig_calendar.parquet,BATCH-GELEKI-20260923-V1
RIG-ASSAM-07,2026-10-28,COMMITTED,GK-008,CLASS_I,2026-09-23T16:00:00Z,GENERATOR,gs://well-workover-intervention-data/landing/generator/2026/09/23/rig_calendar.parquet,BATCH-GELEKI-20260923-V1
RIG-ASSAM-07,2026-10-29,COMMITTED,GK-074,CLASS_I,2026-09-23T16:00:00Z,GENERATOR,gs://well-workover-intervention-data/landing/generator/2026/09/23/rig_calendar.parquet,BATCH-GELEKI-20260923-V1
RIG-ASSAM-07,2026-10-30,COMMITTED,GK-024,CLASS_I,2026-09-23T16:00:00Z,GENERATOR,gs://well-workover-intervention-data/landing/generator/2026/09/23/rig_calendar.parquet,BATCH-GELEKI-20260923-V1
RIG-ASSAM-07,2026-10-31,COMMITTED,GK-019,CLASS_I,2026-09-23T16:00:00Z,GENERATOR,gs://well-workover-intervention-data/landing/generator/2026/09/23/rig_calendar.parquet,BATCH-GELEKI-20260923-V1
RIG-ASSAM-08,2026-09-01,COMMITTED,GK-002,CLASS_I,2026-09-23T16:00:00Z,GENERATOR,gs://well-workover-intervention-data/landing/generator/2026/09/23/rig_calendar.parquet,BATCH-GELEKI-20260923-V1
RIG-ASSAM-08,2026-09-02,COMMITTED,GK-068,CLASS_I,2026-09-23T16:00:00Z,GENERATOR,gs://well-workover-intervention-data/landing/generator/2026/09/23/rig_calendar.parquet,BATCH-GELEKI-20260923-V1
RIG-ASSAM-08,2026-09-03,COMMITTED,GK-097,CLASS_I,2026-09-23T16:00:00Z,GENERATOR,gs://well-workover-intervention-data/landing/generator/2026/09/23/rig_calendar.parquet,BATCH-GELEKI-20260923-V1
RIG-ASSAM-08,2026-09-04,COMMITTED,GK-104,CLASS_I,2026-09-23T16:00:00Z,GENERATOR,gs://well-workover-intervention-data/landing/generator/2026/09/23/rig_calendar.parquet,BATCH-GELEKI-20260923-V1
RIG-ASSAM-08,2026-09-05,AVAILABLE,,CLASS_I,2026-09-23T16:00:00Z,GENERATOR,gs://well-workover-intervention-data/landing/generator/2026/09/23/rig_calendar.parquet,BATCH-GELEKI-20260923-V1
RIG-ASSAM-08,2026-09-06,MOVING,,CLASS_I,2026-09-23T16:00:00Z,GENERATOR,gs://well-workover-intervention-data/landing/generator/2026/09/23/rig_calendar.parquet,BATCH-GELEKI-20260923-V1
RIG-ASSAM-08,2026-09-07,AVAILABLE,,CLASS_I,2026-09-23T16:00:00Z,GENERATOR,gs://well-workover-intervention-data/landing/generator/2026/09/23/rig_calendar.parquet,BATCH-GELEKI-20260923-V1
RIG-ASSAM-08,2026-09-08,COMMITTED,GK-070,CLASS_I,2026-09-23T16:00:00Z,GENERATOR,gs://well-workover-intervention-data/landing/generator/2026/09/23/rig_calendar.parquet,BATCH-GELEKI-20260923-V1
RIG-ASSAM-08,2026-09-09,COMMITTED,GK-086,CLASS_I,2026-09-23T16:00:00Z,GENERATOR,gs://well-workover-intervention-data/landing/generator/2026/09/23/rig_calendar.parquet,BATCH-GELEKI-20260923-V1
RIG-ASSAM-08,2026-09-10,COMMITTED,GK-133,CLASS_I,2026-09-23T16:00:00Z,GENERATOR,gs://well-workover-intervention-data/landing/generator/2026/09/23/rig_calendar.parquet,BATCH-GELEKI-20260923-V1
RIG-ASSAM-08,2026-09-11,AVAILABLE,,CLASS_I,2026-09-23T16:00:00Z,GENERATOR,gs://well-workover-intervention-data/landing/generator/2026/09/23/rig_calendar.parquet,BATCH-GELEKI-20260923-V1
RIG-ASSAM-08,2026-09-12,COMMITTED,GK-112,CLASS_I,2026-09-23T16:00:00Z,GENERATOR,gs://well-workover-intervention-data/landing/generator/2026/09/23/rig_calendar.parquet,BATCH-GELEKI-20260923-V1
RIG-ASSAM-08,2026-09-13,COMMITTED,GK-103,CLASS_I,2026-09-23T16:00:00Z,GENERATOR,gs://well-workover-intervention-data/landing/generator/2026/09/23/rig_calendar.parquet,BATCH-GELEKI-20260923-V1
RIG-ASSAM-08,2026-09-14,COMMITTED,GK-070,CLASS_I,2026-09-23T16:00:00Z,GENERATOR,gs://well-workover-intervention-data/landing/generator/2026/09/23/rig_calendar.parquet,BATCH-GELEKI-20260923-V1
RIG-ASSAM-08,2026-09-15,AVAILABLE,,CLASS_I,2026-09-23T16:00:00Z,GENERATOR,gs://well-workover-intervention-data/landing/generator/2026/09/23/rig_calendar.parquet,BATCH-GELEKI-20260923-V1
RIG-ASSAM-08,2026-09-16,AVAILABLE,,CLASS_I,2026-09-23T16:00:00Z,GENERATOR,gs://well-workover-intervention-data/landing/generator/2026/09/23/rig_calendar.parquet,BATCH-GELEKI-20260923-V1
RIG-ASSAM-08,2026-09-17,COMMITTED,GK-131,CLASS_I,2026-09-23T16:00:00Z,GENERATOR,gs://well-workover-intervention-data/landing/generator/2026/09/23/rig_calendar.parquet,BATCH-GELEKI-20260923-V1
RIG-ASSAM-08,2026-09-18,AVAILABLE,,CLASS_I,2026-09-23T16:00:00Z,GENERATOR,gs://well-workover-intervention-data/landing/generator/2026/09/23/rig_calendar.parquet,BATCH-GELEKI-20260923-V1
RIG-ASSAM-08,2026-09-19,COMMITTED,GK-096,CLASS_I,2026-09-23T16:00:00Z,GENERATOR,gs://well-workover-intervention-data/landing/generator/2026/09/23/rig_calendar.parquet,BATCH-GELEKI-20260923-V1
RIG-ASSAM-08,2026-09-20,AVAILABLE,,CLASS_I,2026-09-23T16:00:00Z,GENERATOR,gs://well-workover-intervention-data/landing/generator/2026/09/23/rig_calendar.parquet,BATCH-GELEKI-20260923-V1
RIG-ASSAM-08,2026-09-21,COMMITTED,GK-105,CLASS_I,2026-09-23T16:00:00Z,GENERATOR,gs://well-workover-intervention-data/landing/generator/2026/09/23/rig_calendar.parquet,BATCH-GELEKI-20260923-V1
RIG-ASSAM-08,2026-09-22,MOVING,,CLASS_I,2026-09-23T16:00:00Z,GENERATOR,gs://well-workover-intervention-data/landing/generator/2026/09/23/rig_calendar.parquet,BATCH-GELEKI-20260923-V1
RIG-ASSAM-08,2026-09-23,AVAILABLE,,CLASS_I,2026-09-23T16:00:00Z,GENERATOR,gs://well-workover-intervention-data/landing/generator/2026/09/23/rig_calendar.parquet,BATCH-GELEKI-20260923-V1
RIG-ASSAM-08,2026-09-24,AVAILABLE,,CLASS_I,2026-09-23T16:00:00Z,GENERATOR,gs://well-workover-intervention-data/landing/generator/2026/09/23/rig_calendar.parquet,BATCH-GELEKI-20260923-V1
RIG-ASSAM-08,2026-09-25,COMMITTED,GK-039,CLASS_I,2026-09-23T16:00:00Z,GENERATOR,gs://well-workover-intervention-data/landing/generator/2026/09/23/rig_calendar.parquet,BATCH-GELEKI-20260923-V1
RIG-ASSAM-08,2026-09-26,AVAILABLE,,CLASS_I,2026-09-23T16:00:00Z,GENERATOR,gs://well-workover-intervention-data/landing/generator/2026/09/23/rig_calendar.parquet,BATCH-GELEKI-20260923-V1
RIG-ASSAM-08,2026-09-27,COMMITTED,GK-076,CLASS_I,2026-09-23T16:00:00Z,GENERATOR,gs://well-workover-intervention-data/landing/generator/2026/09/23/rig_calendar.parquet,BATCH-GELEKI-20260923-V1
RIG-ASSAM-08,2026-09-28,COMMITTED,GK-045,CLASS_I,2026-09-23T16:00:00Z,GENERATOR,gs://well-workover-intervention-data/landing/generator/2026/09/23/rig_calendar.parquet,BATCH-GELEKI-20260923-V1
RIG-ASSAM-08,2026-09-29,COMMITTED,GK-137,CLASS_I,2026-09-23T16:00:00Z,GENERATOR,gs://well-workover-intervention-data/landing/generator/2026/09/23/rig_calendar.parquet,BATCH-GELEKI-20260923-V1
RIG-ASSAM-08,2026-09-30,COMMITTED,GK-013,CLASS_I,2026-09-23T16:00:00Z,GENERATOR,gs://well-workover-intervention-data/landing/generator/2026/09/23/rig_calendar.parquet,BATCH-GELEKI-20260923-V1
RIG-ASSAM-08,2026-10-01,MOVING,,CLASS_I,2026-09-23T16:00:00Z,GENERATOR,gs://well-workover-intervention-data/landing/generator/2026/09/23/rig_calendar.parquet,BATCH-GELEKI-20260923-V1
RIG-ASSAM-08,2026-10-02,COMMITTED,GK-063,CLASS_I,2026-09-23T16:00:00Z,GENERATOR,gs://well-workover-intervention-data/landing/generator/2026/09/23/rig_calendar.parquet,BATCH-GELEKI-20260923-V1
RIG-ASSAM-08,2026-10-03,AVAILABLE,,CLASS_I,2026-09-23T16:00:00Z,GENERATOR,gs://well-workover-intervention-data/landing/generator/2026/09/23/rig_calendar.parquet,BATCH-GELEKI-20260923-V1
RIG-ASSAM-08,2026-10-04,COMMITTED,GK-019,CLASS_I,2026-09-23T16:00:00Z,GENERATOR,gs://well-workover-intervention-data/landing/generator/2026/09/23/rig_calendar.parquet,BATCH-GELEKI-20260923-V1
RIG-ASSAM-08,2026-10-05,AVAILABLE,,CLASS_I,2026-09-23T16:00:00Z,GENERATOR,gs://well-workover-intervention-data/landing/generator/2026/09/23/rig_calendar.parquet,BATCH-GELEKI-20260923-V1
RIG-ASSAM-08,2026-10-06,COMMITTED,GK-079,CLASS_I,2026-09-23T16:00:00Z,GENERATOR,gs://well-workover-intervention-data/landing/generator/2026/09/23/rig_calendar.parquet,BATCH-GELEKI-20260923-V1
RIG-ASSAM-08,2026-10-07,MOVING,,CLASS_I,2026-09-23T16:00:00Z,GENERATOR,gs://well-workover-intervention-data/landing/generator/2026/09/23/rig_calendar.parquet,BATCH-GELEKI-20260923-V1
RIG-ASSAM-08,2026-10-08,MOVING,,CLASS_I,2026-09-23T16:00:00Z,GENERATOR,gs://well-workover-intervention-data/landing/generator/2026/09/23/rig_calendar.parquet,BATCH-GELEKI-20260923-V1
RIG-ASSAM-08,2026-10-09,COMMITTED,GK-111,CLASS_I,2026-09-23T16:00:00Z,GENERATOR,gs://well-workover-intervention-data/landing/generator/2026/09/23/rig_calendar.parquet,BATCH-GELEKI-20260923-V1
RIG-ASSAM-08,2026-10-10,COMMITTED,GK-069,CLASS_I,2026-09-23T16:00:00Z,GENERATOR,gs://well-workover-intervention-data/landing/generator/2026/09/23/rig_calendar.parquet,BATCH-GELEKI-20260923-V1
RIG-ASSAM-08,2026-10-11,COMMITTED,GK-054,CLASS_I,2026-09-23T16:00:00Z,GENERATOR,gs://well-workover-intervention-data/landing/generator/2026/09/23/rig_calendar.parquet,BATCH-GELEKI-20260923-V1
RIG-ASSAM-08,2026-10-12,AVAILABLE,,CLASS_I,2026-09-23T16:00:00Z,GENERATOR,gs://well-workover-intervention-data/landing/generator/2026/09/23/rig_calendar.parquet,BATCH-GELEKI-20260923-V1
RIG-ASSAM-08,2026-10-13,MAINTENANCE,,CLASS_I,2026-09-23T16:00:00Z,GENERATOR,gs://well-workover-intervention-data/landing/generator/2026/09/23/rig_calendar.parquet,BATCH-GELEKI-20260923-V1
RIG-ASSAM-08,2026-10-14,COMMITTED,GK-102,CLASS_I,2026-09-23T16:00:00Z,GENERATOR,gs://well-workover-intervention-data/landing/generator/2026/09/23/rig_calendar.parquet,BATCH-GELEKI-20260923-V1
RIG-ASSAM-08,2026-10-15,AVAILABLE,,CLASS_I,2026-09-23T16:00:00Z,GENERATOR,gs://well-workover-intervention-data/landing/generator/2026/09/23/rig_calendar.parquet,BATCH-GELEKI-20260923-V1
RIG-ASSAM-08,2026-10-16,MAINTENANCE,,CLASS_I,2026-09-23T16:00:00Z,GENERATOR,gs://well-workover-intervention-data/landing/generator/2026/09/23/rig_calendar.parquet,BATCH-GELEKI-20260923-V1
RIG-ASSAM-08,2026-10-17,COMMITTED,GK-017,CLASS_I,2026-09-23T16:00:00Z,GENERATOR,gs://well-workover-intervention-data/landing/generator/2026/09/23/rig_calendar.parquet,BATCH-GELEKI-20260923-V1
RIG-ASSAM-08,2026-10-18,COMMITTED,GK-121,CLASS_I,2026-09-23T16:00:00Z,GENERATOR,gs://well-workover-intervention-data/landing/generator/2026/09/23/rig_calendar.parquet,BATCH-GELEKI-20260923-V1
RIG-ASSAM-08,2026-10-19,MOVING,,CLASS_I,2026-09-23T16:00:00Z,GENERATOR,gs://well-workover-intervention-data/landing/generator/2026/09/23/rig_calendar.parquet,BATCH-GELEKI-20260923-V1
RIG-ASSAM-08,2026-10-20,COMMITTED,GK-018,CLASS_I,2026-09-23T16:00:00Z,GENERATOR,gs://well-workover-intervention-data/landing/generator/2026/09/23/rig_calendar.parquet,BATCH-GELEKI-20260923-V1
RIG-ASSAM-08,2026-10-21,COMMITTED,GK-068,CLASS_I,2026-09-23T16:00:00Z,GENERATOR,gs://well-workover-intervention-data/landing/generator/2026/09/23/rig_calendar.parquet,BATCH-GELEKI-20260923-V1
RIG-ASSAM-08,2026-10-22,COMMITTED,GK-005,CLASS_I,2026-09-23T16:00:00Z,GENERATOR,gs://well-workover-intervention-data/landing/generator/2026/09/23/rig_calendar.parquet,BATCH-GELEKI-20260923-V1
RIG-ASSAM-08,2026-10-23,AVAILABLE,,CLASS_I,2026-09-23T16:00:00Z,GENERATOR,gs://well-workover-intervention-data/landing/generator/2026/09/23/rig_calendar.parquet,BATCH-GELEKI-20260923-V1
RIG-ASSAM-08,2026-10-24,COMMITTED,GK-002,CLASS_I,2026-09-23T16:00:00Z,GENERATOR,gs://well-workover-intervention-data/landing/generator/2026/09/23/rig_calendar.parquet,BATCH-GELEKI-20260923-V1
RIG-ASSAM-08,2026-10-25,COMMITTED,GK-065,CLASS_I,2026-09-23T16:00:00Z,GENERATOR,gs://well-workover-intervention-data/landing/generator/2026/09/23/rig_calendar.parquet,BATCH-GELEKI-20260923-V1
RIG-ASSAM-08,2026-10-26,AVAILABLE,,CLASS_I,2026-09-23T16:00:00Z,GENERATOR,gs://well-workover-intervention-data/landing/generator/2026/09/23/rig_calendar.parquet,BATCH-GELEKI-20260923-V1
RIG-ASSAM-08,2026-10-27,AVAILABLE,,CLASS_I,2026-09-23T16:00:00Z,GENERATOR,gs://well-workover-intervention-data/landing/generator/2026/09/23/rig_calendar.parquet,BATCH-GELEKI-20260923-V1
RIG-ASSAM-08,2026-10-28,COMMITTED,GK-042,CLASS_I,2026-09-23T16:00:00Z,GENERATOR,gs://well-workover-intervention-data/landing/generator/2026/09/23/rig_calendar.parquet,BATCH-GELEKI-20260923-V1
RIG-ASSAM-08,2026-10-29,MAINTENANCE,,CLASS_I,2026-09-23T16:00:00Z,GENERATOR,gs://well-workover-intervention-data/landing/generator/2026/09/23/rig_calendar.parquet,BATCH-GELEKI-20260923-V1
RIG-ASSAM-08,2026-10-30,COMMITTED,GK-045,CLASS_I,2026-09-23T16:00:00Z,GENERATOR,gs://well-workover-intervention-data/landing/generator/2026/09/23/rig_calendar.parquet,BATCH-GELEKI-20260923-V1
RIG-ASSAM-08,2026-10-31,COMMITTED,GK-002,CLASS_I,2026-09-23T16:00:00Z,GENERATOR,gs://well-workover-intervention-data/landing/generator/2026/09/23/rig_calendar.parquet,BATCH-GELEKI-20260923-V1
RIG-ASSAM-09,2026-09-01,COMMITTED,GK-074,CLASS_I,2026-09-23T16:00:00Z,GENERATOR,gs://well-workover-intervention-data/landing/generator/2026/09/23/rig_calendar.parquet,BATCH-GELEKI-20260923-V1
RIG-ASSAM-09,2026-09-02,MOVING,,CLASS_I,2026-09-23T16:00:00Z,GENERATOR,gs://well-workover-intervention-data/landing/generator/2026/09/23/rig_calendar.parquet,BATCH-GELEKI-20260923-V1
RIG-ASSAM-09,2026-09-03,AVAILABLE,,CLASS_I,2026-09-23T16:00:00Z,GENERATOR,gs://well-workover-intervention-data/landing/generator/2026/09/23/rig_calendar.parquet,BATCH-GELEKI-20260923-V1
RIG-ASSAM-09,2026-09-04,AVAILABLE,,CLASS_I,2026-09-23T16:00:00Z,GENERATOR,gs://well-workover-intervention-data/landing/generator/2026/09/23/rig_calendar.parquet,BATCH-GELEKI-20260923-V1
RIG-ASSAM-09,2026-09-05,COMMITTED,GK-016,CLASS_I,2026-09-23T16:00:00Z,GENERATOR,gs://well-workover-intervention-data/landing/generator/2026/09/23/rig_calendar.parquet,BATCH-GELEKI-20260923-V1
RIG-ASSAM-09,2026-09-06,COMMITTED,GK-142,CLASS_I,2026-09-23T16:00:00Z,GENERATOR,gs://well-workover-intervention-data/landing/generator/2026/09/23/rig_calendar.parquet,BATCH-GELEKI-20260923-V1
RIG-ASSAM-09,2026-09-07,COMMITTED,GK-125,CLASS_I,2026-09-23T16:00:00Z,GENERATOR,gs://well-workover-intervention-data/landing/generator/2026/09/23/rig_calendar.parquet,BATCH-GELEKI-20260923-V1
RIG-ASSAM-09,2026-09-08,AVAILABLE,,CLASS_I,2026-09-23T16:00:00Z,GENERATOR,gs://well-workover-intervention-data/landing/generator/2026/09/23/rig_calendar.parquet,BATCH-GELEKI-20260923-V1
RIG-ASSAM-09,2026-09-09,COMMITTED,GK-111,CLASS_I,2026-09-23T16:00:00Z,GENERATOR,gs://well-workover-intervention-data/landing/generator/2026/09/23/rig_calendar.parquet,BATCH-GELEKI-20260923-V1
RIG-ASSAM-09,2026-09-10,AVAILABLE,,CLASS_I,2026-09-23T16:00:00Z,GENERATOR,gs://well-workover-intervention-data/landing/generator/2026/09/23/rig_calendar.parquet,BATCH-GELEKI-20260923-V1
RIG-ASSAM-09,2026-09-11,COMMITTED,GK-016,CLASS_I,2026-09-23T16:00:00Z,GENERATOR,gs://well-workover-intervention-data/landing/generator/2026/09/23/rig_calendar.parquet,BATCH-GELEKI-20260923-V1
RIG-ASSAM-09,2026-09-12,AVAILABLE,,CLASS_I,2026-09-23T16:00:00Z,GENERATOR,gs://well-workover-intervention-data/landing/generator/2026/09/23/rig_calendar.parquet,BATCH-GELEKI-20260923-V1
RIG-ASSAM-09,2026-09-13,MAINTENANCE,,CLASS_I,2026-09-23T16:00:00Z,GENERATOR,gs://well-workover-intervention-data/landing/generator/2026/09/23/rig_calendar.parquet,BATCH-GELEKI-20260923-V1
RIG-ASSAM-09,2026-09-14,COMMITTED,GK-095,CLASS_I,2026-09-23T16:00:00Z,GENERATOR,gs://well-workover-intervention-data/landing/generator/2026/09/23/rig_calendar.parquet,BATCH-GELEKI-20260923-V1
RIG-ASSAM-09,2026-09-15,COMMITTED,GK-093,CLASS_I,2026-09-23T16:00:00Z,GENERATOR,gs://well-workover-intervention-data/landing/generator/2026/09/23/rig_calendar.parquet,BATCH-GELEKI-20260923-V1
RIG-ASSAM-09,2026-09-16,COMMITTED,GK-013,CLASS_I,2026-09-23T16:00:00Z,GENERATOR,gs://well-workover-intervention-data/landing/generator/2026/09/23/rig_calendar.parquet,BATCH-GELEKI-20260923-V1
RIG-ASSAM-09,2026-09-17,AVAILABLE,,CLASS_I,2026-09-23T16:00:00Z,GENERATOR,gs://well-workover-intervention-data/landing/generator/2026/09/23/rig_calendar.parquet,BATCH-GELEKI-20260923-V1
RIG-ASSAM-09,2026-09-18,MOVING,,CLASS_I,2026-09-23T16:00:00Z,GENERATOR,gs://well-workover-intervention-data/landing/generator/2026/09/23/rig_calendar.parquet,BATCH-GELEKI-20260923-V1
RIG-ASSAM-09,2026-09-19,MOVING,,CLASS_I,2026-09-23T16:00:00Z,GENERATOR,gs://well-workover-intervention-data/landing/generator/2026/09/23/rig_calendar.parquet,BATCH-GELEKI-20260923-V1
RIG-ASSAM-09,2026-09-20,COMMITTED,GK-035,CLASS_I,2026-09-23T16:00:00Z,GENERATOR,gs://well-workover-intervention-data/landing/generator/2026/09/23/rig_calendar.parquet,BATCH-GELEKI-20260923-V1
RIG-ASSAM-09,2026-09-21,COMMITTED,GK-065,CLASS_I,2026-09-23T16:00:00Z,GENERATOR,gs://well-workover-intervention-data/landing/generator/2026/09/23/rig_calendar.parquet,BATCH-GELEKI-20260923-V1
RIG-ASSAM-09,2026-09-22,COMMITTED,GK-122,CLASS_I,2026-09-23T16:00:00Z,GENERATOR,gs://well-workover-intervention-data/landing/generator/2026/09/23/rig_calendar.parquet,BATCH-GELEKI-20260923-V1
RIG-ASSAM-09,2026-09-23,AVAILABLE,,CLASS_I,2026-09-23T16:00:00Z,GENERATOR,gs://well-workover-intervention-data/landing/generator/2026/09/23/rig_calendar.parquet,BATCH-GELEKI-20260923-V1
RIG-ASSAM-09,2026-09-24,AVAILABLE,,CLASS_I,2026-09-23T16:00:00Z,GENERATOR,gs://well-workover-intervention-data/landing/generator/2026/09/23/rig_calendar.parquet,BATCH-GELEKI-20260923-V1
RIG-ASSAM-09,2026-09-25,COMMITTED,GK-003,CLASS_I,2026-09-23T16:00:00Z,GENERATOR,gs://well-workover-intervention-data/landing/generator/2026/09/23/rig_calendar.parquet,BATCH-GELEKI-20260923-V1
RIG-ASSAM-09,2026-09-26,MOVING,,CLASS_I,2026-09-23T16:00:00Z,GENERATOR,gs://well-workover-intervention-data/landing/generator/2026/09/23/rig_calendar.parquet,BATCH-GELEKI-20260923-V1
RIG-ASSAM-09,2026-09-27,COMMITTED,GK-094,CLASS_I,2026-09-23T16:00:00Z,GENERATOR,gs://well-workover-intervention-data/landing/generator/2026/09/23/rig_calendar.parquet,BATCH-GELEKI-20260923-V1
RIG-ASSAM-09,2026-09-28,MOVING,,CLASS_I,2026-09-23T16:00:00Z,GENERATOR,gs://well-workover-intervention-data/landing/generator/2026/09/23/rig_calendar.parquet,BATCH-GELEKI-20260923-V1
RIG-ASSAM-09,2026-09-29,COMMITTED,GK-001,CLASS_I,2026-09-23T16:00:00Z,GENERATOR,gs://well-workover-intervention-data/landing/generator/2026/09/23/rig_calendar.parquet,BATCH-GELEKI-20260923-V1
RIG-ASSAM-09,2026-09-30,COMMITTED,GK-023,CLASS_I,2026-09-23T16:00:00Z,GENERATOR,gs://well-workover-intervention-data/landing/generator/2026/09/23/rig_calendar.parquet,BATCH-GELEKI-20260923-V1
RIG-ASSAM-09,2026-10-01,COMMITTED,GK-117,CLASS_I,2026-09-23T16:00:00Z,GENERATOR,gs://well-workover-intervention-data/landing/generator/2026/09/23/rig_calendar.parquet,BATCH-GELEKI-20260923-V1
RIG-ASSAM-09,2026-10-02,COMMITTED,GK-140,CLASS_I,2026-09-23T16:00:00Z,GENERATOR,gs://well-workover-intervention-data/landing/generator/2026/09/23/rig_calendar.parquet,BATCH-GELEKI-20260923-V1
RIG-ASSAM-09,2026-10-03,AVAILABLE,,CLASS_I,2026-09-23T16:00:00Z,GENERATOR,gs://well-workover-intervention-data/landing/generator/2026/09/23/rig_calendar.parquet,BATCH-GELEKI-20260923-V1
RIG-ASSAM-09,2026-10-04,MAINTENANCE,,CLASS_I,2026-09-23T16:00:00Z,GENERATOR,gs://well-workover-intervention-data/landing/generator/2026/09/23/rig_calendar.parquet,BATCH-GELEKI-20260923-V1
RIG-ASSAM-09,2026-10-05,COMMITTED,GK-041,CLASS_I,2026-09-23T16:00:00Z,GENERATOR,gs://well-workover-intervention-data/landing/generator/2026/09/23/rig_calendar.parquet,BATCH-GELEKI-20260923-V1
RIG-ASSAM-09,2026-10-06,AVAILABLE,,CLASS_I,2026-09-23T16:00:00Z,GENERATOR,gs://well-workover-intervention-data/landing/generator/2026/09/23/rig_calendar.parquet,BATCH-GELEKI-20260923-V1
RIG-ASSAM-09,2026-10-07,COMMITTED,GK-009,CLASS_I,2026-09-23T16:00:00Z,GENERATOR,gs://well-workover-intervention-data/landing/generator/2026/09/23/rig_calendar.parquet,BATCH-GELEKI-20260923-V1
RIG-ASSAM-09,2026-10-08,AVAILABLE,,CLASS_I,2026-09-23T16:00:00Z,GENERATOR,gs://well-workover-intervention-data/landing/generator/2026/09/23/rig_calendar.parquet,BATCH-GELEKI-20260923-V1
RIG-ASSAM-09,2026-10-09,AVAILABLE,,CLASS_I,2026-09-23T16:00:00Z,GENERATOR,gs://well-workover-intervention-data/landing/generator/2026/09/23/rig_calendar.parquet,BATCH-GELEKI-20260923-V1
RIG-ASSAM-09,2026-10-10,MAINTENANCE,,CLASS_I,2026-09-23T16:00:00Z,GENERATOR,gs://well-workover-intervention-data/landing/generator/2026/09/23/rig_calendar.parquet,BATCH-GELEKI-20260923-V1
RIG-ASSAM-09,2026-10-11,MOVING,,CLASS_I,2026-09-23T16:00:00Z,GENERATOR,gs://well-workover-intervention-data/landing/generator/2026/09/23/rig_calendar.parquet,BATCH-GELEKI-20260923-V1
RIG-ASSAM-09,2026-10-12,COMMITTED,GK-110,CLASS_I,2026-09-23T16:00:00Z,GENERATOR,gs://well-workover-intervention-data/landing/generator/2026/09/23/rig_calendar.parquet,BATCH-GELEKI-20260923-V1
RIG-ASSAM-09,2026-10-13,AVAILABLE,,CLASS_I,2026-09-23T16:00:00Z,GENERATOR,gs://well-workover-intervention-data/landing/generator/2026/09/23/rig_calendar.parquet,BATCH-GELEKI-20260923-V1
RIG-ASSAM-09,2026-10-14,AVAILABLE,,CLASS_I,2026-09-23T16:00:00Z,GENERATOR,gs://well-workover-intervention-data/landing/generator/2026/09/23/rig_calendar.parquet,BATCH-GELEKI-20260923-V1
RIG-ASSAM-09,2026-10-15,AVAILABLE,,CLASS_I,2026-09-23T16:00:00Z,GENERATOR,gs://well-workover-intervention-data/landing/generator/2026/09/23/rig_calendar.parquet,BATCH-GELEKI-20260923-V1
RIG-ASSAM-09,2026-10-16,AVAILABLE,,CLASS_I,2026-09-23T16:00:00Z,GENERATOR,gs://well-workover-intervention-data/landing/generator/2026/09/23/rig_calendar.parquet,BATCH-GELEKI-20260923-V1
RIG-ASSAM-09,2026-10-17,COMMITTED,GK-006,CLASS_I,2026-09-23T16:00:00Z,GENERATOR,gs://well-workover-intervention-data/landing/generator/2026/09/23/rig_calendar.parquet,BATCH-GELEKI-20260923-V1
RIG-ASSAM-09,2026-10-18,COMMITTED,GK-029,CLASS_I,2026-09-23T16:00:00Z,GENERATOR,gs://well-workover-intervention-data/landing/generator/2026/09/23/rig_calendar.parquet,BATCH-GELEKI-20260923-V1
RIG-ASSAM-09,2026-10-19,COMMITTED,GK-018,CLASS_I,2026-09-23T16:00:00Z,GENERATOR,gs://well-workover-intervention-data/landing/generator/2026/09/23/rig_calendar.parquet,BATCH-GELEKI-20260923-V1
RIG-ASSAM-09,2026-10-20,AVAILABLE,,CLASS_I,2026-09-23T16:00:00Z,GENERATOR,gs://well-workover-intervention-data/landing/generator/2026/09/23/rig_calendar.parquet,BATCH-GELEKI-20260923-V1
RIG-ASSAM-09,2026-10-21,COMMITTED,GK-077,CLASS_I,2026-09-23T16:00:00Z,GENERATOR,gs://well-workover-intervention-data/landing/generator/2026/09/23/rig_calendar.parquet,BATCH-GELEKI-20260923-V1
RIG-ASSAM-09,2026-10-22,AVAILABLE,,CLASS_I,2026-09-23T16:00:00Z,GENERATOR,gs://well-workover-intervention-data/landing/generator/2026/09/23/rig_calendar.parquet,BATCH-GELEKI-20260923-V1
RIG-ASSAM-09,2026-10-23,COMMITTED,GK-090,CLASS_I,2026-09-23T16:00:00Z,GENERATOR,gs://well-workover-intervention-data/landing/generator/2026/09/23/rig_calendar.parquet,BATCH-GELEKI-20260923-V1
RIG-ASSAM-09,2026-10-24,COMMITTED,GK-121,CLASS_I,2026-09-23T16:00:00Z,GENERATOR,gs://well-workover-intervention-data/landing/generator/2026/09/23/rig_calendar.parquet,BATCH-GELEKI-20260923-V1
RIG-ASSAM-09,2026-10-25,COMMITTED,GK-023,CLASS_I,2026-09-23T16:00:00Z,GENERATOR,gs://well-workover-intervention-data/landing/generator/2026/09/23/rig_calendar.parquet,BATCH-GELEKI-20260923-V1
RIG-ASSAM-09,2026-10-26,AVAILABLE,,CLASS_I,2026-09-23T16:00:00Z,GENERATOR,gs://well-workover-intervention-data/landing/generator/2026/09/23/rig_calendar.parquet,BATCH-GELEKI-20260923-V1
RIG-ASSAM-09,2026-10-27,AVAILABLE,,CLASS_I,2026-09-23T16:00:00Z,GENERATOR,gs://well-workover-intervention-data/landing/generator/2026/09/23/rig_calendar.parquet,BATCH-GELEKI-20260923-V1
RIG-ASSAM-09,2026-10-28,COMMITTED,GK-028,CLASS_I,2026-09-23T16:00:00Z,GENERATOR,gs://well-workover-intervention-data/landing/generator/2026/09/23/rig_calendar.parquet,BATCH-GELEKI-20260923-V1
RIG-ASSAM-09,2026-10-29,COMMITTED,GK-039,CLASS_I,2026-09-23T16:00:00Z,GENERATOR,gs://well-workover-intervention-data/landing/generator/2026/09/23/rig_calendar.parquet,BATCH-GELEKI-20260923-V1
RIG-ASSAM-09,2026-10-30,COMMITTED,GK-101,CLASS_I,2026-09-23T16:00:00Z,GENERATOR,gs://well-workover-intervention-data/landing/generator/2026/09/23/rig_calendar.parquet,BATCH-GELEKI-20260923-V1
RIG-ASSAM-09,2026-10-31,COMMITTED,GK-140,CLASS_I,2026-09-23T16:00:00Z,GENERATOR,gs://well-workover-intervention-data/landing/generator/2026/09/23/rig_calendar.parquet,BATCH-GELEKI-20260923-V1
RIG-ASSAM-10,2026-09-01,AVAILABLE,,CLASS_I,2026-09-23T16:00:00Z,GENERATOR,gs://well-workover-intervention-data/landing/generator/2026/09/23/rig_calendar.parquet,BATCH-GELEKI-20260923-V1
RIG-ASSAM-10,2026-09-02,COMMITTED,GK-073,CLASS_I,2026-09-23T16:00:00Z,GENERATOR,gs://well-workover-intervention-data/landing/generator/2026/09/23/rig_calendar.parquet,BATCH-GELEKI-20260923-V1
RIG-ASSAM-10,2026-09-03,COMMITTED,GK-010,CLASS_I,2026-09-23T16:00:00Z,GENERATOR,gs://well-workover-intervention-data/landing/generator/2026/09/23/rig_calendar.parquet,BATCH-GELEKI-20260923-V1
RIG-ASSAM-10,2026-09-04,COMMITTED,GK-001,CLASS_I,2026-09-23T16:00:00Z,GENERATOR,gs://well-workover-intervention-data/landing/generator/2026/09/23/rig_calendar.parquet,BATCH-GELEKI-20260923-V1
RIG-ASSAM-10,2026-09-05,COMMITTED,GK-032,CLASS_I,2026-09-23T16:00:00Z,GENERATOR,gs://well-workover-intervention-data/landing/generator/2026/09/23/rig_calendar.parquet,BATCH-GELEKI-20260923-V1
RIG-ASSAM-10,2026-09-06,MOVING,,CLASS_I,2026-09-23T16:00:00Z,GENERATOR,gs://well-workover-intervention-data/landing/generator/2026/09/23/rig_calendar.parquet,BATCH-GELEKI-20260923-V1
RIG-ASSAM-10,2026-09-07,COMMITTED,GK-101,CLASS_I,2026-09-23T16:00:00Z,GENERATOR,gs://well-workover-intervention-data/landing/generator/2026/09/23/rig_calendar.parquet,BATCH-GELEKI-20260923-V1
RIG-ASSAM-10,2026-09-08,COMMITTED,GK-025,CLASS_I,2026-09-23T16:00:00Z,GENERATOR,gs://well-workover-intervention-data/landing/generator/2026/09/23/rig_calendar.parquet,BATCH-GELEKI-20260923-V1
RIG-ASSAM-10,2026-09-09,COMMITTED,GK-014,CLASS_I,2026-09-23T16:00:00Z,GENERATOR,gs://well-workover-intervention-data/landing/generator/2026/09/23/rig_calendar.parquet,BATCH-GELEKI-20260923-V1
RIG-ASSAM-10,2026-09-10,AVAILABLE,,CLASS_I,2026-09-23T16:00:00Z,GENERATOR,gs://well-workover-intervention-data/landing/generator/2026/09/23/rig_calendar.parquet,BATCH-GELEKI-20260923-V1
RIG-ASSAM-10,2026-09-11,COMMITTED,GK-054,CLASS_I,2026-09-23T16:00:00Z,GENERATOR,gs://well-workover-intervention-data/landing/generator/2026/09/23/rig_calendar.parquet,BATCH-GELEKI-20260923-V1
RIG-ASSAM-10,2026-09-12,MAINTENANCE,,CLASS_I,2026-09-23T16:00:00Z,GENERATOR,gs://well-workover-intervention-data/landing/generator/2026/09/23/rig_calendar.parquet,BATCH-GELEKI-20260923-V1
RIG-ASSAM-10,2026-09-13,COMMITTED,GK-066,CLASS_I,2026-09-23T16:00:00Z,GENERATOR,gs://well-workover-intervention-data/landing/generator/2026/09/23/rig_calendar.parquet,BATCH-GELEKI-20260923-V1
RIG-ASSAM-10,2026-09-14,COMMITTED,GK-112,CLASS_I,2026-09-23T16:00:00Z,GENERATOR,gs://well-workover-intervention-data/landing/generator/2026/09/23/rig_calendar.parquet,BATCH-GELEKI-20260923-V1
RIG-ASSAM-10,2026-09-15,COMMITTED,GK-091,CLASS_I,2026-09-23T16:00:00Z,GENERATOR,gs://well-workover-intervention-data/landing/generator/2026/09/23/rig_calendar.parquet,BATCH-GELEKI-20260923-V1
RIG-ASSAM-10,2026-09-16,MOVING,,CLASS_I,2026-09-23T16:00:00Z,GENERATOR,gs://well-workover-intervention-data/landing/generator/2026/09/23/rig_calendar.parquet,BATCH-GELEKI-20260923-V1
RIG-ASSAM-10,2026-09-17,COMMITTED,GK-064,CLASS_I,2026-09-23T16:00:00Z,GENERATOR,gs://well-workover-intervention-data/landing/generator/2026/09/23/rig_calendar.parquet,BATCH-GELEKI-20260923-V1
RIG-ASSAM-10,2026-09-18,COMMITTED,GK-036,CLASS_I,2026-09-23T16:00:00Z,GENERATOR,gs://well-workover-intervention-data/landing/generator/2026/09/23/rig_calendar.parquet,BATCH-GELEKI-20260923-V1
RIG-ASSAM-10,2026-09-19,MOVING,,CLASS_I,2026-09-23T16:00:00Z,GENERATOR,gs://well-workover-intervention-data/landing/generator/2026/09/23/rig_calendar.parquet,BATCH-GELEKI-20260923-V1
RIG-ASSAM-10,2026-09-20,COMMITTED,GK-043,CLASS_I,2026-09-23T16:00:00Z,GENERATOR,gs://well-workover-intervention-data/landing/generator/2026/09/23/rig_calendar.parquet,BATCH-GELEKI-20260923-V1
RIG-ASSAM-10,2026-09-21,COMMITTED,GK-083,CLASS_I,2026-09-23T16:00:00Z,GENERATOR,gs://well-workover-intervention-data/landing/generator/2026/09/23/rig_calendar.parquet,BATCH-GELEKI-20260923-V1
RIG-ASSAM-10,2026-09-22,COMMITTED,GK-100,CLASS_I,2026-09-23T16:00:00Z,GENERATOR,gs://well-workover-intervention-data/landing/generator/2026/09/23/rig_calendar.parquet,BATCH-GELEKI-20260923-V1
RIG-ASSAM-10,2026-09-23,COMMITTED,GK-093,CLASS_I,2026-09-23T16:00:00Z,GENERATOR,gs://well-workover-intervention-data/landing/generator/2026/09/23/rig_calendar.parquet,BATCH-GELEKI-20260923-V1
RIG-ASSAM-10,2026-09-24,COMMITTED,GK-134,CLASS_I,2026-09-23T16:00:00Z,GENERATOR,gs://well-workover-intervention-data/landing/generator/2026/09/23/rig_calendar.parquet,BATCH-GELEKI-20260923-V1
RIG-ASSAM-10,2026-09-25,COMMITTED,GK-022,CLASS_I,2026-09-23T16:00:00Z,GENERATOR,gs://well-workover-intervention-data/landing/generator/2026/09/23/rig_calendar.parquet,BATCH-GELEKI-20260923-V1
RIG-ASSAM-10,2026-09-26,COMMITTED,GK-073,CLASS_I,2026-09-23T16:00:00Z,GENERATOR,gs://well-workover-intervention-data/landing/generator/2026/09/23/rig_calendar.parquet,BATCH-GELEKI-20260923-V1
RIG-ASSAM-10,2026-09-27,AVAILABLE,,CLASS_I,2026-09-23T16:00:00Z,GENERATOR,gs://well-workover-intervention-data/landing/generator/2026/09/23/rig_calendar.parquet,BATCH-GELEKI-20260923-V1
RIG-ASSAM-10,2026-09-28,COMMITTED,GK-130,CLASS_I,2026-09-23T16:00:00Z,GENERATOR,gs://well-workover-intervention-data/landing/generator/2026/09/23/rig_calendar.parquet,BATCH-GELEKI-20260923-V1
RIG-ASSAM-10,2026-09-29,COMMITTED,GK-019,CLASS_I,2026-09-23T16:00:00Z,GENERATOR,gs://well-workover-intervention-data/landing/generator/2026/09/23/rig_calendar.parquet,BATCH-GELEKI-20260923-V1
RIG-ASSAM-10,2026-09-30,COMMITTED,GK-139,CLASS_I,2026-09-23T16:00:00Z,GENERATOR,gs://well-workover-intervention-data/landing/generator/2026/09/23/rig_calendar.parquet,BATCH-GELEKI-20260923-V1
RIG-ASSAM-10,2026-10-01,COMMITTED,GK-135,CLASS_I,2026-09-23T16:00:00Z,GENERATOR,gs://well-workover-intervention-data/landing/generator/2026/09/23/rig_calendar.parquet,BATCH-GELEKI-20260923-V1
RIG-ASSAM-10,2026-10-02,COMMITTED,GK-014,CLASS_I,2026-09-23T16:00:00Z,GENERATOR,gs://well-workover-intervention-data/landing/generator/2026/09/23/rig_calendar.parquet,BATCH-GELEKI-20260923-V1
RIG-ASSAM-10,2026-10-03,COMMITTED,GK-088,CLASS_I,2026-09-23T16:00:00Z,GENERATOR,gs://well-workover-intervention-data/landing/generator/2026/09/23/rig_calendar.parquet,BATCH-GELEKI-20260923-V1
RIG-ASSAM-10,2026-10-04,COMMITTED,GK-112,CLASS_I,2026-09-23T16:00:00Z,GENERATOR,gs://well-workover-intervention-data/landing/generator/2026/09/23/rig_calendar.parquet,BATCH-GELEKI-20260923-V1
RIG-ASSAM-10,2026-10-05,COMMITTED,GK-057,CLASS_I,2026-09-23T16:00:00Z,GENERATOR,gs://well-workover-intervention-data/landing/generator/2026/09/23/rig_calendar.parquet,BATCH-GELEKI-20260923-V1
RIG-ASSAM-10,2026-10-06,COMMITTED,GK-138,CLASS_I,2026-09-23T16:00:00Z,GENERATOR,gs://well-workover-intervention-data/landing/generator/2026/09/23/rig_calendar.parquet,BATCH-GELEKI-20260923-V1
RIG-ASSAM-10,2026-10-07,COMMITTED,GK-022,CLASS_I,2026-09-23T16:00:00Z,GENERATOR,gs://well-workover-intervention-data/landing/generator/2026/09/23/rig_calendar.parquet,BATCH-GELEKI-20260923-V1
RIG-ASSAM-10,2026-10-08,COMMITTED,GK-120,CLASS_I,2026-09-23T16:00:00Z,GENERATOR,gs://well-workover-intervention-data/landing/generator/2026/09/23/rig_calendar.parquet,BATCH-GELEKI-20260923-V1
RIG-ASSAM-10,2026-10-09,COMMITTED,GK-135,CLASS_I,2026-09-23T16:00:00Z,GENERATOR,gs://well-workover-intervention-data/landing/generator/2026/09/23/rig_calendar.parquet,BATCH-GELEKI-20260923-V1
RIG-ASSAM-10,2026-10-10,COMMITTED,GK-086,CLASS_I,2026-09-23T16:00:00Z,GENERATOR,gs://well-workover-intervention-data/landing/generator/2026/09/23/rig_calendar.parquet,BATCH-GELEKI-20260923-V1
RIG-ASSAM-10,2026-10-11,COMMITTED,GK-131,CLASS_I,2026-09-23T16:00:00Z,GENERATOR,gs://well-workover-intervention-data/landing/generator/2026/09/23/rig_calendar.parquet,BATCH-GELEKI-20260923-V1
RIG-ASSAM-10,2026-10-12,COMMITTED,GK-043,CLASS_I,2026-09-23T16:00:00Z,GENERATOR,gs://well-workover-intervention-data/landing/generator/2026/09/23/rig_calendar.parquet,BATCH-GELEKI-20260923-V1
RIG-ASSAM-10,2026-10-13,COMMITTED,GK-068,CLASS_I,2026-09-23T16:00:00Z,GENERATOR,gs://well-workover-intervention-data/landing/generator/2026/09/23/rig_calendar.parquet,BATCH-GELEKI-20260923-V1
RIG-ASSAM-10,2026-10-14,COMMITTED,GK-022,CLASS_I,2026-09-23T16:00:00Z,GENERATOR,gs://well-workover-intervention-data/landing/generator/2026/09/23/rig_calendar.parquet,BATCH-GELEKI-20260923-V1
RIG-ASSAM-10,2026-10-15,COMMITTED,GK-014,CLASS_I,2026-09-23T16:00:00Z,GENERATOR,gs://well-workover-intervention-data/landing/generator/2026/09/23/rig_calendar.parquet,BATCH-GELEKI-20260923-V1
RIG-ASSAM-10,2026-10-16,COMMITTED,GK-050,CLASS_I,2026-09-23T16:00:00Z,GENERATOR,gs://well-workover-intervention-data/landing/generator/2026/09/23/rig_calendar.parquet,BATCH-GELEKI-20260923-V1
RIG-ASSAM-10,2026-10-17,COMMITTED,GK-084,CLASS_I,2026-09-23T16:00:00Z,GENERATOR,gs://well-workover-intervention-data/landing/generator/2026/09/23/rig_calendar.parquet,BATCH-GELEKI-20260923-V1
RIG-ASSAM-10,2026-10-18,AVAILABLE,,CLASS_I,2026-09-23T16:00:00Z,GENERATOR,gs://well-workover-intervention-data/landing/generator/2026/09/23/rig_calendar.parquet,BATCH-GELEKI-20260923-V1
RIG-ASSAM-10,2026-10-19,COMMITTED,GK-093,CLASS_I,2026-09-23T16:00:00Z,GENERATOR,gs://well-workover-intervention-data/landing/generator/2026/09/23/rig_calendar.parquet,BATCH-GELEKI-20260923-V1
RIG-ASSAM-10,2026-10-20,COMMITTED,GK-093,CLASS_I,2026-09-23T16:00:00Z,GENERATOR,gs://well-workover-intervention-data/landing/generator/2026/09/23/rig_calendar.parquet,BATCH-GELEKI-20260923-V1
RIG-ASSAM-10,2026-10-21,COMMITTED,GK-045,CLASS_I,2026-09-23T16:00:00Z,GENERATOR,gs://well-workover-intervention-data/landing/generator/2026/09/23/rig_calendar.parquet,BATCH-GELEKI-20260923-V1
RIG-ASSAM-10,2026-10-22,COMMITTED,GK-112,CLASS_I,2026-09-23T16:00:00Z,GENERATOR,gs://well-workover-intervention-data/landing/generator/2026/09/23/rig_calendar.parquet,BATCH-GELEKI-20260923-V1
RIG-ASSAM-10,2026-10-23,COMMITTED,GK-078,CLASS_I,2026-09-23T16:00:00Z,GENERATOR,gs://well-workover-intervention-data/landing/generator/2026/09/23/rig_calendar.parquet,BATCH-GELEKI-20260923-V1
RIG-ASSAM-10,2026-10-24,COMMITTED,GK-062,CLASS_I,2026-09-23T16:00:00Z,GENERATOR,gs://well-workover-intervention-data/landing/generator/2026/09/23/rig_calendar.parquet,BATCH-GELEKI-20260923-V1
RIG-ASSAM-10,2026-10-25,COMMITTED,GK-089,CLASS_I,2026-09-23T16:00:00Z,GENERATOR,gs://well-workover-intervention-data/landing/generator/2026/09/23/rig_calendar.parquet,BATCH-GELEKI-20260923-V1
RIG-ASSAM-10,2026-10-26,COMMITTED,GK-052,CLASS_I,2026-09-23T16:00:00Z,GENERATOR,gs://well-workover-intervention-data/landing/generator/2026/09/23/rig_calendar.parquet,BATCH-GELEKI-20260923-V1
RIG-ASSAM-10,2026-10-27,MAINTENANCE,,CLASS_I,2026-09-23T16:00:00Z,GENERATOR,gs://well-workover-intervention-data/landing/generator/2026/09/23/rig_calendar.parquet,BATCH-GELEKI-20260923-V1
RIG-ASSAM-10,2026-10-28,COMMITTED,GK-115,CLASS_I,2026-09-23T16:00:00Z,GENERATOR,gs://well-workover-intervention-data/landing/generator/2026/09/23/rig_calendar.parquet,BATCH-GELEKI-20260923-V1
RIG-ASSAM-10,2026-10-29,AVAILABLE,,CLASS_I,2026-09-23T16:00:00Z,GENERATOR,gs://well-workover-intervention-data/landing/generator/2026/09/23/rig_calendar.parquet,BATCH-GELEKI-20260923-V1
RIG-ASSAM-10,2026-10-30,COMMITTED,GK-126,CLASS_I,2026-09-23T16:00:00Z,GENERATOR,gs://well-workover-intervention-data/landing/generator/2026/09/23/rig_calendar.parquet,BATCH-GELEKI-20260923-V1
RIG-ASSAM-10,2026-10-31,COMMITTED,GK-131,CLASS_I,2026-09-23T16:00:00Z,GENERATOR,gs://well-workover-intervention-data/landing/generator/2026/09/23/rig_calendar.parquet,BATCH-GELEKI-20260923-V1
RIG-ASSAM-11,2026-09-01,MOVING,,CLASS_I,2026-09-23T16:00:00Z,GENERATOR,gs://well-workover-intervention-data/landing/generator/2026/09/23/rig_calendar.parquet,BATCH-GELEKI-20260923-V1
RIG-ASSAM-11,2026-09-02,COMMITTED,GK-105,CLASS_I,2026-09-23T16:00:00Z,GENERATOR,gs://well-workover-intervention-data/landing/generator/2026/09/23/rig_calendar.parquet,BATCH-GELEKI-20260923-V1
RIG-ASSAM-11,2026-09-03,COMMITTED,GK-039,CLASS_I,2026-09-23T16:00:00Z,GENERATOR,gs://well-workover-intervention-data/landing/generator/2026/09/23/rig_calendar.parquet,BATCH-GELEKI-20260923-V1
RIG-ASSAM-11,2026-09-04,AVAILABLE,,CLASS_I,2026-09-23T16:00:00Z,GENERATOR,gs://well-workover-intervention-data/landing/generator/2026/09/23/rig_calendar.parquet,BATCH-GELEKI-20260923-V1
RIG-ASSAM-11,2026-09-05,COMMITTED,GK-045,CLASS_I,2026-09-23T16:00:00Z,GENERATOR,gs://well-workover-intervention-data/landing/generator/2026/09/23/rig_calendar.parquet,BATCH-GELEKI-20260923-V1
RIG-ASSAM-11,2026-09-06,COMMITTED,GK-119,CLASS_I,2026-09-23T16:00:00Z,GENERATOR,gs://well-workover-intervention-data/landing/generator/2026/09/23/rig_calendar.parquet,BATCH-GELEKI-20260923-V1
RIG-ASSAM-11,2026-09-07,COMMITTED,GK-071,CLASS_I,2026-09-23T16:00:00Z,GENERATOR,gs://well-workover-intervention-data/landing/generator/2026/09/23/rig_calendar.parquet,BATCH-GELEKI-20260923-V1
RIG-ASSAM-11,2026-09-08,COMMITTED,GK-017,CLASS_I,2026-09-23T16:00:00Z,GENERATOR,gs://well-workover-intervention-data/landing/generator/2026/09/23/rig_calendar.parquet,BATCH-GELEKI-20260923-V1
RIG-ASSAM-11,2026-09-09,COMMITTED,GK-011,CLASS_I,2026-09-23T16:00:00Z,GENERATOR,gs://well-workover-intervention-data/landing/generator/2026/09/23/rig_calendar.parquet,BATCH-GELEKI-20260923-V1
RIG-ASSAM-11,2026-09-10,MOVING,,CLASS_I,2026-09-23T16:00:00Z,GENERATOR,gs://well-workover-intervention-data/landing/generator/2026/09/23/rig_calendar.parquet,BATCH-GELEKI-20260923-V1
RIG-ASSAM-11,2026-09-11,AVAILABLE,,CLASS_I,2026-09-23T16:00:00Z,GENERATOR,gs://well-workover-intervention-data/landing/generator/2026/09/23/rig_calendar.parquet,BATCH-GELEKI-20260923-V1
RIG-ASSAM-11,2026-09-12,AVAILABLE,,CLASS_I,2026-09-23T16:00:00Z,GENERATOR,gs://well-workover-intervention-data/landing/generator/2026/09/23/rig_calendar.parquet,BATCH-GELEKI-20260923-V1
RIG-ASSAM-11,2026-09-13,COMMITTED,GK-012,CLASS_I,2026-09-23T16:00:00Z,GENERATOR,gs://well-workover-intervention-data/landing/generator/2026/09/23/rig_calendar.parquet,BATCH-GELEKI-20260923-V1
RIG-ASSAM-11,2026-09-14,COMMITTED,GK-081,CLASS_I,2026-09-23T16:00:00Z,GENERATOR,gs://well-workover-intervention-data/landing/generator/2026/09/23/rig_calendar.parquet,BATCH-GELEKI-20260923-V1
RIG-ASSAM-11,2026-09-15,COMMITTED,GK-070,CLASS_I,2026-09-23T16:00:00Z,GENERATOR,gs://well-workover-intervention-data/landing/generator/2026/09/23/rig_calendar.parquet,BATCH-GELEKI-20260923-V1
RIG-ASSAM-11,2026-09-16,COMMITTED,GK-104,CLASS_I,2026-09-23T16:00:00Z,GENERATOR,gs://well-workover-intervention-data/landing/generator/2026/09/23/rig_calendar.parquet,BATCH-GELEKI-20260923-V1
RIG-ASSAM-11,2026-09-17,COMMITTED,GK-010,CLASS_I,2026-09-23T16:00:00Z,GENERATOR,gs://well-workover-intervention-data/landing/generator/2026/09/23/rig_calendar.parquet,BATCH-GELEKI-20260923-V1
RIG-ASSAM-11,2026-09-18,AVAILABLE,,CLASS_I,2026-09-23T16:00:00Z,GENERATOR,gs://well-workover-intervention-data/landing/generator/2026/09/23/rig_calendar.parquet,BATCH-GELEKI-20260923-V1
RIG-ASSAM-11,2026-09-19,MOVING,,CLASS_I,2026-09-23T16:00:00Z,GENERATOR,gs://well-workover-intervention-data/landing/generator/2026/09/23/rig_calendar.parquet,BATCH-GELEKI-20260923-V1
RIG-ASSAM-11,2026-09-20,COMMITTED,GK-063,CLASS_I,2026-09-23T16:00:00Z,GENERATOR,gs://well-workover-intervention-data/landing/generator/2026/09/23/rig_calendar.parquet,BATCH-GELEKI-20260923-V1
RIG-ASSAM-11,2026-09-21,AVAILABLE,,CLASS_I,2026-09-23T16:00:00Z,GENERATOR,gs://well-workover-intervention-data/landing/generator/2026/09/23/rig_calendar.parquet,BATCH-GELEKI-20260923-V1
RIG-ASSAM-11,2026-09-22,AVAILABLE,,CLASS_I,2026-09-23T16:00:00Z,GENERATOR,gs://well-workover-intervention-data/landing/generator/2026/09/23/rig_calendar.parquet,BATCH-GELEKI-20260923-V1
RIG-ASSAM-11,2026-09-23,MOVING,,CLASS_I,2026-09-23T16:00:00Z,GENERATOR,gs://well-workover-intervention-data/landing/generator/2026/09/23/rig_calendar.parquet,BATCH-GELEKI-20260923-V1
RIG-ASSAM-11,2026-09-24,COMMITTED,GK-053,CLASS_I,2026-09-23T16:00:00Z,GENERATOR,gs://well-workover-intervention-data/landing/generator/2026/09/23/rig_calendar.parquet,BATCH-GELEKI-20260923-V1
RIG-ASSAM-11,2026-09-25,AVAILABLE,,CLASS_I,2026-09-23T16:00:00Z,GENERATOR,gs://well-workover-intervention-data/landing/generator/2026/09/23/rig_calendar.parquet,BATCH-GELEKI-20260923-V1
RIG-ASSAM-11,2026-09-26,COMMITTED,GK-034,CLASS_I,2026-09-23T16:00:00Z,GENERATOR,gs://well-workover-intervention-data/landing/generator/2026/09/23/rig_calendar.parquet,BATCH-GELEKI-20260923-V1
RIG-ASSAM-11,2026-09-27,COMMITTED,GK-095,CLASS_I,2026-09-23T16:00:00Z,GENERATOR,gs://well-workover-intervention-data/landing/generator/2026/09/23/rig_calendar.parquet,BATCH-GELEKI-20260923-V1
RIG-ASSAM-11,2026-09-28,COMMITTED,GK-073,CLASS_I,2026-09-23T16:00:00Z,GENERATOR,gs://well-workover-intervention-data/landing/generator/2026/09/23/rig_calendar.parquet,BATCH-GELEKI-20260923-V1
RIG-ASSAM-11,2026-09-29,COMMITTED,GK-072,CLASS_I,2026-09-23T16:00:00Z,GENERATOR,gs://well-workover-intervention-data/landing/generator/2026/09/23/rig_calendar.parquet,BATCH-GELEKI-20260923-V1
RIG-ASSAM-11,2026-09-30,MAINTENANCE,,CLASS_I,2026-09-23T16:00:00Z,GENERATOR,gs://well-workover-intervention-data/landing/generator/2026/09/23/rig_calendar.parquet,BATCH-GELEKI-20260923-V1
RIG-ASSAM-11,2026-10-01,COMMITTED,GK-142,CLASS_I,2026-09-23T16:00:00Z,GENERATOR,gs://well-workover-intervention-data/landing/generator/2026/09/23/rig_calendar.parquet,BATCH-GELEKI-20260923-V1
RIG-ASSAM-11,2026-10-02,COMMITTED,GK-110,CLASS_I,2026-09-23T16:00:00Z,GENERATOR,gs://well-workover-intervention-data/landing/generator/2026/09/23/rig_calendar.parquet,BATCH-GELEKI-20260923-V1
RIG-ASSAM-11,2026-10-03,COMMITTED,GK-045,CLASS_I,2026-09-23T16:00:00Z,GENERATOR,gs://well-workover-intervention-data/landing/generator/2026/09/23/rig_calendar.parquet,BATCH-GELEKI-20260923-V1
RIG-ASSAM-11,2026-10-04,AVAILABLE,,CLASS_I,2026-09-23T16:00:00Z,GENERATOR,gs://well-workover-intervention-data/landing/generator/2026/09/23/rig_calendar.parquet,BATCH-GELEKI-20260923-V1
RIG-ASSAM-11,2026-10-05,AVAILABLE,,CLASS_I,2026-09-23T16:00:00Z,GENERATOR,gs://well-workover-intervention-data/landing/generator/2026/09/23/rig_calendar.parquet,BATCH-GELEKI-20260923-V1
RIG-ASSAM-11,2026-10-06,COMMITTED,GK-101,CLASS_I,2026-09-23T16:00:00Z,GENERATOR,gs://well-workover-intervention-data/landing/generator/2026/09/23/rig_calendar.parquet,BATCH-GELEKI-20260923-V1
RIG-ASSAM-11,2026-10-07,AVAILABLE,,CLASS_I,2026-09-23T16:00:00Z,GENERATOR,gs://well-workover-intervention-data/landing/generator/2026/09/23/rig_calendar.parquet,BATCH-GELEKI-20260923-V1
RIG-ASSAM-11,2026-10-08,COMMITTED,GK-132,CLASS_I,2026-09-23T16:00:00Z,GENERATOR,gs://well-workover-intervention-data/landing/generator/2026/09/23/rig_calendar.parquet,BATCH-GELEKI-20260923-V1
RIG-ASSAM-11,2026-10-09,COMMITTED,GK-048,CLASS_I,2026-09-23T16:00:00Z,GENERATOR,gs://well-workover-intervention-data/landing/generator/2026/09/23/rig_calendar.parquet,BATCH-GELEKI-20260923-V1
RIG-ASSAM-11,2026-10-10,COMMITTED,GK-096,CLASS_I,2026-09-23T16:00:00Z,GENERATOR,gs://well-workover-intervention-data/landing/generator/2026/09/23/rig_calendar.parquet,BATCH-GELEKI-20260923-V1
RIG-ASSAM-11,2026-10-11,COMMITTED,GK-108,CLASS_I,2026-09-23T16:00:00Z,GENERATOR,gs://well-workover-intervention-data/landing/generator/2026/09/23/rig_calendar.parquet,BATCH-GELEKI-20260923-V1
RIG-ASSAM-11,2026-10-12,COMMITTED,GK-067,CLASS_I,2026-09-23T16:00:00Z,GENERATOR,gs://well-workover-intervention-data/landing/generator/2026/09/23/rig_calendar.parquet,BATCH-GELEKI-20260923-V1
RIG-ASSAM-11,2026-10-13,COMMITTED,GK-102,CLASS_I,2026-09-23T16:00:00Z,GENERATOR,gs://well-workover-intervention-data/landing/generator/2026/09/23/rig_calendar.parquet,BATCH-GELEKI-20260923-V1
RIG-ASSAM-11,2026-10-14,COMMITTED,GK-060,CLASS_I,2026-09-23T16:00:00Z,GENERATOR,gs://well-workover-intervention-data/landing/generator/2026/09/23/rig_calendar.parquet,BATCH-GELEKI-20260923-V1
RIG-ASSAM-11,2026-10-15,AVAILABLE,,CLASS_I,2026-09-23T16:00:00Z,GENERATOR,gs://well-workover-intervention-data/landing/generator/2026/09/23/rig_calendar.parquet,BATCH-GELEKI-20260923-V1
RIG-ASSAM-11,2026-10-16,MOVING,,CLASS_I,2026-09-23T16:00:00Z,GENERATOR,gs://well-workover-intervention-data/landing/generator/2026/09/23/rig_calendar.parquet,BATCH-GELEKI-20260923-V1
RIG-ASSAM-11,2026-10-17,MAINTENANCE,,CLASS_I,2026-09-23T16:00:00Z,GENERATOR,gs://well-workover-intervention-data/landing/generator/2026/09/23/rig_calendar.parquet,BATCH-GELEKI-20260923-V1
RIG-ASSAM-11,2026-10-18,MAINTENANCE,,CLASS_I,2026-09-23T16:00:00Z,GENERATOR,gs://well-workover-intervention-data/landing/generator/2026/09/23/rig_calendar.parquet,BATCH-GELEKI-20260923-V1
RIG-ASSAM-11,2026-10-19,COMMITTED,GK-029,CLASS_I,2026-09-23T16:00:00Z,GENERATOR,gs://well-workover-intervention-data/landing/generator/2026/09/23/rig_calendar.parquet,BATCH-GELEKI-20260923-V1
RIG-ASSAM-11,2026-10-20,AVAILABLE,,CLASS_I,2026-09-23T16:00:00Z,GENERATOR,gs://well-workover-intervention-data/landing/generator/2026/09/23/rig_calendar.parquet,BATCH-GELEKI-20260923-V1
RIG-ASSAM-11,2026-10-21,AVAILABLE,,CLASS_I,2026-09-23T16:00:00Z,GENERATOR,gs://well-workover-intervention-data/landing/generator/2026/09/23/rig_calendar.parquet,BATCH-GELEKI-20260923-V1
RIG-ASSAM-11,2026-10-22,MAINTENANCE,,CLASS_I,2026-09-23T16:00:00Z,GENERATOR,gs://well-workover-intervention-data/landing/generator/2026/09/23/rig_calendar.parquet,BATCH-GELEKI-20260923-V1
RIG-ASSAM-11,2026-10-23,AVAILABLE,,CLASS_I,2026-09-23T16:00:00Z,GENERATOR,gs://well-workover-intervention-data/landing/generator/2026/09/23/rig_calendar.parquet,BATCH-GELEKI-20260923-V1
RIG-ASSAM-11,2026-10-24,COMMITTED,GK-072,CLASS_I,2026-09-23T16:00:00Z,GENERATOR,gs://well-workover-intervention-data/landing/generator/2026/09/23/rig_calendar.parquet,BATCH-GELEKI-20260923-V1
RIG-ASSAM-11,2026-10-25,COMMITTED,GK-120,CLASS_I,2026-09-23T16:00:00Z,GENERATOR,gs://well-workover-intervention-data/landing/generator/2026/09/23/rig_calendar.parquet,BATCH-GELEKI-20260923-V1
RIG-ASSAM-11,2026-10-26,COMMITTED,GK-047,CLASS_I,2026-09-23T16:00:00Z,GENERATOR,gs://well-workover-intervention-data/landing/generator/2026/09/23/rig_calendar.parquet,BATCH-GELEKI-20260923-V1
RIG-ASSAM-11,2026-10-27,COMMITTED,GK-119,CLASS_I,2026-09-23T16:00:00Z,GENERATOR,gs://well-workover-intervention-data/landing/generator/2026/09/23/rig_calendar.parquet,BATCH-GELEKI-20260923-V1
RIG-ASSAM-11,2026-10-28,AVAILABLE,,CLASS_I,2026-09-23T16:00:00Z,GENERATOR,gs://well-workover-intervention-data/landing/generator/2026/09/23/rig_calendar.parquet,BATCH-GELEKI-20260923-V1
RIG-ASSAM-11,2026-10-29,COMMITTED,GK-062,CLASS_I,2026-09-23T16:00:00Z,GENERATOR,gs://well-workover-intervention-data/landing/generator/2026/09/23/rig_calendar.parquet,BATCH-GELEKI-20260923-V1
RIG-ASSAM-11,2026-10-30,COMMITTED,GK-067,CLASS_I,2026-09-23T16:00:00Z,GENERATOR,gs://well-workover-intervention-data/landing/generator/2026/09/23/rig_calendar.parquet,BATCH-GELEKI-20260923-V1
RIG-ASSAM-11,2026-10-31,MOVING,,CLASS_I,2026-09-23T16:00:00Z,GENERATOR,gs://well-workover-intervention-data/landing/generator/2026/09/23/rig_calendar.parquet,BATCH-GELEKI-20260923-V1
RIG-ASSAM-12,2026-09-01,COMMITTED,GK-044,CLASS_II,2026-09-23T16:00:00Z,GENERATOR,gs://well-workover-intervention-data/landing/generator/2026/09/23/rig_calendar.parquet,BATCH-GELEKI-20260923-V1
RIG-ASSAM-12,2026-09-02,COMMITTED,GK-035,CLASS_II,2026-09-23T16:00:00Z,GENERATOR,gs://well-workover-intervention-data/landing/generator/2026/09/23/rig_calendar.parquet,BATCH-GELEKI-20260923-V1
RIG-ASSAM-12,2026-09-03,MOVING,,CLASS_II,2026-09-23T16:00:00Z,GENERATOR,gs://well-workover-intervention-data/landing/generator/2026/09/23/rig_calendar.parquet,BATCH-GELEKI-20260923-V1
RIG-ASSAM-12,2026-09-04,MOVING,,CLASS_II,2026-09-23T16:00:00Z,GENERATOR,gs://well-workover-intervention-data/landing/generator/2026/09/23/rig_calendar.parquet,BATCH-GELEKI-20260923-V1
RIG-ASSAM-12,2026-09-05,COMMITTED,GK-090,CLASS_II,2026-09-23T16:00:00Z,GENERATOR,gs://well-workover-intervention-data/landing/generator/2026/09/23/rig_calendar.parquet,BATCH-GELEKI-20260923-V1
RIG-ASSAM-12,2026-09-06,COMMITTED,GK-028,CLASS_II,2026-09-23T16:00:00Z,GENERATOR,gs://well-workover-intervention-data/landing/generator/2026/09/23/rig_calendar.parquet,BATCH-GELEKI-20260923-V1
RIG-ASSAM-12,2026-09-07,COMMITTED,GK-028,CLASS_II,2026-09-23T16:00:00Z,GENERATOR,gs://well-workover-intervention-data/landing/generator/2026/09/23/rig_calendar.parquet,BATCH-GELEKI-20260923-V1
RIG-ASSAM-12,2026-09-08,COMMITTED,GK-142,CLASS_II,2026-09-23T16:00:00Z,GENERATOR,gs://well-workover-intervention-data/landing/generator/2026/09/23/rig_calendar.parquet,BATCH-GELEKI-20260923-V1
RIG-ASSAM-12,2026-09-09,COMMITTED,GK-103,CLASS_II,2026-09-23T16:00:00Z,GENERATOR,gs://well-workover-intervention-data/landing/generator/2026/09/23/rig_calendar.parquet,BATCH-GELEKI-20260923-V1
RIG-ASSAM-12,2026-09-10,COMMITTED,GK-002,CLASS_II,2026-09-23T16:00:00Z,GENERATOR,gs://well-workover-intervention-data/landing/generator/2026/09/23/rig_calendar.parquet,BATCH-GELEKI-20260923-V1
RIG-ASSAM-12,2026-09-11,COMMITTED,GK-039,CLASS_II,2026-09-23T16:00:00Z,GENERATOR,gs://well-workover-intervention-data/landing/generator/2026/09/23/rig_calendar.parquet,BATCH-GELEKI-20260923-V1
RIG-ASSAM-12,2026-09-12,COMMITTED,GK-120,CLASS_II,2026-09-23T16:00:00Z,GENERATOR,gs://well-workover-intervention-data/landing/generator/2026/09/23/rig_calendar.parquet,BATCH-GELEKI-20260923-V1
RIG-ASSAM-12,2026-09-13,AVAILABLE,,CLASS_II,2026-09-23T16:00:00Z,GENERATOR,gs://well-workover-intervention-data/landing/generator/2026/09/23/rig_calendar.parquet,BATCH-GELEKI-20260923-V1
RIG-ASSAM-12,2026-09-14,MOVING,,CLASS_II,2026-09-23T16:00:00Z,GENERATOR,gs://well-workover-intervention-data/landing/generator/2026/09/23/rig_calendar.parquet,BATCH-GELEKI-20260923-V1
RIG-ASSAM-12,2026-09-15,COMMITTED,GK-079,CLASS_II,2026-09-23T16:00:00Z,GENERATOR,gs://well-workover-intervention-data/landing/generator/2026/09/23/rig_calendar.parquet,BATCH-GELEKI-20260923-V1
RIG-ASSAM-12,2026-09-16,COMMITTED,GK-058,CLASS_II,2026-09-23T16:00:00Z,GENERATOR,gs://well-workover-intervention-data/landing/generator/2026/09/23/rig_calendar.parquet,BATCH-GELEKI-20260923-V1
RIG-ASSAM-12,2026-09-17,AVAILABLE,,CLASS_II,2026-09-23T16:00:00Z,GENERATOR,gs://well-workover-intervention-data/landing/generator/2026/09/23/rig_calendar.parquet,BATCH-GELEKI-20260923-V1
RIG-ASSAM-12,2026-09-18,AVAILABLE,,CLASS_II,2026-09-23T16:00:00Z,GENERATOR,gs://well-workover-intervention-data/landing/generator/2026/09/23/rig_calendar.parquet,BATCH-GELEKI-20260923-V1
RIG-ASSAM-12,2026-09-19,AVAILABLE,,CLASS_II,2026-09-23T16:00:00Z,GENERATOR,gs://well-workover-intervention-data/landing/generator/2026/09/23/rig_calendar.parquet,BATCH-GELEKI-20260923-V1
RIG-ASSAM-12,2026-09-20,COMMITTED,GK-009,CLASS_II,2026-09-23T16:00:00Z,GENERATOR,gs://well-workover-intervention-data/landing/generator/2026/09/23/rig_calendar.parquet,BATCH-GELEKI-20260923-V1
RIG-ASSAM-12,2026-09-21,AVAILABLE,,CLASS_II,2026-09-23T16:00:00Z,GENERATOR,gs://well-workover-intervention-data/landing/generator/2026/09/23/rig_calendar.parquet,BATCH-GELEKI-20260923-V1
RIG-ASSAM-12,2026-09-22,COMMITTED,GK-106,CLASS_II,2026-09-23T16:00:00Z,GENERATOR,gs://well-workover-intervention-data/landing/generator/2026/09/23/rig_calendar.parquet,BATCH-GELEKI-20260923-V1
RIG-ASSAM-12,2026-09-23,COMMITTED,GK-126,CLASS_II,2026-09-23T16:00:00Z,GENERATOR,gs://well-workover-intervention-data/landing/generator/2026/09/23/rig_calendar.parquet,BATCH-GELEKI-20260923-V1
RIG-ASSAM-12,2026-09-24,COMMITTED,GK-133,CLASS_II,2026-09-23T16:00:00Z,GENERATOR,gs://well-workover-intervention-data/landing/generator/2026/09/23/rig_calendar.parquet,BATCH-GELEKI-20260923-V1
RIG-ASSAM-12,2026-09-25,AVAILABLE,,CLASS_II,2026-09-23T16:00:00Z,GENERATOR,gs://well-workover-intervention-data/landing/generator/2026/09/23/rig_calendar.parquet,BATCH-GELEKI-20260923-V1
RIG-ASSAM-12,2026-09-26,COMMITTED,GK-069,CLASS_II,2026-09-23T16:00:00Z,GENERATOR,gs://well-workover-intervention-data/landing/generator/2026/09/23/rig_calendar.parquet,BATCH-GELEKI-20260923-V1
RIG-ASSAM-12,2026-09-27,COMMITTED,GK-110,CLASS_II,2026-09-23T16:00:00Z,GENERATOR,gs://well-workover-intervention-data/landing/generator/2026/09/23/rig_calendar.parquet,BATCH-GELEKI-20260923-V1
RIG-ASSAM-12,2026-09-28,AVAILABLE,,CLASS_II,2026-09-23T16:00:00Z,GENERATOR,gs://well-workover-intervention-data/landing/generator/2026/09/23/rig_calendar.parquet,BATCH-GELEKI-20260923-V1
RIG-ASSAM-12,2026-09-29,MOVING,,CLASS_II,2026-09-23T16:00:00Z,GENERATOR,gs://well-workover-intervention-data/landing/generator/2026/09/23/rig_calendar.parquet,BATCH-GELEKI-20260923-V1
RIG-ASSAM-12,2026-09-30,COMMITTED,GK-072,CLASS_II,2026-09-23T16:00:00Z,GENERATOR,gs://well-workover-intervention-data/landing/generator/2026/09/23/rig_calendar.parquet,BATCH-GELEKI-20260923-V1
RIG-ASSAM-12,2026-10-01,COMMITTED,GK-130,CLASS_II,2026-09-23T16:00:00Z,GENERATOR,gs://well-workover-intervention-data/landing/generator/2026/09/23/rig_calendar.parquet,BATCH-GELEKI-20260923-V1
RIG-ASSAM-12,2026-10-02,COMMITTED,GK-084,CLASS_II,2026-09-23T16:00:00Z,GENERATOR,gs://well-workover-intervention-data/landing/generator/2026/09/23/rig_calendar.parquet,BATCH-GELEKI-20260923-V1
RIG-ASSAM-12,2026-10-03,COMMITTED,GK-121,CLASS_II,2026-09-23T16:00:00Z,GENERATOR,gs://well-workover-intervention-data/landing/generator/2026/09/23/rig_calendar.parquet,BATCH-GELEKI-20260923-V1
RIG-ASSAM-12,2026-10-04,COMMITTED,GK-049,CLASS_II,2026-09-23T16:00:00Z,GENERATOR,gs://well-workover-intervention-data/landing/generator/2026/09/23/rig_calendar.parquet,BATCH-GELEKI-20260923-V1
RIG-ASSAM-12,2026-10-05,COMMITTED,GK-071,CLASS_II,2026-09-23T16:00:00Z,GENERATOR,gs://well-workover-intervention-data/landing/generator/2026/09/23/rig_calendar.parquet,BATCH-GELEKI-20260923-V1
RIG-ASSAM-12,2026-10-06,AVAILABLE,,CLASS_II,2026-09-23T16:00:00Z,GENERATOR,gs://well-workover-intervention-data/landing/generator/2026/09/23/rig_calendar.parquet,BATCH-GELEKI-20260923-V1
RIG-ASSAM-12,2026-10-07,COMMITTED,GK-074,CLASS_II,2026-09-23T16:00:00Z,GENERATOR,gs://well-workover-intervention-data/landing/generator/2026/09/23/rig_calendar.parquet,BATCH-GELEKI-20260923-V1
RIG-ASSAM-12,2026-10-08,COMMITTED,GK-004,CLASS_II,2026-09-23T16:00:00Z,GENERATOR,gs://well-workover-intervention-data/landing/generator/2026/09/23/rig_calendar.parquet,BATCH-GELEKI-20260923-V1
RIG-ASSAM-12,2026-10-09,COMMITTED,GK-142,CLASS_II,2026-09-23T16:00:00Z,GENERATOR,gs://well-workover-intervention-data/landing/generator/2026/09/23/rig_calendar.parquet,BATCH-GELEKI-20260923-V1
RIG-ASSAM-12,2026-10-10,MOVING,,CLASS_II,2026-09-23T16:00:00Z,GENERATOR,gs://well-workover-intervention-data/landing/generator/2026/09/23/rig_calendar.parquet,BATCH-GELEKI-20260923-V1
RIG-ASSAM-12,2026-10-11,COMMITTED,GK-090,CLASS_II,2026-09-23T16:00:00Z,GENERATOR,gs://well-workover-intervention-data/landing/generator/2026/09/23/rig_calendar.parquet,BATCH-GELEKI-20260923-V1
RIG-ASSAM-12,2026-10-12,COMMITTED,GK-026,CLASS_II,2026-09-23T16:00:00Z,GENERATOR,gs://well-workover-intervention-data/landing/generator/2026/09/23/rig_calendar.parquet,BATCH-GELEKI-20260923-V1
RIG-ASSAM-12,2026-10-13,COMMITTED,GK-049,CLASS_II,2026-09-23T16:00:00Z,GENERATOR,gs://well-workover-intervention-data/landing/generator/2026/09/23/rig_calendar.parquet,BATCH-GELEKI-20260923-V1
RIG-ASSAM-12,2026-10-14,COMMITTED,GK-028,CLASS_II,2026-09-23T16:00:00Z,GENERATOR,gs://well-workover-intervention-data/landing/generator/2026/09/23/rig_calendar.parquet,BATCH-GELEKI-20260923-V1
RIG-ASSAM-12,2026-10-15,COMMITTED,GK-004,CLASS_II,2026-09-23T16:00:00Z,GENERATOR,gs://well-workover-intervention-data/landing/generator/2026/09/23/rig_calendar.parquet,BATCH-GELEKI-20260923-V1
RIG-ASSAM-12,2026-10-16,COMMITTED,GK-132,CLASS_II,2026-09-23T16:00:00Z,GENERATOR,gs://well-workover-intervention-data/landing/generator/2026/09/23/rig_calendar.parquet,BATCH-GELEKI-20260923-V1
RIG-ASSAM-12,2026-10-17,AVAILABLE,,CLASS_II,2026-09-23T16:00:00Z,GENERATOR,gs://well-workover-intervention-data/landing/generator/2026/09/23/rig_calendar.parquet,BATCH-GELEKI-20260923-V1
RIG-ASSAM-12,2026-10-18,COMMITTED,GK-060,CLASS_II,2026-09-23T16:00:00Z,GENERATOR,gs://well-workover-intervention-data/landing/generator/2026/09/23/rig_calendar.parquet,BATCH-GELEKI-20260923-V1
RIG-ASSAM-12,2026-10-19,COMMITTED,GK-021,CLASS_II,2026-09-23T16:00:00Z,GENERATOR,gs://well-workover-intervention-data/landing/generator/2026/09/23/rig_calendar.parquet,BATCH-GELEKI-20260923-V1
RIG-ASSAM-12,2026-10-20,COMMITTED,GK-081,CLASS_II,2026-09-23T16:00:00Z,GENERATOR,gs://well-workover-intervention-data/landing/generator/2026/09/23/rig_calendar.parquet,BATCH-GELEKI-20260923-V1
RIG-ASSAM-12,2026-10-21,COMMITTED,GK-060,CLASS_II,2026-09-23T16:00:00Z,GENERATOR,gs://well-workover-intervention-data/landing/generator/2026/09/23/rig_calendar.parquet,BATCH-GELEKI-20260923-V1
RIG-ASSAM-12,2026-10-22,COMMITTED,GK-025,CLASS_II,2026-09-23T16:00:00Z,GENERATOR,gs://well-workover-intervention-data/landing/generator/2026/09/23/rig_calendar.parquet,BATCH-GELEKI-20260923-V1
RIG-ASSAM-12,2026-10-23,AVAILABLE,,CLASS_II,2026-09-23T16:00:00Z,GENERATOR,gs://well-workover-intervention-data/landing/generator/2026/09/23/rig_calendar.parquet,BATCH-GELEKI-20260923-V1
RIG-ASSAM-12,2026-10-24,COMMITTED,GK-090,CLASS_II,2026-09-23T16:00:00Z,GENERATOR,gs://well-workover-intervention-data/landing/generator/2026/09/23/rig_calendar.parquet,BATCH-GELEKI-20260923-V1
RIG-ASSAM-12,2026-10-25,AVAILABLE,,CLASS_II,2026-09-23T16:00:00Z,GENERATOR,gs://well-workover-intervention-data/landing/generator/2026/09/23/rig_calendar.parquet,BATCH-GELEKI-20260923-V1
RIG-ASSAM-12,2026-10-26,MAINTENANCE,,CLASS_II,2026-09-23T16:00:00Z,GENERATOR,gs://well-workover-intervention-data/landing/generator/2026/09/23/rig_calendar.parquet,BATCH-GELEKI-20260923-V1
RIG-ASSAM-12,2026-10-27,AVAILABLE,,CLASS_II,2026-09-23T16:00:00Z,GENERATOR,gs://well-workover-intervention-data/landing/generator/2026/09/23/rig_calendar.parquet,BATCH-GELEKI-20260923-V1
RIG-ASSAM-12,2026-10-28,COMMITTED,GK-125,CLASS_II,2026-09-23T16:00:00Z,GENERATOR,gs://well-workover-intervention-data/landing/generator/2026/09/23/rig_calendar.parquet,BATCH-GELEKI-20260923-V1
RIG-ASSAM-12,2026-10-29,COMMITTED,GK-140,CLASS_II,2026-09-23T16:00:00Z,GENERATOR,gs://well-workover-intervention-data/landing/generator/2026/09/23/rig_calendar.parquet,BATCH-GELEKI-20260923-V1
RIG-ASSAM-12,2026-10-30,AVAILABLE,,CLASS_II,2026-09-23T16:00:00Z,GENERATOR,gs://well-workover-intervention-data/landing/generator/2026/09/23/rig_calendar.parquet,BATCH-GELEKI-20260923-V1
RIG-ASSAM-12,2026-10-31,AVAILABLE,,CLASS_II,2026-09-23T16:00:00Z,GENERATOR,gs://well-workover-intervention-data/landing/generator/2026/09/23/rig_calendar.parquet,BATCH-GELEKI-20260923-V1
RIG-ASSAM-13,2026-09-01,MOVING,,CLASS_II,2026-09-23T16:00:00Z,GENERATOR,gs://well-workover-intervention-data/landing/generator/2026/09/23/rig_calendar.parquet,BATCH-GELEKI-20260923-V1
RIG-ASSAM-13,2026-09-02,COMMITTED,GK-103,CLASS_II,2026-09-23T16:00:00Z,GENERATOR,gs://well-workover-intervention-data/landing/generator/2026/09/23/rig_calendar.parquet,BATCH-GELEKI-20260923-V1
RIG-ASSAM-13,2026-09-03,COMMITTED,GK-137,CLASS_II,2026-09-23T16:00:00Z,GENERATOR,gs://well-workover-intervention-data/landing/generator/2026/09/23/rig_calendar.parquet,BATCH-GELEKI-20260923-V1
RIG-ASSAM-13,2026-09-04,COMMITTED,GK-112,CLASS_II,2026-09-23T16:00:00Z,GENERATOR,gs://well-workover-intervention-data/landing/generator/2026/09/23/rig_calendar.parquet,BATCH-GELEKI-20260923-V1
RIG-ASSAM-13,2026-09-05,COMMITTED,GK-124,CLASS_II,2026-09-23T16:00:00Z,GENERATOR,gs://well-workover-intervention-data/landing/generator/2026/09/23/rig_calendar.parquet,BATCH-GELEKI-20260923-V1
RIG-ASSAM-13,2026-09-06,COMMITTED,GK-017,CLASS_II,2026-09-23T16:00:00Z,GENERATOR,gs://well-workover-intervention-data/landing/generator/2026/09/23/rig_calendar.parquet,BATCH-GELEKI-20260923-V1
RIG-ASSAM-13,2026-09-07,COMMITTED,GK-105,CLASS_II,2026-09-23T16:00:00Z,GENERATOR,gs://well-workover-intervention-data/landing/generator/2026/09/23/rig_calendar.parquet,BATCH-GELEKI-20260923-V1
RIG-ASSAM-13,2026-09-08,AVAILABLE,,CLASS_II,2026-09-23T16:00:00Z,GENERATOR,gs://well-workover-intervention-data/landing/generator/2026/09/23/rig_calendar.parquet,BATCH-GELEKI-20260923-V1
RIG-ASSAM-13,2026-09-09,COMMITTED,GK-093,CLASS_II,2026-09-23T16:00:00Z,GENERATOR,gs://well-workover-intervention-data/landing/generator/2026/09/23/rig_calendar.parquet,BATCH-GELEKI-20260923-V1
RIG-ASSAM-13,2026-09-10,COMMITTED,GK-137,CLASS_II,2026-09-23T16:00:00Z,GENERATOR,gs://well-workover-intervention-data/landing/generator/2026/09/23/rig_calendar.parquet,BATCH-GELEKI-20260923-V1
RIG-ASSAM-13,2026-09-11,AVAILABLE,,CLASS_II,2026-09-23T16:00:00Z,GENERATOR,gs://well-workover-intervention-data/landing/generator/2026/09/23/rig_calendar.parquet,BATCH-GELEKI-20260923-V1
RIG-ASSAM-13,2026-09-12,COMMITTED,GK-138,CLASS_II,2026-09-23T16:00:00Z,GENERATOR,gs://well-workover-intervention-data/landing/generator/2026/09/23/rig_calendar.parquet,BATCH-GELEKI-20260923-V1
RIG-ASSAM-13,2026-09-13,COMMITTED,GK-140,CLASS_II,2026-09-23T16:00:00Z,GENERATOR,gs://well-workover-intervention-data/landing/generator/2026/09/23/rig_calendar.parquet,BATCH-GELEKI-20260923-V1
RIG-ASSAM-13,2026-09-14,COMMITTED,GK-041,CLASS_II,2026-09-23T16:00:00Z,GENERATOR,gs://well-workover-intervention-data/landing/generator/2026/09/23/rig_calendar.parquet,BATCH-GELEKI-20260923-V1
RIG-ASSAM-13,2026-09-15,AVAILABLE,,CLASS_II,2026-09-23T16:00:00Z,GENERATOR,gs://well-workover-intervention-data/landing/generator/2026/09/23/rig_calendar.parquet,BATCH-GELEKI-20260923-V1
RIG-ASSAM-13,2026-09-16,AVAILABLE,,CLASS_II,2026-09-23T16:00:00Z,GENERATOR,gs://well-workover-intervention-data/landing/generator/2026/09/23/rig_calendar.parquet,BATCH-GELEKI-20260923-V1
RIG-ASSAM-13,2026-09-17,MAINTENANCE,,CLASS_II,2026-09-23T16:00:00Z,GENERATOR,gs://well-workover-intervention-data/landing/generator/2026/09/23/rig_calendar.parquet,BATCH-GELEKI-20260923-V1
RIG-ASSAM-13,2026-09-18,AVAILABLE,,CLASS_II,2026-09-23T16:00:00Z,GENERATOR,gs://well-workover-intervention-data/landing/generator/2026/09/23/rig_calendar.parquet,BATCH-GELEKI-20260923-V1
RIG-ASSAM-13,2026-09-19,COMMITTED,GK-050,CLASS_II,2026-09-23T16:00:00Z,GENERATOR,gs://well-workover-intervention-data/landing/generator/2026/09/23/rig_calendar.parquet,BATCH-GELEKI-20260923-V1
RIG-ASSAM-13,2026-09-20,COMMITTED,GK-018,CLASS_II,2026-09-23T16:00:00Z,GENERATOR,gs://well-workover-intervention-data/landing/generator/2026/09/23/rig_calendar.parquet,BATCH-GELEKI-20260923-V1
RIG-ASSAM-13,2026-09-21,COMMITTED,GK-006,CLASS_II,2026-09-23T16:00:00Z,GENERATOR,gs://well-workover-intervention-data/landing/generator/2026/09/23/rig_calendar.parquet,BATCH-GELEKI-20260923-V1
RIG-ASSAM-13,2026-09-22,COMMITTED,GK-111,CLASS_II,2026-09-23T16:00:00Z,GENERATOR,gs://well-workover-intervention-data/landing/generator/2026/09/23/rig_calendar.parquet,BATCH-GELEKI-20260923-V1
RIG-ASSAM-13,2026-09-23,MAINTENANCE,,CLASS_II,2026-09-23T16:00:00Z,GENERATOR,gs://well-workover-intervention-data/landing/generator/2026/09/23/rig_calendar.parquet,BATCH-GELEKI-20260923-V1
RIG-ASSAM-13,2026-09-24,COMMITTED,GK-125,CLASS_II,2026-09-23T16:00:00Z,GENERATOR,gs://well-workover-intervention-data/landing/generator/2026/09/23/rig_calendar.parquet,BATCH-GELEKI-20260923-V1
RIG-ASSAM-13,2026-09-25,MAINTENANCE,,CLASS_II,2026-09-23T16:00:00Z,GENERATOR,gs://well-workover-intervention-data/landing/generator/2026/09/23/rig_calendar.parquet,BATCH-GELEKI-20260923-V1
RIG-ASSAM-13,2026-09-26,MOVING,,CLASS_II,2026-09-23T16:00:00Z,GENERATOR,gs://well-workover-intervention-data/landing/generator/2026/09/23/rig_calendar.parquet,BATCH-GELEKI-20260923-V1
RIG-ASSAM-13,2026-09-27,COMMITTED,GK-047,CLASS_II,2026-09-23T16:00:00Z,GENERATOR,gs://well-workover-intervention-data/landing/generator/2026/09/23/rig_calendar.parquet,BATCH-GELEKI-20260923-V1
RIG-ASSAM-13,2026-09-28,MAINTENANCE,,CLASS_II,2026-09-23T16:00:00Z,GENERATOR,gs://well-workover-intervention-data/landing/generator/2026/09/23/rig_calendar.parquet,BATCH-GELEKI-20260923-V1
RIG-ASSAM-13,2026-09-29,COMMITTED,GK-059,CLASS_II,2026-09-23T16:00:00Z,GENERATOR,gs://well-workover-intervention-data/landing/generator/2026/09/23/rig_calendar.parquet,BATCH-GELEKI-20260923-V1
RIG-ASSAM-13,2026-09-30,COMMITTED,GK-113,CLASS_II,2026-09-23T16:00:00Z,GENERATOR,gs://well-workover-intervention-data/landing/generator/2026/09/23/rig_calendar.parquet,BATCH-GELEKI-20260923-V1
RIG-ASSAM-13,2026-10-01,COMMITTED,GK-013,CLASS_II,2026-09-23T16:00:00Z,GENERATOR,gs://well-workover-intervention-data/landing/generator/2026/09/23/rig_calendar.parquet,BATCH-GELEKI-20260923-V1
RIG-ASSAM-13,2026-10-02,COMMITTED,GK-079,CLASS_II,2026-09-23T16:00:00Z,GENERATOR,gs://well-workover-intervention-data/landing/generator/2026/09/23/rig_calendar.parquet,BATCH-GELEKI-20260923-V1
RIG-ASSAM-13,2026-10-03,COMMITTED,GK-114,CLASS_II,2026-09-23T16:00:00Z,GENERATOR,gs://well-workover-intervention-data/landing/generator/2026/09/23/rig_calendar.parquet,BATCH-GELEKI-20260923-V1
RIG-ASSAM-13,2026-10-04,COMMITTED,GK-132,CLASS_II,2026-09-23T16:00:00Z,GENERATOR,gs://well-workover-intervention-data/landing/generator/2026/09/23/rig_calendar.parquet,BATCH-GELEKI-20260923-V1
RIG-ASSAM-13,2026-10-05,COMMITTED,GK-117,CLASS_II,2026-09-23T16:00:00Z,GENERATOR,gs://well-workover-intervention-data/landing/generator/2026/09/23/rig_calendar.parquet,BATCH-GELEKI-20260923-V1
RIG-ASSAM-13,2026-10-06,COMMITTED,GK-006,CLASS_II,2026-09-23T16:00:00Z,GENERATOR,gs://well-workover-intervention-data/landing/generator/2026/09/23/rig_calendar.parquet,BATCH-GELEKI-20260923-V1
RIG-ASSAM-13,2026-10-07,COMMITTED,GK-053,CLASS_II,2026-09-23T16:00:00Z,GENERATOR,gs://well-workover-intervention-data/landing/generator/2026/09/23/rig_calendar.parquet,BATCH-GELEKI-20260923-V1
RIG-ASSAM-13,2026-10-08,MAINTENANCE,,CLASS_II,2026-09-23T16:00:00Z,GENERATOR,gs://well-workover-intervention-data/landing/generator/2026/09/23/rig_calendar.parquet,BATCH-GELEKI-20260923-V1
RIG-ASSAM-13,2026-10-09,COMMITTED,GK-053,CLASS_II,2026-09-23T16:00:00Z,GENERATOR,gs://well-workover-intervention-data/landing/generator/2026/09/23/rig_calendar.parquet,BATCH-GELEKI-20260923-V1
RIG-ASSAM-13,2026-10-10,COMMITTED,GK-133,CLASS_II,2026-09-23T16:00:00Z,GENERATOR,gs://well-workover-intervention-data/landing/generator/2026/09/23/rig_calendar.parquet,BATCH-GELEKI-20260923-V1
RIG-ASSAM-13,2026-10-11,AVAILABLE,,CLASS_II,2026-09-23T16:00:00Z,GENERATOR,gs://well-workover-intervention-data/landing/generator/2026/09/23/rig_calendar.parquet,BATCH-GELEKI-20260923-V1
RIG-ASSAM-13,2026-10-12,AVAILABLE,,CLASS_II,2026-09-23T16:00:00Z,GENERATOR,gs://well-workover-intervention-data/landing/generator/2026/09/23/rig_calendar.parquet,BATCH-GELEKI-20260923-V1
RIG-ASSAM-13,2026-10-13,AVAILABLE,,CLASS_II,2026-09-23T16:00:00Z,GENERATOR,gs://well-workover-intervention-data/landing/generator/2026/09/23/rig_calendar.parquet,BATCH-GELEKI-20260923-V1
RIG-ASSAM-13,2026-10-14,AVAILABLE,,CLASS_II,2026-09-23T16:00:00Z,GENERATOR,gs://well-workover-intervention-data/landing/generator/2026/09/23/rig_calendar.parquet,BATCH-GELEKI-20260923-V1
RIG-ASSAM-13,2026-10-15,AVAILABLE,,CLASS_II,2026-09-23T16:00:00Z,GENERATOR,gs://well-workover-intervention-data/landing/generator/2026/09/23/rig_calendar.parquet,BATCH-GELEKI-20260923-V1
RIG-ASSAM-13,2026-10-16,COMMITTED,GK-123,CLASS_II,2026-09-23T16:00:00Z,GENERATOR,gs://well-workover-intervention-data/landing/generator/2026/09/23/rig_calendar.parquet,BATCH-GELEKI-20260923-V1
RIG-ASSAM-13,2026-10-17,AVAILABLE,,CLASS_II,2026-09-23T16:00:00Z,GENERATOR,gs://well-workover-intervention-data/landing/generator/2026/09/23/rig_calendar.parquet,BATCH-GELEKI-20260923-V1
RIG-ASSAM-13,2026-10-18,AVAILABLE,,CLASS_II,2026-09-23T16:00:00Z,GENERATOR,gs://well-workover-intervention-data/landing/generator/2026/09/23/rig_calendar.parquet,BATCH-GELEKI-20260923-V1
RIG-ASSAM-13,2026-10-19,COMMITTED,GK-114,CLASS_II,2026-09-23T16:00:00Z,GENERATOR,gs://well-workover-intervention-data/landing/generator/2026/09/23/rig_calendar.parquet,BATCH-GELEKI-20260923-V1
RIG-ASSAM-13,2026-10-20,COMMITTED,GK-007,CLASS_II,2026-09-23T16:00:00Z,GENERATOR,gs://well-workover-intervention-data/landing/generator/2026/09/23/rig_calendar.parquet,BATCH-GELEKI-20260923-V1
RIG-ASSAM-13,2026-10-21,MOVING,,CLASS_II,2026-09-23T16:00:00Z,GENERATOR,gs://well-workover-intervention-data/landing/generator/2026/09/23/rig_calendar.parquet,BATCH-GELEKI-20260923-V1
RIG-ASSAM-13,2026-10-22,COMMITTED,GK-015,CLASS_II,2026-09-23T16:00:00Z,GENERATOR,gs://well-workover-intervention-data/landing/generator/2026/09/23/rig_calendar.parquet,BATCH-GELEKI-20260923-V1
RIG-ASSAM-13,2026-10-23,COMMITTED,GK-034,CLASS_II,2026-09-23T16:00:00Z,GENERATOR,gs://well-workover-intervention-data/landing/generator/2026/09/23/rig_calendar.parquet,BATCH-GELEKI-20260923-V1
RIG-ASSAM-13,2026-10-24,MOVING,,CLASS_II,2026-09-23T16:00:00Z,GENERATOR,gs://well-workover-intervention-data/landing/generator/2026/09/23/rig_calendar.parquet,BATCH-GELEKI-20260923-V1
RIG-ASSAM-13,2026-10-25,COMMITTED,GK-001,CLASS_II,2026-09-23T16:00:00Z,GENERATOR,gs://well-workover-intervention-data/landing/generator/2026/09/23/rig_calendar.parquet,BATCH-GELEKI-20260923-V1
RIG-ASSAM-13,2026-10-26,MAINTENANCE,,CLASS_II,2026-09-23T16:00:00Z,GENERATOR,gs://well-workover-intervention-data/landing/generator/2026/09/23/rig_calendar.parquet,BATCH-GELEKI-20260923-V1
RIG-ASSAM-13,2026-10-27,COMMITTED,GK-038,CLASS_II,2026-09-23T16:00:00Z,GENERATOR,gs://well-workover-intervention-data/landing/generator/2026/09/23/rig_calendar.parquet,BATCH-GELEKI-20260923-V1
RIG-ASSAM-13,2026-10-28,AVAILABLE,,CLASS_II,2026-09-23T16:00:00Z,GENERATOR,gs://well-workover-intervention-data/landing/generator/2026/09/23/rig_calendar.parquet,BATCH-GELEKI-20260923-V1
RIG-ASSAM-13,2026-10-29,COMMITTED,GK-005,CLASS_II,2026-09-23T16:00:00Z,GENERATOR,gs://well-workover-intervention-data/landing/generator/2026/09/23/rig_calendar.parquet,BATCH-GELEKI-20260923-V1
RIG-ASSAM-13,2026-10-30,AVAILABLE,,CLASS_II,2026-09-23T16:00:00Z,GENERATOR,gs://well-workover-intervention-data/landing/generator/2026/09/23/rig_calendar.parquet,BATCH-GELEKI-20260923-V1
RIG-ASSAM-13,2026-10-31,COMMITTED,GK-100,CLASS_II,2026-09-23T16:00:00Z,GENERATOR,gs://well-workover-intervention-data/landing/generator/2026/09/23/rig_calendar.parquet,BATCH-GELEKI-20260923-V1
RIG-ASSAM-14,2026-09-01,MOVING,,CLASS_II,2026-09-23T16:00:00Z,GENERATOR,gs://well-workover-intervention-data/landing/generator/2026/09/23/rig_calendar.parquet,BATCH-GELEKI-20260923-V1
RIG-ASSAM-14,2026-09-02,COMMITTED,GK-096,CLASS_II,2026-09-23T16:00:00Z,GENERATOR,gs://well-workover-intervention-data/landing/generator/2026/09/23/rig_calendar.parquet,BATCH-GELEKI-20260923-V1
RIG-ASSAM-14,2026-09-03,COMMITTED,GK-034,CLASS_II,2026-09-23T16:00:00Z,GENERATOR,gs://well-workover-intervention-data/landing/generator/2026/09/23/rig_calendar.parquet,BATCH-GELEKI-20260923-V1
RIG-ASSAM-14,2026-09-04,COMMITTED,GK-122,CLASS_II,2026-09-23T16:00:00Z,GENERATOR,gs://well-workover-intervention-data/landing/generator/2026/09/23/rig_calendar.parquet,BATCH-GELEKI-20260923-V1
RIG-ASSAM-14,2026-09-05,COMMITTED,GK-050,CLASS_II,2026-09-23T16:00:00Z,GENERATOR,gs://well-workover-intervention-data/landing/generator/2026/09/23/rig_calendar.parquet,BATCH-GELEKI-20260923-V1
RIG-ASSAM-14,2026-09-06,AVAILABLE,,CLASS_II,2026-09-23T16:00:00Z,GENERATOR,gs://well-workover-intervention-data/landing/generator/2026/09/23/rig_calendar.parquet,BATCH-GELEKI-20260923-V1
RIG-ASSAM-14,2026-09-07,MOVING,,CLASS_II,2026-09-23T16:00:00Z,GENERATOR,gs://well-workover-intervention-data/landing/generator/2026/09/23/rig_calendar.parquet,BATCH-GELEKI-20260923-V1
RIG-ASSAM-14,2026-09-08,MOVING,,CLASS_II,2026-09-23T16:00:00Z,GENERATOR,gs://well-workover-intervention-data/landing/generator/2026/09/23/rig_calendar.parquet,BATCH-GELEKI-20260923-V1
RIG-ASSAM-14,2026-09-09,COMMITTED,GK-101,CLASS_II,2026-09-23T16:00:00Z,GENERATOR,gs://well-workover-intervention-data/landing/generator/2026/09/23/rig_calendar.parquet,BATCH-GELEKI-20260923-V1
RIG-ASSAM-14,2026-09-10,COMMITTED,GK-064,CLASS_II,2026-09-23T16:00:00Z,GENERATOR,gs://well-workover-intervention-data/landing/generator/2026/09/23/rig_calendar.parquet,BATCH-GELEKI-20260923-V1
RIG-ASSAM-14,2026-09-11,COMMITTED,GK-017,CLASS_II,2026-09-23T16:00:00Z,GENERATOR,gs://well-workover-intervention-data/landing/generator/2026/09/23/rig_calendar.parquet,BATCH-GELEKI-20260923-V1
RIG-ASSAM-14,2026-09-12,COMMITTED,GK-079,CLASS_II,2026-09-23T16:00:00Z,GENERATOR,gs://well-workover-intervention-data/landing/generator/2026/09/23/rig_calendar.parquet,BATCH-GELEKI-20260923-V1
RIG-ASSAM-14,2026-09-13,MOVING,,CLASS_II,2026-09-23T16:00:00Z,GENERATOR,gs://well-workover-intervention-data/landing/generator/2026/09/23/rig_calendar.parquet,BATCH-GELEKI-20260923-V1
RIG-ASSAM-14,2026-09-14,MOVING,,CLASS_II,2026-09-23T16:00:00Z,GENERATOR,gs://well-workover-intervention-data/landing/generator/2026/09/23/rig_calendar.parquet,BATCH-GELEKI-20260923-V1
RIG-ASSAM-14,2026-09-15,COMMITTED,GK-097,CLASS_II,2026-09-23T16:00:00Z,GENERATOR,gs://well-workover-intervention-data/landing/generator/2026/09/23/rig_calendar.parquet,BATCH-GELEKI-20260923-V1
RIG-ASSAM-14,2026-09-16,COMMITTED,GK-096,CLASS_II,2026-09-23T16:00:00Z,GENERATOR,gs://well-workover-intervention-data/landing/generator/2026/09/23/rig_calendar.parquet,BATCH-GELEKI-20260923-V1
RIG-ASSAM-14,2026-09-17,COMMITTED,GK-064,CLASS_II,2026-09-23T16:00:00Z,GENERATOR,gs://well-workover-intervention-data/landing/generator/2026/09/23/rig_calendar.parquet,BATCH-GELEKI-20260923-V1
RIG-ASSAM-14,2026-09-18,AVAILABLE,,CLASS_II,2026-09-23T16:00:00Z,GENERATOR,gs://well-workover-intervention-data/landing/generator/2026/09/23/rig_calendar.parquet,BATCH-GELEKI-20260923-V1
RIG-ASSAM-14,2026-09-19,COMMITTED,GK-115,CLASS_II,2026-09-23T16:00:00Z,GENERATOR,gs://well-workover-intervention-data/landing/generator/2026/09/23/rig_calendar.parquet,BATCH-GELEKI-20260923-V1
RIG-ASSAM-14,2026-09-20,COMMITTED,GK-142,CLASS_II,2026-09-23T16:00:00Z,GENERATOR,gs://well-workover-intervention-data/landing/generator/2026/09/23/rig_calendar.parquet,BATCH-GELEKI-20260923-V1
RIG-ASSAM-14,2026-09-21,COMMITTED,GK-043,CLASS_II,2026-09-23T16:00:00Z,GENERATOR,gs://well-workover-intervention-data/landing/generator/2026/09/23/rig_calendar.parquet,BATCH-GELEKI-20260923-V1
RIG-ASSAM-14,2026-09-22,AVAILABLE,,CLASS_II,2026-09-23T16:00:00Z,GENERATOR,gs://well-workover-intervention-data/landing/generator/2026/09/23/rig_calendar.parquet,BATCH-GELEKI-20260923-V1
RIG-ASSAM-14,2026-09-23,COMMITTED,GK-076,CLASS_II,2026-09-23T16:00:00Z,GENERATOR,gs://well-workover-intervention-data/landing/generator/2026/09/23/rig_calendar.parquet,BATCH-GELEKI-20260923-V1
RIG-ASSAM-14,2026-09-24,COMMITTED,GK-017,CLASS_II,2026-09-23T16:00:00Z,GENERATOR,gs://well-workover-intervention-data/landing/generator/2026/09/23/rig_calendar.parquet,BATCH-GELEKI-20260923-V1
RIG-ASSAM-14,2026-09-25,COMMITTED,GK-027,CLASS_II,2026-09-23T16:00:00Z,GENERATOR,gs://well-workover-intervention-data/landing/generator/2026/09/23/rig_calendar.parquet,BATCH-GELEKI-20260923-V1
RIG-ASSAM-14,2026-09-26,MAINTENANCE,,CLASS_II,2026-09-23T16:00:00Z,GENERATOR,gs://well-workover-intervention-data/landing/generator/2026/09/23/rig_calendar.parquet,BATCH-GELEKI-20260923-V1
RIG-ASSAM-14,2026-09-27,MOVING,,CLASS_II,2026-09-23T16:00:00Z,GENERATOR,gs://well-workover-intervention-data/landing/generator/2026/09/23/rig_calendar.parquet,BATCH-GELEKI-20260923-V1
RIG-ASSAM-14,2026-09-28,AVAILABLE,,CLASS_II,2026-09-23T16:00:00Z,GENERATOR,gs://well-workover-intervention-data/landing/generator/2026/09/23/rig_calendar.parquet,BATCH-GELEKI-20260923-V1
RIG-ASSAM-14,2026-09-29,AVAILABLE,,CLASS_II,2026-09-23T16:00:00Z,GENERATOR,gs://well-workover-intervention-data/landing/generator/2026/09/23/rig_calendar.parquet,BATCH-GELEKI-20260923-V1
RIG-ASSAM-14,2026-09-30,COMMITTED,GK-009,CLASS_II,2026-09-23T16:00:00Z,GENERATOR,gs://well-workover-intervention-data/landing/generator/2026/09/23/rig_calendar.parquet,BATCH-GELEKI-20260923-V1
RIG-ASSAM-14,2026-10-01,COMMITTED,GK-071,CLASS_II,2026-09-23T16:00:00Z,GENERATOR,gs://well-workover-intervention-data/landing/generator/2026/09/23/rig_calendar.parquet,BATCH-GELEKI-20260923-V1
RIG-ASSAM-14,2026-10-02,MOVING,,CLASS_II,2026-09-23T16:00:00Z,GENERATOR,gs://well-workover-intervention-data/landing/generator/2026/09/23/rig_calendar.parquet,BATCH-GELEKI-20260923-V1
RIG-ASSAM-14,2026-10-03,COMMITTED,GK-071,CLASS_II,2026-09-23T16:00:00Z,GENERATOR,gs://well-workover-intervention-data/landing/generator/2026/09/23/rig_calendar.parquet,BATCH-GELEKI-20260923-V1
RIG-ASSAM-14,2026-10-04,COMMITTED,GK-020,CLASS_II,2026-09-23T16:00:00Z,GENERATOR,gs://well-workover-intervention-data/landing/generator/2026/09/23/rig_calendar.parquet,BATCH-GELEKI-20260923-V1
RIG-ASSAM-14,2026-10-05,COMMITTED,GK-052,CLASS_II,2026-09-23T16:00:00Z,GENERATOR,gs://well-workover-intervention-data/landing/generator/2026/09/23/rig_calendar.parquet,BATCH-GELEKI-20260923-V1
RIG-ASSAM-14,2026-10-06,COMMITTED,GK-010,CLASS_II,2026-09-23T16:00:00Z,GENERATOR,gs://well-workover-intervention-data/landing/generator/2026/09/23/rig_calendar.parquet,BATCH-GELEKI-20260923-V1
RIG-ASSAM-14,2026-10-07,COMMITTED,GK-029,CLASS_II,2026-09-23T16:00:00Z,GENERATOR,gs://well-workover-intervention-data/landing/generator/2026/09/23/rig_calendar.parquet,BATCH-GELEKI-20260923-V1
RIG-ASSAM-14,2026-10-08,COMMITTED,GK-003,CLASS_II,2026-09-23T16:00:00Z,GENERATOR,gs://well-workover-intervention-data/landing/generator/2026/09/23/rig_calendar.parquet,BATCH-GELEKI-20260923-V1
RIG-ASSAM-14,2026-10-09,COMMITTED,GK-065,CLASS_II,2026-09-23T16:00:00Z,GENERATOR,gs://well-workover-intervention-data/landing/generator/2026/09/23/rig_calendar.parquet,BATCH-GELEKI-20260923-V1
RIG-ASSAM-14,2026-10-10,MAINTENANCE,,CLASS_II,2026-09-23T16:00:00Z,GENERATOR,gs://well-workover-intervention-data/landing/generator/2026/09/23/rig_calendar.parquet,BATCH-GELEKI-20260923-V1
RIG-ASSAM-14,2026-10-11,COMMITTED,GK-126,CLASS_II,2026-09-23T16:00:00Z,GENERATOR,gs://well-workover-intervention-data/landing/generator/2026/09/23/rig_calendar.parquet,BATCH-GELEKI-20260923-V1
RIG-ASSAM-14,2026-10-12,COMMITTED,GK-064,CLASS_II,2026-09-23T16:00:00Z,GENERATOR,gs://well-workover-intervention-data/landing/generator/2026/09/23/rig_calendar.parquet,BATCH-GELEKI-20260923-V1
RIG-ASSAM-14,2026-10-13,COMMITTED,GK-127,CLASS_II,2026-09-23T16:00:00Z,GENERATOR,gs://well-workover-intervention-data/landing/generator/2026/09/23/rig_calendar.parquet,BATCH-GELEKI-20260923-V1
RIG-ASSAM-14,2026-10-14,MAINTENANCE,,CLASS_II,2026-09-23T16:00:00Z,GENERATOR,gs://well-workover-intervention-data/landing/generator/2026/09/23/rig_calendar.parquet,BATCH-GELEKI-20260923-V1
RIG-ASSAM-14,2026-10-15,MAINTENANCE,,CLASS_II,2026-09-23T16:00:00Z,GENERATOR,gs://well-workover-intervention-data/landing/generator/2026/09/23/rig_calendar.parquet,BATCH-GELEKI-20260923-V1
RIG-ASSAM-14,2026-10-16,AVAILABLE,,CLASS_II,2026-09-23T16:00:00Z,GENERATOR,gs://well-workover-intervention-data/landing/generator/2026/09/23/rig_calendar.parquet,BATCH-GELEKI-20260923-V1
RIG-ASSAM-14,2026-10-17,COMMITTED,GK-077,CLASS_II,2026-09-23T16:00:00Z,GENERATOR,gs://well-workover-intervention-data/landing/generator/2026/09/23/rig_calendar.parquet,BATCH-GELEKI-20260923-V1
RIG-ASSAM-14,2026-10-18,MAINTENANCE,,CLASS_II,2026-09-23T16:00:00Z,GENERATOR,gs://well-workover-intervention-data/landing/generator/2026/09/23/rig_calendar.parquet,BATCH-GELEKI-20260923-V1
RIG-ASSAM-14,2026-10-19,COMMITTED,GK-050,CLASS_II,2026-09-23T16:00:00Z,GENERATOR,gs://well-workover-intervention-data/landing/generator/2026/09/23/rig_calendar.parquet,BATCH-GELEKI-20260923-V1
RIG-ASSAM-14,2026-10-20,MOVING,,CLASS_II,2026-09-23T16:00:00Z,GENERATOR,gs://well-workover-intervention-data/landing/generator/2026/09/23/rig_calendar.parquet,BATCH-GELEKI-20260923-V1
RIG-ASSAM-14,2026-10-21,COMMITTED,GK-034,CLASS_II,2026-09-23T16:00:00Z,GENERATOR,gs://well-workover-intervention-data/landing/generator/2026/09/23/rig_calendar.parquet,BATCH-GELEKI-20260923-V1
RIG-ASSAM-14,2026-10-22,COMMITTED,GK-047,CLASS_II,2026-09-23T16:00:00Z,GENERATOR,gs://well-workover-intervention-data/landing/generator/2026/09/23/rig_calendar.parquet,BATCH-GELEKI-20260923-V1
RIG-ASSAM-14,2026-10-23,MOVING,,CLASS_II,2026-09-23T16:00:00Z,GENERATOR,gs://well-workover-intervention-data/landing/generator/2026/09/23/rig_calendar.parquet,BATCH-GELEKI-20260923-V1
RIG-ASSAM-14,2026-10-24,MOVING,,CLASS_II,2026-09-23T16:00:00Z,GENERATOR,gs://well-workover-intervention-data/landing/generator/2026/09/23/rig_calendar.parquet,BATCH-GELEKI-20260923-V1
RIG-ASSAM-14,2026-10-25,COMMITTED,GK-076,CLASS_II,2026-09-23T16:00:00Z,GENERATOR,gs://well-workover-intervention-data/landing/generator/2026/09/23/rig_calendar.parquet,BATCH-GELEKI-20260923-V1
RIG-ASSAM-14,2026-10-26,MAINTENANCE,,CLASS_II,2026-09-23T16:00:00Z,GENERATOR,gs://well-workover-intervention-data/landing/generator/2026/09/23/rig_calendar.parquet,BATCH-GELEKI-20260923-V1
RIG-ASSAM-14,2026-10-27,AVAILABLE,,CLASS_II,2026-09-23T16:00:00Z,GENERATOR,gs://well-workover-intervention-data/landing/generator/2026/09/23/rig_calendar.parquet,BATCH-GELEKI-20260923-V1
RIG-ASSAM-14,2026-10-28,COMMITTED,GK-084,CLASS_II,2026-09-23T16:00:00Z,GENERATOR,gs://well-workover-intervention-data/landing/generator/2026/09/23/rig_calendar.parquet,BATCH-GELEKI-20260923-V1
RIG-ASSAM-14,2026-10-29,COMMITTED,GK-093,CLASS_II,2026-09-23T16:00:00Z,GENERATOR,gs://well-workover-intervention-data/landing/generator/2026/09/23/rig_calendar.parquet,BATCH-GELEKI-20260923-V1
RIG-ASSAM-14,2026-10-30,COMMITTED,GK-043,CLASS_II,2026-09-23T16:00:00Z,GENERATOR,gs://well-workover-intervention-data/landing/generator/2026/09/23/rig_calendar.parquet,BATCH-GELEKI-20260923-V1
RIG-ASSAM-14,2026-10-31,MOVING,,CLASS_II,2026-09-23T16:00:00Z,GENERATOR,gs://well-workover-intervention-data/landing/generator/2026/09/23/rig_calendar.parquet,BATCH-GELEKI-20260923-V1
RIG-ASSAM-15,2026-09-01,COMMITTED,GK-043,CLASS_II,2026-09-23T16:00:00Z,GENERATOR,gs://well-workover-intervention-data/landing/generator/2026/09/23/rig_calendar.parquet,BATCH-GELEKI-20260923-V1
RIG-ASSAM-15,2026-09-02,COMMITTED,GK-026,CLASS_II,2026-09-23T16:00:00Z,GENERATOR,gs://well-workover-intervention-data/landing/generator/2026/09/23/rig_calendar.parquet,BATCH-GELEKI-20260923-V1
RIG-ASSAM-15,2026-09-03,COMMITTED,GK-050,CLASS_II,2026-09-23T16:00:00Z,GENERATOR,gs://well-workover-intervention-data/landing/generator/2026/09/23/rig_calendar.parquet,BATCH-GELEKI-20260923-V1
RIG-ASSAM-15,2026-09-04,MOVING,,CLASS_II,2026-09-23T16:00:00Z,GENERATOR,gs://well-workover-intervention-data/landing/generator/2026/09/23/rig_calendar.parquet,BATCH-GELEKI-20260923-V1
RIG-ASSAM-15,2026-09-05,COMMITTED,GK-041,CLASS_II,2026-09-23T16:00:00Z,GENERATOR,gs://well-workover-intervention-data/landing/generator/2026/09/23/rig_calendar.parquet,BATCH-GELEKI-20260923-V1
RIG-ASSAM-15,2026-09-06,COMMITTED,GK-080,CLASS_II,2026-09-23T16:00:00Z,GENERATOR,gs://well-workover-intervention-data/landing/generator/2026/09/23/rig_calendar.parquet,BATCH-GELEKI-20260923-V1
RIG-ASSAM-15,2026-09-07,COMMITTED,GK-113,CLASS_II,2026-09-23T16:00:00Z,GENERATOR,gs://well-workover-intervention-data/landing/generator/2026/09/23/rig_calendar.parquet,BATCH-GELEKI-20260923-V1
RIG-ASSAM-15,2026-09-08,COMMITTED,GK-112,CLASS_II,2026-09-23T16:00:00Z,GENERATOR,gs://well-workover-intervention-data/landing/generator/2026/09/23/rig_calendar.parquet,BATCH-GELEKI-20260923-V1
RIG-ASSAM-15,2026-09-09,COMMITTED,GK-063,CLASS_II,2026-09-23T16:00:00Z,GENERATOR,gs://well-workover-intervention-data/landing/generator/2026/09/23/rig_calendar.parquet,BATCH-GELEKI-20260923-V1
RIG-ASSAM-15,2026-09-10,MOVING,,CLASS_II,2026-09-23T16:00:00Z,GENERATOR,gs://well-workover-intervention-data/landing/generator/2026/09/23/rig_calendar.parquet,BATCH-GELEKI-20260923-V1
RIG-ASSAM-15,2026-09-11,COMMITTED,GK-135,CLASS_II,2026-09-23T16:00:00Z,GENERATOR,gs://well-workover-intervention-data/landing/generator/2026/09/23/rig_calendar.parquet,BATCH-GELEKI-20260923-V1
RIG-ASSAM-15,2026-09-12,MAINTENANCE,,CLASS_II,2026-09-23T16:00:00Z,GENERATOR,gs://well-workover-intervention-data/landing/generator/2026/09/23/rig_calendar.parquet,BATCH-GELEKI-20260923-V1
RIG-ASSAM-15,2026-09-13,COMMITTED,GK-096,CLASS_II,2026-09-23T16:00:00Z,GENERATOR,gs://well-workover-intervention-data/landing/generator/2026/09/23/rig_calendar.parquet,BATCH-GELEKI-20260923-V1
RIG-ASSAM-15,2026-09-14,COMMITTED,GK-116,CLASS_II,2026-09-23T16:00:00Z,GENERATOR,gs://well-workover-intervention-data/landing/generator/2026/09/23/rig_calendar.parquet,BATCH-GELEKI-20260923-V1
RIG-ASSAM-15,2026-09-15,AVAILABLE,,CLASS_II,2026-09-23T16:00:00Z,GENERATOR,gs://well-workover-intervention-data/landing/generator/2026/09/23/rig_calendar.parquet,BATCH-GELEKI-20260923-V1
RIG-ASSAM-15,2026-09-16,MOVING,,CLASS_II,2026-09-23T16:00:00Z,GENERATOR,gs://well-workover-intervention-data/landing/generator/2026/09/23/rig_calendar.parquet,BATCH-GELEKI-20260923-V1
RIG-ASSAM-15,2026-09-17,COMMITTED,GK-112,CLASS_II,2026-09-23T16:00:00Z,GENERATOR,gs://well-workover-intervention-data/landing/generator/2026/09/23/rig_calendar.parquet,BATCH-GELEKI-20260923-V1
RIG-ASSAM-15,2026-09-18,COMMITTED,GK-027,CLASS_II,2026-09-23T16:00:00Z,GENERATOR,gs://well-workover-intervention-data/landing/generator/2026/09/23/rig_calendar.parquet,BATCH-GELEKI-20260923-V1
RIG-ASSAM-15,2026-09-19,COMMITTED,GK-080,CLASS_II,2026-09-23T16:00:00Z,GENERATOR,gs://well-workover-intervention-data/landing/generator/2026/09/23/rig_calendar.parquet,BATCH-GELEKI-20260923-V1
RIG-ASSAM-15,2026-09-20,COMMITTED,GK-015,CLASS_II,2026-09-23T16:00:00Z,GENERATOR,gs://well-workover-intervention-data/landing/generator/2026/09/23/rig_calendar.parquet,BATCH-GELEKI-20260923-V1
RIG-ASSAM-15,2026-09-21,COMMITTED,GK-093,CLASS_II,2026-09-23T16:00:00Z,GENERATOR,gs://well-workover-intervention-data/landing/generator/2026/09/23/rig_calendar.parquet,BATCH-GELEKI-20260923-V1
RIG-ASSAM-15,2026-09-22,COMMITTED,GK-136,CLASS_II,2026-09-23T16:00:00Z,GENERATOR,gs://well-workover-intervention-data/landing/generator/2026/09/23/rig_calendar.parquet,BATCH-GELEKI-20260923-V1
RIG-ASSAM-15,2026-09-23,AVAILABLE,,CLASS_II,2026-09-23T16:00:00Z,GENERATOR,gs://well-workover-intervention-data/landing/generator/2026/09/23/rig_calendar.parquet,BATCH-GELEKI-20260923-V1
RIG-ASSAM-15,2026-09-24,COMMITTED,GK-133,CLASS_II,2026-09-23T16:00:00Z,GENERATOR,gs://well-workover-intervention-data/landing/generator/2026/09/23/rig_calendar.parquet,BATCH-GELEKI-20260923-V1
RIG-ASSAM-15,2026-09-25,COMMITTED,GK-020,CLASS_II,2026-09-23T16:00:00Z,GENERATOR,gs://well-workover-intervention-data/landing/generator/2026/09/23/rig_calendar.parquet,BATCH-GELEKI-20260923-V1
RIG-ASSAM-15,2026-09-26,COMMITTED,GK-134,CLASS_II,2026-09-23T16:00:00Z,GENERATOR,gs://well-workover-intervention-data/landing/generator/2026/09/23/rig_calendar.parquet,BATCH-GELEKI-20260923-V1
RIG-ASSAM-15,2026-09-27,MAINTENANCE,,CLASS_II,2026-09-23T16:00:00Z,GENERATOR,gs://well-workover-intervention-data/landing/generator/2026/09/23/rig_calendar.parquet,BATCH-GELEKI-20260923-V1
RIG-ASSAM-15,2026-09-28,AVAILABLE,,CLASS_II,2026-09-23T16:00:00Z,GENERATOR,gs://well-workover-intervention-data/landing/generator/2026/09/23/rig_calendar.parquet,BATCH-GELEKI-20260923-V1
RIG-ASSAM-15,2026-09-29,COMMITTED,GK-042,CLASS_II,2026-09-23T16:00:00Z,GENERATOR,gs://well-workover-intervention-data/landing/generator/2026/09/23/rig_calendar.parquet,BATCH-GELEKI-20260923-V1
RIG-ASSAM-15,2026-09-30,COMMITTED,GK-008,CLASS_II,2026-09-23T16:00:00Z,GENERATOR,gs://well-workover-intervention-data/landing/generator/2026/09/23/rig_calendar.parquet,BATCH-GELEKI-20260923-V1
RIG-ASSAM-15,2026-10-01,COMMITTED,GK-082,CLASS_II,2026-09-23T16:00:00Z,GENERATOR,gs://well-workover-intervention-data/landing/generator/2026/09/23/rig_calendar.parquet,BATCH-GELEKI-20260923-V1
RIG-ASSAM-15,2026-10-02,COMMITTED,GK-140,CLASS_II,2026-09-23T16:00:00Z,GENERATOR,gs://well-workover-intervention-data/landing/generator/2026/09/23/rig_calendar.parquet,BATCH-GELEKI-20260923-V1
RIG-ASSAM-15,2026-10-03,COMMITTED,GK-038,CLASS_II,2026-09-23T16:00:00Z,GENERATOR,gs://well-workover-intervention-data/landing/generator/2026/09/23/rig_calendar.parquet,BATCH-GELEKI-20260923-V1
RIG-ASSAM-15,2026-10-04,COMMITTED,GK-113,CLASS_II,2026-09-23T16:00:00Z,GENERATOR,gs://well-workover-intervention-data/landing/generator/2026/09/23/rig_calendar.parquet,BATCH-GELEKI-20260923-V1
RIG-ASSAM-15,2026-10-05,COMMITTED,GK-007,CLASS_II,2026-09-23T16:00:00Z,GENERATOR,gs://well-workover-intervention-data/landing/generator/2026/09/23/rig_calendar.parquet,BATCH-GELEKI-20260923-V1
RIG-ASSAM-15,2026-10-06,COMMITTED,GK-121,CLASS_II,2026-09-23T16:00:00Z,GENERATOR,gs://well-workover-intervention-data/landing/generator/2026/09/23/rig_calendar.parquet,BATCH-GELEKI-20260923-V1
RIG-ASSAM-15,2026-10-07,COMMITTED,GK-091,CLASS_II,2026-09-23T16:00:00Z,GENERATOR,gs://well-workover-intervention-data/landing/generator/2026/09/23/rig_calendar.parquet,BATCH-GELEKI-20260923-V1
RIG-ASSAM-15,2026-10-08,COMMITTED,GK-111,CLASS_II,2026-09-23T16:00:00Z,GENERATOR,gs://well-workover-intervention-data/landing/generator/2026/09/23/rig_calendar.parquet,BATCH-GELEKI-20260923-V1
RIG-ASSAM-15,2026-10-09,COMMITTED,GK-128,CLASS_II,2026-09-23T16:00:00Z,GENERATOR,gs://well-workover-intervention-data/landing/generator/2026/09/23/rig_calendar.parquet,BATCH-GELEKI-20260923-V1
RIG-ASSAM-15,2026-10-10,AVAILABLE,,CLASS_II,2026-09-23T16:00:00Z,GENERATOR,gs://well-workover-intervention-data/landing/generator/2026/09/23/rig_calendar.parquet,BATCH-GELEKI-20260923-V1
RIG-ASSAM-15,2026-10-11,COMMITTED,GK-030,CLASS_II,2026-09-23T16:00:00Z,GENERATOR,gs://well-workover-intervention-data/landing/generator/2026/09/23/rig_calendar.parquet,BATCH-GELEKI-20260923-V1
RIG-ASSAM-15,2026-10-12,MAINTENANCE,,CLASS_II,2026-09-23T16:00:00Z,GENERATOR,gs://well-workover-intervention-data/landing/generator/2026/09/23/rig_calendar.parquet,BATCH-GELEKI-20260923-V1
RIG-ASSAM-15,2026-10-13,COMMITTED,GK-070,CLASS_II,2026-09-23T16:00:00Z,GENERATOR,gs://well-workover-intervention-data/landing/generator/2026/09/23/rig_calendar.parquet,BATCH-GELEKI-20260923-V1
RIG-ASSAM-15,2026-10-14,COMMITTED,GK-033,CLASS_II,2026-09-23T16:00:00Z,GENERATOR,gs://well-workover-intervention-data/landing/generator/2026/09/23/rig_calendar.parquet,BATCH-GELEKI-20260923-V1
RIG-ASSAM-15,2026-10-15,COMMITTED,GK-022,CLASS_II,2026-09-23T16:00:00Z,GENERATOR,gs://well-workover-intervention-data/landing/generator/2026/09/23/rig_calendar.parquet,BATCH-GELEKI-20260923-V1
RIG-ASSAM-15,2026-10-16,COMMITTED,GK-042,CLASS_II,2026-09-23T16:00:00Z,GENERATOR,gs://well-workover-intervention-data/landing/generator/2026/09/23/rig_calendar.parquet,BATCH-GELEKI-20260923-V1
RIG-ASSAM-15,2026-10-17,COMMITTED,GK-059,CLASS_II,2026-09-23T16:00:00Z,GENERATOR,gs://well-workover-intervention-data/landing/generator/2026/09/23/rig_calendar.parquet,BATCH-GELEKI-20260923-V1
RIG-ASSAM-15,2026-10-18,MOVING,,CLASS_II,2026-09-23T16:00:00Z,GENERATOR,gs://well-workover-intervention-data/landing/generator/2026/09/23/rig_calendar.parquet,BATCH-GELEKI-20260923-V1
RIG-ASSAM-15,2026-10-19,COMMITTED,GK-001,CLASS_II,2026-09-23T16:00:00Z,GENERATOR,gs://well-workover-intervention-data/landing/generator/2026/09/23/rig_calendar.parquet,BATCH-GELEKI-20260923-V1
RIG-ASSAM-15,2026-10-20,COMMITTED,GK-073,CLASS_II,2026-09-23T16:00:00Z,GENERATOR,gs://well-workover-intervention-data/landing/generator/2026/09/23/rig_calendar.parquet,BATCH-GELEKI-20260923-V1
RIG-ASSAM-15,2026-10-21,COMMITTED,GK-070,CLASS_II,2026-09-23T16:00:00Z,GENERATOR,gs://well-workover-intervention-data/landing/generator/2026/09/23/rig_calendar.parquet,BATCH-GELEKI-20260923-V1
RIG-ASSAM-15,2026-10-22,COMMITTED,GK-048,CLASS_II,2026-09-23T16:00:00Z,GENERATOR,gs://well-workover-intervention-data/landing/generator/2026/09/23/rig_calendar.parquet,BATCH-GELEKI-20260923-V1
RIG-ASSAM-15,2026-10-23,COMMITTED,GK-062,CLASS_II,2026-09-23T16:00:00Z,GENERATOR,gs://well-workover-intervention-data/landing/generator/2026/09/23/rig_calendar.parquet,BATCH-GELEKI-20260923-V1
RIG-ASSAM-15,2026-10-24,COMMITTED,GK-111,CLASS_II,2026-09-23T16:00:00Z,GENERATOR,gs://well-workover-intervention-data/landing/generator/2026/09/23/rig_calendar.parquet,BATCH-GELEKI-20260923-V1
RIG-ASSAM-15,2026-10-25,COMMITTED,GK-120,CLASS_II,2026-09-23T16:00:00Z,GENERATOR,gs://well-workover-intervention-data/landing/generator/2026/09/23/rig_calendar.parquet,BATCH-GELEKI-20260923-V1
RIG-ASSAM-15,2026-10-26,COMMITTED,GK-037,CLASS_II,2026-09-23T16:00:00Z,GENERATOR,gs://well-workover-intervention-data/landing/generator/2026/09/23/rig_calendar.parquet,BATCH-GELEKI-20260923-V1
RIG-ASSAM-15,2026-10-27,COMMITTED,GK-046,CLASS_II,2026-09-23T16:00:00Z,GENERATOR,gs://well-workover-intervention-data/landing/generator/2026/09/23/rig_calendar.parquet,BATCH-GELEKI-20260923-V1
RIG-ASSAM-15,2026-10-28,COMMITTED,GK-035,CLASS_II,2026-09-23T16:00:00Z,GENERATOR,gs://well-workover-intervention-data/landing/generator/2026/09/23/rig_calendar.parquet,BATCH-GELEKI-20260923-V1
RIG-ASSAM-15,2026-10-29,MOVING,,CLASS_II,2026-09-23T16:00:00Z,GENERATOR,gs://well-workover-intervention-data/landing/generator/2026/09/23/rig_calendar.parquet,BATCH-GELEKI-20260923-V1
RIG-ASSAM-15,2026-10-30,COMMITTED,GK-123,CLASS_II,2026-09-23T16:00:00Z,GENERATOR,gs://well-workover-intervention-data/landing/generator/2026/09/23/rig_calendar.parquet,BATCH-GELEKI-20260923-V1
RIG-ASSAM-15,2026-10-31,AVAILABLE,,CLASS_II,2026-09-23T16:00:00Z,GENERATOR,gs://well-workover-intervention-data/landing/generator/2026/09/23/rig_calendar.parquet,BATCH-GELEKI-20260923-V1
