well_id,offset_well_id,distance_m,same_zone,rank,_ingested_at,_source_system,_source_file,_batch_id
GK-001,GK-114,491.3,False,1,2026-09-23T16:00:00Z,GENERATOR,gs://well-workover-intervention-data/landing/generator/2026/09/23/well_offsets.parquet,BATCH-GELEKI-20260923-V1
GK-001,GK-113,550.0,False,2,2026-09-23T16:00:00Z,GENERATOR,gs://well-workover-intervention-data/landing/generator/2026/09/23/well_offsets.parquet,BATCH-GELEKI-20260923-V1
GK-001,GK-126,679.1,False,3,2026-09-23T16:00:00Z,GENERATOR,gs://well-workover-intervention-data/landing/generator/2026/09/23/well_offsets.parquet,BATCH-GELEKI-20260923-V1
GK-001,GK-039,684.2,False,4,2026-09-23T16:00:00Z,GENERATOR,gs://well-workover-intervention-data/landing/generator/2026/09/23/well_offsets.parquet,BATCH-GELEKI-20260923-V1
GK-001,GK-019,689.2,False,5,2026-09-23T16:00:00Z,GENERATOR,gs://well-workover-intervention-data/landing/generator/2026/09/23/well_offsets.parquet,BATCH-GELEKI-20260923-V1
GK-001,GK-070,744.2,False,6,2026-09-23T16:00:00Z,GENERATOR,gs://well-workover-intervention-data/landing/generator/2026/09/23/well_offsets.parquet,BATCH-GELEKI-20260923-V1
GK-002,GK-107,183.9,False,1,2026-09-23T16:00:00Z,GENERATOR,gs://well-workover-intervention-data/landing/generator/2026/09/23/well_offsets.parquet,BATCH-GELEKI-20260923-V1
GK-002,GK-082,262.9,True,2,2026-09-23T16:00:00Z,GENERATOR,gs://well-workover-intervention-data/landing/generator/2026/09/23/well_offsets.parquet,BATCH-GELEKI-20260923-V1
GK-002,GK-097,303.5,False,3,2026-09-23T16:00:00Z,GENERATOR,gs://well-workover-intervention-data/landing/generator/2026/09/23/well_offsets.parquet,BATCH-GELEKI-20260923-V1
GK-002,GK-074,338.0,False,4,2026-09-23T16:00:00Z,GENERATOR,gs://well-workover-intervention-data/landing/generator/2026/09/23/well_offsets.parquet,BATCH-GELEKI-20260923-V1
GK-002,GK-032,377.1,False,5,2026-09-23T16:00:00Z,GENERATOR,gs://well-workover-intervention-data/landing/generator/2026/09/23/well_offsets.parquet,BATCH-GELEKI-20260923-V1
GK-002,GK-007,381.3,False,6,2026-09-23T16:00:00Z,GENERATOR,gs://well-workover-intervention-data/landing/generator/2026/09/23/well_offsets.parquet,BATCH-GELEKI-20260923-V1
GK-003,GK-098,56.3,False,1,2026-09-23T16:00:00Z,GENERATOR,gs://well-workover-intervention-data/landing/generator/2026/09/23/well_offsets.parquet,BATCH-GELEKI-20260923-V1
GK-003,GK-021,128.1,True,2,2026-09-23T16:00:00Z,GENERATOR,gs://well-workover-intervention-data/landing/generator/2026/09/23/well_offsets.parquet,BATCH-GELEKI-20260923-V1
GK-003,GK-026,151.6,True,3,2026-09-23T16:00:00Z,GENERATOR,gs://well-workover-intervention-data/landing/generator/2026/09/23/well_offsets.parquet,BATCH-GELEKI-20260923-V1
GK-003,GK-100,253.9,False,4,2026-09-23T16:00:00Z,GENERATOR,gs://well-workover-intervention-data/landing/generator/2026/09/23/well_offsets.parquet,BATCH-GELEKI-20260923-V1
GK-003,GK-039,284.1,False,5,2026-09-23T16:00:00Z,GENERATOR,gs://well-workover-intervention-data/landing/generator/2026/09/23/well_offsets.parquet,BATCH-GELEKI-20260923-V1
GK-003,GK-112,308.7,False,6,2026-09-23T16:00:00Z,GENERATOR,gs://well-workover-intervention-data/landing/generator/2026/09/23/well_offsets.parquet,BATCH-GELEKI-20260923-V1
GK-004,GK-022,269.0,True,1,2026-09-23T16:00:00Z,GENERATOR,gs://well-workover-intervention-data/landing/generator/2026/09/23/well_offsets.parquet,BATCH-GELEKI-20260923-V1
GK-004,GK-005,330.3,False,2,2026-09-23T16:00:00Z,GENERATOR,gs://well-workover-intervention-data/landing/generator/2026/09/23/well_offsets.parquet,BATCH-GELEKI-20260923-V1
GK-004,GK-120,358.1,True,3,2026-09-23T16:00:00Z,GENERATOR,gs://well-workover-intervention-data/landing/generator/2026/09/23/well_offsets.parquet,BATCH-GELEKI-20260923-V1
GK-004,GK-014,366.5,False,4,2026-09-23T16:00:00Z,GENERATOR,gs://well-workover-intervention-data/landing/generator/2026/09/23/well_offsets.parquet,BATCH-GELEKI-20260923-V1
GK-004,GK-036,369.9,False,5,2026-09-23T16:00:00Z,GENERATOR,gs://well-workover-intervention-data/landing/generator/2026/09/23/well_offsets.parquet,BATCH-GELEKI-20260923-V1
GK-004,GK-042,383.9,False,6,2026-09-23T16:00:00Z,GENERATOR,gs://well-workover-intervention-data/landing/generator/2026/09/23/well_offsets.parquet,BATCH-GELEKI-20260923-V1
GK-005,GK-036,139.6,True,1,2026-09-23T16:00:00Z,GENERATOR,gs://well-workover-intervention-data/landing/generator/2026/09/23/well_offsets.parquet,BATCH-GELEKI-20260923-V1
GK-005,GK-120,256.4,False,2,2026-09-23T16:00:00Z,GENERATOR,gs://well-workover-intervention-data/landing/generator/2026/09/23/well_offsets.parquet,BATCH-GELEKI-20260923-V1
GK-005,GK-004,330.3,False,3,2026-09-23T16:00:00Z,GENERATOR,gs://well-workover-intervention-data/landing/generator/2026/09/23/well_offsets.parquet,BATCH-GELEKI-20260923-V1
GK-005,GK-033,410.0,False,4,2026-09-23T16:00:00Z,GENERATOR,gs://well-workover-intervention-data/landing/generator/2026/09/23/well_offsets.parquet,BATCH-GELEKI-20260923-V1
GK-005,GK-013,449.6,True,5,2026-09-23T16:00:00Z,GENERATOR,gs://well-workover-intervention-data/landing/generator/2026/09/23/well_offsets.parquet,BATCH-GELEKI-20260923-V1
GK-005,GK-054,463.1,False,6,2026-09-23T16:00:00Z,GENERATOR,gs://well-workover-intervention-data/landing/generator/2026/09/23/well_offsets.parquet,BATCH-GELEKI-20260923-V1
GK-006,GK-094,267.7,True,1,2026-09-23T16:00:00Z,GENERATOR,gs://well-workover-intervention-data/landing/generator/2026/09/23/well_offsets.parquet,BATCH-GELEKI-20260923-V1
GK-006,GK-061,355.8,True,2,2026-09-23T16:00:00Z,GENERATOR,gs://well-workover-intervention-data/landing/generator/2026/09/23/well_offsets.parquet,BATCH-GELEKI-20260923-V1
GK-006,GK-072,519.8,False,3,2026-09-23T16:00:00Z,GENERATOR,gs://well-workover-intervention-data/landing/generator/2026/09/23/well_offsets.parquet,BATCH-GELEKI-20260923-V1
GK-006,GK-031,622.7,False,4,2026-09-23T16:00:00Z,GENERATOR,gs://well-workover-intervention-data/landing/generator/2026/09/23/well_offsets.parquet,BATCH-GELEKI-20260923-V1
GK-006,GK-069,635.9,True,5,2026-09-23T16:00:00Z,GENERATOR,gs://well-workover-intervention-data/landing/generator/2026/09/23/well_offsets.parquet,BATCH-GELEKI-20260923-V1
GK-006,GK-076,776.7,False,6,2026-09-23T16:00:00Z,GENERATOR,gs://well-workover-intervention-data/landing/generator/2026/09/23/well_offsets.parquet,BATCH-GELEKI-20260923-V1
GK-007,GK-032,90.5,True,1,2026-09-23T16:00:00Z,GENERATOR,gs://well-workover-intervention-data/landing/generator/2026/09/23/well_offsets.parquet,BATCH-GELEKI-20260923-V1
GK-007,GK-082,174.2,False,2,2026-09-23T16:00:00Z,GENERATOR,gs://well-workover-intervention-data/landing/generator/2026/09/23/well_offsets.parquet,BATCH-GELEKI-20260923-V1
GK-007,GK-060,323.8,False,3,2026-09-23T16:00:00Z,GENERATOR,gs://well-workover-intervention-data/landing/generator/2026/09/23/well_offsets.parquet,BATCH-GELEKI-20260923-V1
GK-007,GK-107,330.5,True,4,2026-09-23T16:00:00Z,GENERATOR,gs://well-workover-intervention-data/landing/generator/2026/09/23/well_offsets.parquet,BATCH-GELEKI-20260923-V1
GK-007,GK-002,381.3,False,5,2026-09-23T16:00:00Z,GENERATOR,gs://well-workover-intervention-data/landing/generator/2026/09/23/well_offsets.parquet,BATCH-GELEKI-20260923-V1
GK-007,GK-117,521.4,False,6,2026-09-23T16:00:00Z,GENERATOR,gs://well-workover-intervention-data/landing/generator/2026/09/23/well_offsets.parquet,BATCH-GELEKI-20260923-V1
GK-008,GK-050,230.8,False,1,2026-09-23T16:00:00Z,GENERATOR,gs://well-workover-intervention-data/landing/generator/2026/09/23/well_offsets.parquet,BATCH-GELEKI-20260923-V1
GK-008,GK-056,416.4,False,2,2026-09-23T16:00:00Z,GENERATOR,gs://well-workover-intervention-data/landing/generator/2026/09/23/well_offsets.parquet,BATCH-GELEKI-20260923-V1
GK-008,GK-096,442.8,True,3,2026-09-23T16:00:00Z,GENERATOR,gs://well-workover-intervention-data/landing/generator/2026/09/23/well_offsets.parquet,BATCH-GELEKI-20260923-V1
GK-008,GK-073,451.0,True,4,2026-09-23T16:00:00Z,GENERATOR,gs://well-workover-intervention-data/landing/generator/2026/09/23/well_offsets.parquet,BATCH-GELEKI-20260923-V1
GK-008,GK-016,468.9,False,5,2026-09-23T16:00:00Z,GENERATOR,gs://well-workover-intervention-data/landing/generator/2026/09/23/well_offsets.parquet,BATCH-GELEKI-20260923-V1
GK-008,GK-079,476.1,True,6,2026-09-23T16:00:00Z,GENERATOR,gs://well-workover-intervention-data/landing/generator/2026/09/23/well_offsets.parquet,BATCH-GELEKI-20260923-V1
GK-009,GK-027,60.3,False,1,2026-09-23T16:00:00Z,GENERATOR,gs://well-workover-intervention-data/landing/generator/2026/09/23/well_offsets.parquet,BATCH-GELEKI-20260923-V1
GK-009,GK-100,232.1,False,2,2026-09-23T16:00:00Z,GENERATOR,gs://well-workover-intervention-data/landing/generator/2026/09/23/well_offsets.parquet,BATCH-GELEKI-20260923-V1
GK-009,GK-067,252.7,False,3,2026-09-23T16:00:00Z,GENERATOR,gs://well-workover-intervention-data/landing/generator/2026/09/23/well_offsets.parquet,BATCH-GELEKI-20260923-V1
GK-009,GK-021,280.0,False,4,2026-09-23T16:00:00Z,GENERATOR,gs://well-workover-intervention-data/landing/generator/2026/09/23/well_offsets.parquet,BATCH-GELEKI-20260923-V1
GK-009,GK-132,290.8,False,5,2026-09-23T16:00:00Z,GENERATOR,gs://well-workover-intervention-data/landing/generator/2026/09/23/well_offsets.parquet,BATCH-GELEKI-20260923-V1
GK-009,GK-026,384.3,False,6,2026-09-23T16:00:00Z,GENERATOR,gs://well-workover-intervention-data/landing/generator/2026/09/23/well_offsets.parquet,BATCH-GELEKI-20260923-V1
GK-010,GK-131,149.3,True,1,2026-09-23T16:00:00Z,GENERATOR,gs://well-workover-intervention-data/landing/generator/2026/09/23/well_offsets.parquet,BATCH-GELEKI-20260923-V1
GK-010,GK-025,187.2,False,2,2026-09-23T16:00:00Z,GENERATOR,gs://well-workover-intervention-data/landing/generator/2026/09/23/well_offsets.parquet,BATCH-GELEKI-20260923-V1
GK-010,GK-135,262.9,True,3,2026-09-23T16:00:00Z,GENERATOR,gs://well-workover-intervention-data/landing/generator/2026/09/23/well_offsets.parquet,BATCH-GELEKI-20260923-V1
GK-010,GK-133,269.0,False,4,2026-09-23T16:00:00Z,GENERATOR,gs://well-workover-intervention-data/landing/generator/2026/09/23/well_offsets.parquet,BATCH-GELEKI-20260923-V1
GK-010,GK-075,431.2,True,5,2026-09-23T16:00:00Z,GENERATOR,gs://well-workover-intervention-data/landing/generator/2026/09/23/well_offsets.parquet,BATCH-GELEKI-20260923-V1
GK-010,GK-068,451.0,True,6,2026-09-23T16:00:00Z,GENERATOR,gs://well-workover-intervention-data/landing/generator/2026/09/23/well_offsets.parquet,BATCH-GELEKI-20260923-V1
GK-011,GK-019,311.5,False,1,2026-09-23T16:00:00Z,GENERATOR,gs://well-workover-intervention-data/landing/generator/2026/09/23/well_offsets.parquet,BATCH-GELEKI-20260923-V1
GK-011,GK-112,424.0,False,2,2026-09-23T16:00:00Z,GENERATOR,gs://well-workover-intervention-data/landing/generator/2026/09/23/well_offsets.parquet,BATCH-GELEKI-20260923-V1
GK-011,GK-081,441.3,True,3,2026-09-23T16:00:00Z,GENERATOR,gs://well-workover-intervention-data/landing/generator/2026/09/23/well_offsets.parquet,BATCH-GELEKI-20260923-V1
GK-011,GK-098,462.5,False,4,2026-09-23T16:00:00Z,GENERATOR,gs://well-workover-intervention-data/landing/generator/2026/09/23/well_offsets.parquet,BATCH-GELEKI-20260923-V1
GK-011,GK-003,497.7,True,5,2026-09-23T16:00:00Z,GENERATOR,gs://well-workover-intervention-data/landing/generator/2026/09/23/well_offsets.parquet,BATCH-GELEKI-20260923-V1
GK-011,GK-039,505.1,False,6,2026-09-23T16:00:00Z,GENERATOR,gs://well-workover-intervention-data/landing/generator/2026/09/23/well_offsets.parquet,BATCH-GELEKI-20260923-V1
GK-012,GK-062,288.9,False,1,2026-09-23T16:00:00Z,GENERATOR,gs://well-workover-intervention-data/landing/generator/2026/09/23/well_offsets.parquet,BATCH-GELEKI-20260923-V1
GK-012,GK-096,479.5,False,2,2026-09-23T16:00:00Z,GENERATOR,gs://well-workover-intervention-data/landing/generator/2026/09/23/well_offsets.parquet,BATCH-GELEKI-20260923-V1
GK-012,GK-056,511.9,True,3,2026-09-23T16:00:00Z,GENERATOR,gs://well-workover-intervention-data/landing/generator/2026/09/23/well_offsets.parquet,BATCH-GELEKI-20260923-V1
GK-012,GK-073,525.0,False,4,2026-09-23T16:00:00Z,GENERATOR,gs://well-workover-intervention-data/landing/generator/2026/09/23/well_offsets.parquet,BATCH-GELEKI-20260923-V1
GK-012,GK-133,534.3,False,5,2026-09-23T16:00:00Z,GENERATOR,gs://well-workover-intervention-data/landing/generator/2026/09/23/well_offsets.parquet,BATCH-GELEKI-20260923-V1
GK-012,GK-016,587.6,False,6,2026-09-23T16:00:00Z,GENERATOR,gs://well-workover-intervention-data/landing/generator/2026/09/23/well_offsets.parquet,BATCH-GELEKI-20260923-V1
GK-013,GK-054,171.3,False,1,2026-09-23T16:00:00Z,GENERATOR,gs://well-workover-intervention-data/landing/generator/2026/09/23/well_offsets.parquet,BATCH-GELEKI-20260923-V1
GK-013,GK-120,293.0,False,2,2026-09-23T16:00:00Z,GENERATOR,gs://well-workover-intervention-data/landing/generator/2026/09/23/well_offsets.parquet,BATCH-GELEKI-20260923-V1
GK-013,GK-036,318.5,True,3,2026-09-23T16:00:00Z,GENERATOR,gs://well-workover-intervention-data/landing/generator/2026/09/23/well_offsets.parquet,BATCH-GELEKI-20260923-V1
GK-013,GK-005,449.6,True,4,2026-09-23T16:00:00Z,GENERATOR,gs://well-workover-intervention-data/landing/generator/2026/09/23/well_offsets.parquet,BATCH-GELEKI-20260923-V1
GK-013,GK-043,500.5,False,5,2026-09-23T16:00:00Z,GENERATOR,gs://well-workover-intervention-data/landing/generator/2026/09/23/well_offsets.parquet,BATCH-GELEKI-20260923-V1
GK-013,GK-058,515.4,False,6,2026-09-23T16:00:00Z,GENERATOR,gs://well-workover-intervention-data/landing/generator/2026/09/23/well_offsets.parquet,BATCH-GELEKI-20260923-V1
GK-014,GK-042,136.6,False,1,2026-09-23T16:00:00Z,GENERATOR,gs://well-workover-intervention-data/landing/generator/2026/09/23/well_offsets.parquet,BATCH-GELEKI-20260923-V1
GK-014,GK-022,174.8,False,2,2026-09-23T16:00:00Z,GENERATOR,gs://well-workover-intervention-data/landing/generator/2026/09/23/well_offsets.parquet,BATCH-GELEKI-20260923-V1
GK-014,GK-125,354.8,False,3,2026-09-23T16:00:00Z,GENERATOR,gs://well-workover-intervention-data/landing/generator/2026/09/23/well_offsets.parquet,BATCH-GELEKI-20260923-V1
GK-014,GK-043,362.3,False,4,2026-09-23T16:00:00Z,GENERATOR,gs://well-workover-intervention-data/landing/generator/2026/09/23/well_offsets.parquet,BATCH-GELEKI-20260923-V1
GK-014,GK-004,366.5,False,5,2026-09-23T16:00:00Z,GENERATOR,gs://well-workover-intervention-data/landing/generator/2026/09/23/well_offsets.parquet,BATCH-GELEKI-20260923-V1
GK-014,GK-120,437.9,False,6,2026-09-23T16:00:00Z,GENERATOR,gs://well-workover-intervention-data/landing/generator/2026/09/23/well_offsets.parquet,BATCH-GELEKI-20260923-V1
GK-015,GK-147,307.6,False,1,2026-09-23T16:00:00Z,GENERATOR,gs://well-workover-intervention-data/landing/generator/2026/09/23/well_offsets.parquet,BATCH-GELEKI-20260923-V1
GK-015,GK-095,322.8,True,2,2026-09-23T16:00:00Z,GENERATOR,gs://well-workover-intervention-data/landing/generator/2026/09/23/well_offsets.parquet,BATCH-GELEKI-20260923-V1
GK-015,GK-060,508.9,False,3,2026-09-23T16:00:00Z,GENERATOR,gs://well-workover-intervention-data/landing/generator/2026/09/23/well_offsets.parquet,BATCH-GELEKI-20260923-V1
GK-015,GK-018,530.1,True,4,2026-09-23T16:00:00Z,GENERATOR,gs://well-workover-intervention-data/landing/generator/2026/09/23/well_offsets.parquet,BATCH-GELEKI-20260923-V1
GK-015,GK-007,635.1,True,5,2026-09-23T16:00:00Z,GENERATOR,gs://well-workover-intervention-data/landing/generator/2026/09/23/well_offsets.parquet,BATCH-GELEKI-20260923-V1
GK-015,GK-032,682.6,True,6,2026-09-23T16:00:00Z,GENERATOR,gs://well-workover-intervention-data/landing/generator/2026/09/23/well_offsets.parquet,BATCH-GELEKI-20260923-V1
GK-016,GK-056,203.4,False,1,2026-09-23T16:00:00Z,GENERATOR,gs://well-workover-intervention-data/landing/generator/2026/09/23/well_offsets.parquet,BATCH-GELEKI-20260923-V1
GK-016,GK-096,249.9,False,2,2026-09-23T16:00:00Z,GENERATOR,gs://well-workover-intervention-data/landing/generator/2026/09/23/well_offsets.parquet,BATCH-GELEKI-20260923-V1
GK-016,GK-050,291.6,True,3,2026-09-23T16:00:00Z,GENERATOR,gs://well-workover-intervention-data/landing/generator/2026/09/23/well_offsets.parquet,BATCH-GELEKI-20260923-V1
GK-016,GK-047,390.4,True,4,2026-09-23T16:00:00Z,GENERATOR,gs://well-workover-intervention-data/landing/generator/2026/09/23/well_offsets.parquet,BATCH-GELEKI-20260923-V1
GK-016,GK-073,416.2,False,5,2026-09-23T16:00:00Z,GENERATOR,gs://well-workover-intervention-data/landing/generator/2026/09/23/well_offsets.parquet,BATCH-GELEKI-20260923-V1
GK-016,GK-008,468.9,False,6,2026-09-23T16:00:00Z,GENERATOR,gs://well-workover-intervention-data/landing/generator/2026/09/23/well_offsets.parquet,BATCH-GELEKI-20260923-V1
GK-017,GK-076,40.6,False,1,2026-09-23T16:00:00Z,GENERATOR,gs://well-workover-intervention-data/landing/generator/2026/09/23/well_offsets.parquet,BATCH-GELEKI-20260923-V1
GK-017,GK-041,157.5,False,2,2026-09-23T16:00:00Z,GENERATOR,gs://well-workover-intervention-data/landing/generator/2026/09/23/well_offsets.parquet,BATCH-GELEKI-20260923-V1
GK-017,GK-075,245.7,True,3,2026-09-23T16:00:00Z,GENERATOR,gs://well-workover-intervention-data/landing/generator/2026/09/23/well_offsets.parquet,BATCH-GELEKI-20260923-V1
GK-017,GK-068,307.4,True,4,2026-09-23T16:00:00Z,GENERATOR,gs://well-workover-intervention-data/landing/generator/2026/09/23/well_offsets.parquet,BATCH-GELEKI-20260923-V1
GK-017,GK-122,323.1,False,5,2026-09-23T16:00:00Z,GENERATOR,gs://well-workover-intervention-data/landing/generator/2026/09/23/well_offsets.parquet,BATCH-GELEKI-20260923-V1
GK-017,GK-138,354.5,False,6,2026-09-23T16:00:00Z,GENERATOR,gs://well-workover-intervention-data/landing/generator/2026/09/23/well_offsets.parquet,BATCH-GELEKI-20260923-V1
GK-018,GK-141,216.5,True,1,2026-09-23T16:00:00Z,GENERATOR,gs://well-workover-intervention-data/landing/generator/2026/09/23/well_offsets.parquet,BATCH-GELEKI-20260923-V1
GK-018,GK-095,220.7,True,2,2026-09-23T16:00:00Z,GENERATOR,gs://well-workover-intervention-data/landing/generator/2026/09/23/well_offsets.parquet,BATCH-GELEKI-20260923-V1
GK-018,GK-142,408.7,False,3,2026-09-23T16:00:00Z,GENERATOR,gs://well-workover-intervention-data/landing/generator/2026/09/23/well_offsets.parquet,BATCH-GELEKI-20260923-V1
GK-018,GK-071,441.6,True,4,2026-09-23T16:00:00Z,GENERATOR,gs://well-workover-intervention-data/landing/generator/2026/09/23/well_offsets.parquet,BATCH-GELEKI-20260923-V1
GK-018,GK-037,497.8,False,5,2026-09-23T16:00:00Z,GENERATOR,gs://well-workover-intervention-data/landing/generator/2026/09/23/well_offsets.parquet,BATCH-GELEKI-20260923-V1
GK-018,GK-015,530.1,True,6,2026-09-23T16:00:00Z,GENERATOR,gs://well-workover-intervention-data/landing/generator/2026/09/23/well_offsets.parquet,BATCH-GELEKI-20260923-V1
GK-019,GK-126,284.5,False,1,2026-09-23T16:00:00Z,GENERATOR,gs://well-workover-intervention-data/landing/generator/2026/09/23/well_offsets.parquet,BATCH-GELEKI-20260923-V1
GK-019,GK-011,311.5,False,2,2026-09-23T16:00:00Z,GENERATOR,gs://well-workover-intervention-data/landing/generator/2026/09/23/well_offsets.parquet,BATCH-GELEKI-20260923-V1
GK-019,GK-081,403.7,False,3,2026-09-23T16:00:00Z,GENERATOR,gs://well-workover-intervention-data/landing/generator/2026/09/23/well_offsets.parquet,BATCH-GELEKI-20260923-V1
GK-019,GK-070,422.2,False,4,2026-09-23T16:00:00Z,GENERATOR,gs://well-workover-intervention-data/landing/generator/2026/09/23/well_offsets.parquet,BATCH-GELEKI-20260923-V1
GK-019,GK-114,440.8,False,5,2026-09-23T16:00:00Z,GENERATOR,gs://well-workover-intervention-data/landing/generator/2026/09/23/well_offsets.parquet,BATCH-GELEKI-20260923-V1
GK-019,GK-113,512.0,True,6,2026-09-23T16:00:00Z,GENERATOR,gs://well-workover-intervention-data/landing/generator/2026/09/23/well_offsets.parquet,BATCH-GELEKI-20260923-V1
GK-020,GK-055,85.0,True,1,2026-09-23T16:00:00Z,GENERATOR,gs://well-workover-intervention-data/landing/generator/2026/09/23/well_offsets.parquet,BATCH-GELEKI-20260923-V1
GK-020,GK-089,425.3,True,2,2026-09-23T16:00:00Z,GENERATOR,gs://well-workover-intervention-data/landing/generator/2026/09/23/well_offsets.parquet,BATCH-GELEKI-20260923-V1
GK-020,GK-033,606.7,False,3,2026-09-23T16:00:00Z,GENERATOR,gs://well-workover-intervention-data/landing/generator/2026/09/23/well_offsets.parquet,BATCH-GELEKI-20260923-V1
GK-020,GK-023,615.1,False,4,2026-09-23T16:00:00Z,GENERATOR,gs://well-workover-intervention-data/landing/generator/2026/09/23/well_offsets.parquet,BATCH-GELEKI-20260923-V1
GK-020,GK-137,636.0,False,5,2026-09-23T16:00:00Z,GENERATOR,gs://well-workover-intervention-data/landing/generator/2026/09/23/well_offsets.parquet,BATCH-GELEKI-20260923-V1
GK-020,GK-087,771.2,False,6,2026-09-23T16:00:00Z,GENERATOR,gs://well-workover-intervention-data/landing/generator/2026/09/23/well_offsets.parquet,BATCH-GELEKI-20260923-V1
GK-021,GK-003,128.1,True,1,2026-09-23T16:00:00Z,GENERATOR,gs://well-workover-intervention-data/landing/generator/2026/09/23/well_offsets.parquet,BATCH-GELEKI-20260923-V1
GK-021,GK-026,153.6,True,2,2026-09-23T16:00:00Z,GENERATOR,gs://well-workover-intervention-data/landing/generator/2026/09/23/well_offsets.parquet,BATCH-GELEKI-20260923-V1
GK-021,GK-100,167.7,False,3,2026-09-23T16:00:00Z,GENERATOR,gs://well-workover-intervention-data/landing/generator/2026/09/23/well_offsets.parquet,BATCH-GELEKI-20260923-V1
GK-021,GK-098,181.2,False,4,2026-09-23T16:00:00Z,GENERATOR,gs://well-workover-intervention-data/landing/generator/2026/09/23/well_offsets.parquet,BATCH-GELEKI-20260923-V1
GK-021,GK-027,261.9,True,5,2026-09-23T16:00:00Z,GENERATOR,gs://well-workover-intervention-data/landing/generator/2026/09/23/well_offsets.parquet,BATCH-GELEKI-20260923-V1
GK-021,GK-009,280.0,False,6,2026-09-23T16:00:00Z,GENERATOR,gs://well-workover-intervention-data/landing/generator/2026/09/23/well_offsets.parquet,BATCH-GELEKI-20260923-V1
GK-022,GK-014,174.8,False,1,2026-09-23T16:00:00Z,GENERATOR,gs://well-workover-intervention-data/landing/generator/2026/09/23/well_offsets.parquet,BATCH-GELEKI-20260923-V1
GK-022,GK-004,269.0,True,2,2026-09-23T16:00:00Z,GENERATOR,gs://well-workover-intervention-data/landing/generator/2026/09/23/well_offsets.parquet,BATCH-GELEKI-20260923-V1
GK-022,GK-042,283.3,False,3,2026-09-23T16:00:00Z,GENERATOR,gs://well-workover-intervention-data/landing/generator/2026/09/23/well_offsets.parquet,BATCH-GELEKI-20260923-V1
GK-022,GK-120,487.4,True,4,2026-09-23T16:00:00Z,GENERATOR,gs://well-workover-intervention-data/landing/generator/2026/09/23/well_offsets.parquet,BATCH-GELEKI-20260923-V1
GK-022,GK-125,528.4,True,5,2026-09-23T16:00:00Z,GENERATOR,gs://well-workover-intervention-data/landing/generator/2026/09/23/well_offsets.parquet,BATCH-GELEKI-20260923-V1
GK-022,GK-043,530.1,True,6,2026-09-23T16:00:00Z,GENERATOR,gs://well-workover-intervention-data/landing/generator/2026/09/23/well_offsets.parquet,BATCH-GELEKI-20260923-V1
GK-023,GK-137,223.2,True,1,2026-09-23T16:00:00Z,GENERATOR,gs://well-workover-intervention-data/landing/generator/2026/09/23/well_offsets.parquet,BATCH-GELEKI-20260923-V1
GK-023,GK-086,323.0,True,2,2026-09-23T16:00:00Z,GENERATOR,gs://well-workover-intervention-data/landing/generator/2026/09/23/well_offsets.parquet,BATCH-GELEKI-20260923-V1
GK-023,GK-089,417.2,False,3,2026-09-23T16:00:00Z,GENERATOR,gs://well-workover-intervention-data/landing/generator/2026/09/23/well_offsets.parquet,BATCH-GELEKI-20260923-V1
GK-023,GK-122,420.8,False,4,2026-09-23T16:00:00Z,GENERATOR,gs://well-workover-intervention-data/landing/generator/2026/09/23/well_offsets.parquet,BATCH-GELEKI-20260923-V1
GK-023,GK-136,456.2,False,5,2026-09-23T16:00:00Z,GENERATOR,gs://well-workover-intervention-data/landing/generator/2026/09/23/well_offsets.parquet,BATCH-GELEKI-20260923-V1
GK-023,GK-138,553.1,True,6,2026-09-23T16:00:00Z,GENERATOR,gs://well-workover-intervention-data/landing/generator/2026/09/23/well_offsets.parquet,BATCH-GELEKI-20260923-V1
GK-024,GK-083,23.8,False,1,2026-09-23T16:00:00Z,GENERATOR,gs://well-workover-intervention-data/landing/generator/2026/09/23/well_offsets.parquet,BATCH-GELEKI-20260923-V1
GK-024,GK-119,53.4,False,2,2026-09-23T16:00:00Z,GENERATOR,gs://well-workover-intervention-data/landing/generator/2026/09/23/well_offsets.parquet,BATCH-GELEKI-20260923-V1
GK-024,GK-063,154.5,False,3,2026-09-23T16:00:00Z,GENERATOR,gs://well-workover-intervention-data/landing/generator/2026/09/23/well_offsets.parquet,BATCH-GELEKI-20260923-V1
GK-024,GK-053,291.7,True,4,2026-09-23T16:00:00Z,GENERATOR,gs://well-workover-intervention-data/landing/generator/2026/09/23/well_offsets.parquet,BATCH-GELEKI-20260923-V1
GK-024,GK-051,378.5,False,5,2026-09-23T16:00:00Z,GENERATOR,gs://well-workover-intervention-data/landing/generator/2026/09/23/well_offsets.parquet,BATCH-GELEKI-20260923-V1
GK-024,GK-035,418.2,False,6,2026-09-23T16:00:00Z,GENERATOR,gs://well-workover-intervention-data/landing/generator/2026/09/23/well_offsets.parquet,BATCH-GELEKI-20260923-V1
GK-025,GK-131,137.8,False,1,2026-09-23T16:00:00Z,GENERATOR,gs://well-workover-intervention-data/landing/generator/2026/09/23/well_offsets.parquet,BATCH-GELEKI-20260923-V1
GK-025,GK-010,187.2,False,2,2026-09-23T16:00:00Z,GENERATOR,gs://well-workover-intervention-data/landing/generator/2026/09/23/well_offsets.parquet,BATCH-GELEKI-20260923-V1
GK-025,GK-066,348.7,False,3,2026-09-23T16:00:00Z,GENERATOR,gs://well-workover-intervention-data/landing/generator/2026/09/23/well_offsets.parquet,BATCH-GELEKI-20260923-V1
GK-025,GK-135,360.8,False,4,2026-09-23T16:00:00Z,GENERATOR,gs://well-workover-intervention-data/landing/generator/2026/09/23/well_offsets.parquet,BATCH-GELEKI-20260923-V1
GK-025,GK-075,402.7,False,5,2026-09-23T16:00:00Z,GENERATOR,gs://well-workover-intervention-data/landing/generator/2026/09/23/well_offsets.parquet,BATCH-GELEKI-20260923-V1
GK-025,GK-133,414.5,True,6,2026-09-23T16:00:00Z,GENERATOR,gs://well-workover-intervention-data/landing/generator/2026/09/23/well_offsets.parquet,BATCH-GELEKI-20260923-V1
GK-026,GK-039,141.6,False,1,2026-09-23T16:00:00Z,GENERATOR,gs://well-workover-intervention-data/landing/generator/2026/09/23/well_offsets.parquet,BATCH-GELEKI-20260923-V1
GK-026,GK-003,151.6,True,2,2026-09-23T16:00:00Z,GENERATOR,gs://well-workover-intervention-data/landing/generator/2026/09/23/well_offsets.parquet,BATCH-GELEKI-20260923-V1
GK-026,GK-021,153.6,True,3,2026-09-23T16:00:00Z,GENERATOR,gs://well-workover-intervention-data/landing/generator/2026/09/23/well_offsets.parquet,BATCH-GELEKI-20260923-V1
GK-026,GK-098,196.9,False,4,2026-09-23T16:00:00Z,GENERATOR,gs://well-workover-intervention-data/landing/generator/2026/09/23/well_offsets.parquet,BATCH-GELEKI-20260923-V1
GK-026,GK-100,321.2,False,5,2026-09-23T16:00:00Z,GENERATOR,gs://well-workover-intervention-data/landing/generator/2026/09/23/well_offsets.parquet,BATCH-GELEKI-20260923-V1
GK-026,GK-114,343.5,False,6,2026-09-23T16:00:00Z,GENERATOR,gs://well-workover-intervention-data/landing/generator/2026/09/23/well_offsets.parquet,BATCH-GELEKI-20260923-V1
GK-027,GK-009,60.3,False,1,2026-09-23T16:00:00Z,GENERATOR,gs://well-workover-intervention-data/landing/generator/2026/09/23/well_offsets.parquet,BATCH-GELEKI-20260923-V1
GK-027,GK-100,182.3,False,2,2026-09-23T16:00:00Z,GENERATOR,gs://well-workover-intervention-data/landing/generator/2026/09/23/well_offsets.parquet,BATCH-GELEKI-20260923-V1
GK-027,GK-067,199.5,True,3,2026-09-23T16:00:00Z,GENERATOR,gs://well-workover-intervention-data/landing/generator/2026/09/23/well_offsets.parquet,BATCH-GELEKI-20260923-V1
GK-027,GK-021,261.9,True,4,2026-09-23T16:00:00Z,GENERATOR,gs://well-workover-intervention-data/landing/generator/2026/09/23/well_offsets.parquet,BATCH-GELEKI-20260923-V1
GK-027,GK-132,279.9,True,5,2026-09-23T16:00:00Z,GENERATOR,gs://well-workover-intervention-data/landing/generator/2026/09/23/well_offsets.parquet,BATCH-GELEKI-20260923-V1
GK-027,GK-026,385.2,True,6,2026-09-23T16:00:00Z,GENERATOR,gs://well-workover-intervention-data/landing/generator/2026/09/23/well_offsets.parquet,BATCH-GELEKI-20260923-V1
GK-028,GK-106,182.1,False,1,2026-09-23T16:00:00Z,GENERATOR,gs://well-workover-intervention-data/landing/generator/2026/09/23/well_offsets.parquet,BATCH-GELEKI-20260923-V1
GK-028,GK-087,186.5,True,2,2026-09-23T16:00:00Z,GENERATOR,gs://well-workover-intervention-data/landing/generator/2026/09/23/well_offsets.parquet,BATCH-GELEKI-20260923-V1
GK-028,GK-049,244.6,False,3,2026-09-23T16:00:00Z,GENERATOR,gs://well-workover-intervention-data/landing/generator/2026/09/23/well_offsets.parquet,BATCH-GELEKI-20260923-V1
GK-028,GK-088,269.6,False,4,2026-09-23T16:00:00Z,GENERATOR,gs://well-workover-intervention-data/landing/generator/2026/09/23/well_offsets.parquet,BATCH-GELEKI-20260923-V1
GK-028,GK-103,293.1,False,5,2026-09-23T16:00:00Z,GENERATOR,gs://well-workover-intervention-data/landing/generator/2026/09/23/well_offsets.parquet,BATCH-GELEKI-20260923-V1
GK-028,GK-031,415.8,True,6,2026-09-23T16:00:00Z,GENERATOR,gs://well-workover-intervention-data/landing/generator/2026/09/23/well_offsets.parquet,BATCH-GELEKI-20260923-V1
GK-029,GK-130,235.6,True,1,2026-09-23T16:00:00Z,GENERATOR,gs://well-workover-intervention-data/landing/generator/2026/09/23/well_offsets.parquet,BATCH-GELEKI-20260923-V1
GK-029,GK-093,358.3,True,2,2026-09-23T16:00:00Z,GENERATOR,gs://well-workover-intervention-data/landing/generator/2026/09/23/well_offsets.parquet,BATCH-GELEKI-20260923-V1
GK-029,GK-035,358.4,True,3,2026-09-23T16:00:00Z,GENERATOR,gs://well-workover-intervention-data/landing/generator/2026/09/23/well_offsets.parquet,BATCH-GELEKI-20260923-V1
GK-029,GK-083,506.1,True,4,2026-09-23T16:00:00Z,GENERATOR,gs://well-workover-intervention-data/landing/generator/2026/09/23/well_offsets.parquet,BATCH-GELEKI-20260923-V1
GK-029,GK-024,508.9,False,5,2026-09-23T16:00:00Z,GENERATOR,gs://well-workover-intervention-data/landing/generator/2026/09/23/well_offsets.parquet,BATCH-GELEKI-20260923-V1
GK-029,GK-063,514.1,True,6,2026-09-23T16:00:00Z,GENERATOR,gs://well-workover-intervention-data/landing/generator/2026/09/23/well_offsets.parquet,BATCH-GELEKI-20260923-V1
GK-030,GK-046,270.1,False,1,2026-09-23T16:00:00Z,GENERATOR,gs://well-workover-intervention-data/landing/generator/2026/09/23/well_offsets.parquet,BATCH-GELEKI-20260923-V1
GK-030,GK-014,480.3,True,2,2026-09-23T16:00:00Z,GENERATOR,gs://well-workover-intervention-data/landing/generator/2026/09/23/well_offsets.parquet,BATCH-GELEKI-20260923-V1
GK-030,GK-125,484.4,False,3,2026-09-23T16:00:00Z,GENERATOR,gs://well-workover-intervention-data/landing/generator/2026/09/23/well_offsets.parquet,BATCH-GELEKI-20260923-V1
GK-030,GK-130,491.2,False,4,2026-09-23T16:00:00Z,GENERATOR,gs://well-workover-intervention-data/landing/generator/2026/09/23/well_offsets.parquet,BATCH-GELEKI-20260923-V1
GK-030,GK-042,543.0,False,5,2026-09-23T16:00:00Z,GENERATOR,gs://well-workover-intervention-data/landing/generator/2026/09/23/well_offsets.parquet,BATCH-GELEKI-20260923-V1
GK-030,GK-043,552.0,False,6,2026-09-23T16:00:00Z,GENERATOR,gs://well-workover-intervention-data/landing/generator/2026/09/23/well_offsets.parquet,BATCH-GELEKI-20260923-V1
GK-031,GK-088,186.2,False,1,2026-09-23T16:00:00Z,GENERATOR,gs://well-workover-intervention-data/landing/generator/2026/09/23/well_offsets.parquet,BATCH-GELEKI-20260923-V1
GK-031,GK-069,295.7,False,2,2026-09-23T16:00:00Z,GENERATOR,gs://well-workover-intervention-data/landing/generator/2026/09/23/well_offsets.parquet,BATCH-GELEKI-20260923-V1
GK-031,GK-103,314.0,False,3,2026-09-23T16:00:00Z,GENERATOR,gs://well-workover-intervention-data/landing/generator/2026/09/23/well_offsets.parquet,BATCH-GELEKI-20260923-V1
GK-031,GK-106,323.6,False,4,2026-09-23T16:00:00Z,GENERATOR,gs://well-workover-intervention-data/landing/generator/2026/09/23/well_offsets.parquet,BATCH-GELEKI-20260923-V1
GK-031,GK-087,371.5,True,5,2026-09-23T16:00:00Z,GENERATOR,gs://well-workover-intervention-data/landing/generator/2026/09/23/well_offsets.parquet,BATCH-GELEKI-20260923-V1
GK-031,GK-028,415.8,True,6,2026-09-23T16:00:00Z,GENERATOR,gs://well-workover-intervention-data/landing/generator/2026/09/23/well_offsets.parquet,BATCH-GELEKI-20260923-V1
GK-032,GK-007,90.5,True,1,2026-09-23T16:00:00Z,GENERATOR,gs://well-workover-intervention-data/landing/generator/2026/09/23/well_offsets.parquet,BATCH-GELEKI-20260923-V1
GK-032,GK-082,125.6,False,2,2026-09-23T16:00:00Z,GENERATOR,gs://well-workover-intervention-data/landing/generator/2026/09/23/well_offsets.parquet,BATCH-GELEKI-20260923-V1
GK-032,GK-107,370.4,True,3,2026-09-23T16:00:00Z,GENERATOR,gs://well-workover-intervention-data/landing/generator/2026/09/23/well_offsets.parquet,BATCH-GELEKI-20260923-V1
GK-032,GK-002,377.1,False,4,2026-09-23T16:00:00Z,GENERATOR,gs://well-workover-intervention-data/landing/generator/2026/09/23/well_offsets.parquet,BATCH-GELEKI-20260923-V1
GK-032,GK-060,413.4,False,5,2026-09-23T16:00:00Z,GENERATOR,gs://well-workover-intervention-data/landing/generator/2026/09/23/well_offsets.parquet,BATCH-GELEKI-20260923-V1
GK-032,GK-074,463.3,True,6,2026-09-23T16:00:00Z,GENERATOR,gs://well-workover-intervention-data/landing/generator/2026/09/23/well_offsets.parquet,BATCH-GELEKI-20260923-V1
GK-033,GK-005,410.0,False,1,2026-09-23T16:00:00Z,GENERATOR,gs://well-workover-intervention-data/landing/generator/2026/09/23/well_offsets.parquet,BATCH-GELEKI-20260923-V1
GK-033,GK-004,482.3,False,2,2026-09-23T16:00:00Z,GENERATOR,gs://well-workover-intervention-data/landing/generator/2026/09/23/well_offsets.parquet,BATCH-GELEKI-20260923-V1
GK-033,GK-036,549.3,False,3,2026-09-23T16:00:00Z,GENERATOR,gs://well-workover-intervention-data/landing/generator/2026/09/23/well_offsets.parquet,BATCH-GELEKI-20260923-V1
GK-033,GK-055,570.1,False,4,2026-09-23T16:00:00Z,GENERATOR,gs://well-workover-intervention-data/landing/generator/2026/09/23/well_offsets.parquet,BATCH-GELEKI-20260923-V1
GK-033,GK-020,606.7,False,5,2026-09-23T16:00:00Z,GENERATOR,gs://well-workover-intervention-data/landing/generator/2026/09/23/well_offsets.parquet,BATCH-GELEKI-20260923-V1
GK-033,GK-120,650.9,False,6,2026-09-23T16:00:00Z,GENERATOR,gs://well-workover-intervention-data/landing/generator/2026/09/23/well_offsets.parquet,BATCH-GELEKI-20260923-V1
GK-034,GK-104,72.2,False,1,2026-09-23T16:00:00Z,GENERATOR,gs://well-workover-intervention-data/landing/generator/2026/09/23/well_offsets.parquet,BATCH-GELEKI-20260923-V1
GK-034,GK-109,261.6,True,2,2026-09-23T16:00:00Z,GENERATOR,gs://well-workover-intervention-data/landing/generator/2026/09/23/well_offsets.parquet,BATCH-GELEKI-20260923-V1
GK-034,GK-132,404.4,True,3,2026-09-23T16:00:00Z,GENERATOR,gs://well-workover-intervention-data/landing/generator/2026/09/23/well_offsets.parquet,BATCH-GELEKI-20260923-V1
GK-034,GK-009,589.5,False,4,2026-09-23T16:00:00Z,GENERATOR,gs://well-workover-intervention-data/landing/generator/2026/09/23/well_offsets.parquet,BATCH-GELEKI-20260923-V1
GK-034,GK-027,614.8,True,5,2026-09-23T16:00:00Z,GENERATOR,gs://well-workover-intervention-data/landing/generator/2026/09/23/well_offsets.parquet,BATCH-GELEKI-20260923-V1
GK-034,GK-067,631.6,True,6,2026-09-23T16:00:00Z,GENERATOR,gs://well-workover-intervention-data/landing/generator/2026/09/23/well_offsets.parquet,BATCH-GELEKI-20260923-V1
GK-035,GK-063,313.7,True,1,2026-09-23T16:00:00Z,GENERATOR,gs://well-workover-intervention-data/landing/generator/2026/09/23/well_offsets.parquet,BATCH-GELEKI-20260923-V1
GK-035,GK-029,358.4,True,2,2026-09-23T16:00:00Z,GENERATOR,gs://well-workover-intervention-data/landing/generator/2026/09/23/well_offsets.parquet,BATCH-GELEKI-20260923-V1
GK-035,GK-024,418.2,False,3,2026-09-23T16:00:00Z,GENERATOR,gs://well-workover-intervention-data/landing/generator/2026/09/23/well_offsets.parquet,BATCH-GELEKI-20260923-V1
GK-035,GK-119,420.8,True,4,2026-09-23T16:00:00Z,GENERATOR,gs://well-workover-intervention-data/landing/generator/2026/09/23/well_offsets.parquet,BATCH-GELEKI-20260923-V1
GK-035,GK-083,432.6,True,5,2026-09-23T16:00:00Z,GENERATOR,gs://well-workover-intervention-data/landing/generator/2026/09/23/well_offsets.parquet,BATCH-GELEKI-20260923-V1
GK-035,GK-051,461.2,True,6,2026-09-23T16:00:00Z,GENERATOR,gs://well-workover-intervention-data/landing/generator/2026/09/23/well_offsets.parquet,BATCH-GELEKI-20260923-V1
GK-036,GK-120,135.8,False,1,2026-09-23T16:00:00Z,GENERATOR,gs://well-workover-intervention-data/landing/generator/2026/09/23/well_offsets.parquet,BATCH-GELEKI-20260923-V1
GK-036,GK-005,139.6,True,2,2026-09-23T16:00:00Z,GENERATOR,gs://well-workover-intervention-data/landing/generator/2026/09/23/well_offsets.parquet,BATCH-GELEKI-20260923-V1
GK-036,GK-013,318.5,True,3,2026-09-23T16:00:00Z,GENERATOR,gs://well-workover-intervention-data/landing/generator/2026/09/23/well_offsets.parquet,BATCH-GELEKI-20260923-V1
GK-036,GK-054,324.1,False,4,2026-09-23T16:00:00Z,GENERATOR,gs://well-workover-intervention-data/landing/generator/2026/09/23/well_offsets.parquet,BATCH-GELEKI-20260923-V1
GK-036,GK-004,369.9,False,5,2026-09-23T16:00:00Z,GENERATOR,gs://well-workover-intervention-data/landing/generator/2026/09/23/well_offsets.parquet,BATCH-GELEKI-20260923-V1
GK-036,GK-042,458.8,True,6,2026-09-23T16:00:00Z,GENERATOR,gs://well-workover-intervention-data/landing/generator/2026/09/23/well_offsets.parquet,BATCH-GELEKI-20260923-V1
GK-037,GK-142,173.2,True,1,2026-09-23T16:00:00Z,GENERATOR,gs://well-workover-intervention-data/landing/generator/2026/09/23/well_offsets.parquet,BATCH-GELEKI-20260923-V1
GK-037,GK-141,367.2,False,2,2026-09-23T16:00:00Z,GENERATOR,gs://well-workover-intervention-data/landing/generator/2026/09/23/well_offsets.parquet,BATCH-GELEKI-20260923-V1
GK-037,GK-059,392.4,True,3,2026-09-23T16:00:00Z,GENERATOR,gs://well-workover-intervention-data/landing/generator/2026/09/23/well_offsets.parquet,BATCH-GELEKI-20260923-V1
GK-037,GK-018,497.8,False,4,2026-09-23T16:00:00Z,GENERATOR,gs://well-workover-intervention-data/landing/generator/2026/09/23/well_offsets.parquet,BATCH-GELEKI-20260923-V1
GK-037,GK-071,537.6,False,5,2026-09-23T16:00:00Z,GENERATOR,gs://well-workover-intervention-data/landing/generator/2026/09/23/well_offsets.parquet,BATCH-GELEKI-20260923-V1
GK-037,GK-095,700.9,False,6,2026-09-23T16:00:00Z,GENERATOR,gs://well-workover-intervention-data/landing/generator/2026/09/23/well_offsets.parquet,BATCH-GELEKI-20260923-V1
GK-038,GK-124,407.5,False,1,2026-09-23T16:00:00Z,GENERATOR,gs://well-workover-intervention-data/landing/generator/2026/09/23/well_offsets.parquet,BATCH-GELEKI-20260923-V1
GK-038,GK-081,524.5,False,2,2026-09-23T16:00:00Z,GENERATOR,gs://well-workover-intervention-data/landing/generator/2026/09/23/well_offsets.parquet,BATCH-GELEKI-20260923-V1
GK-038,GK-045,599.3,False,3,2026-09-23T16:00:00Z,GENERATOR,gs://well-workover-intervention-data/landing/generator/2026/09/23/well_offsets.parquet,BATCH-GELEKI-20260923-V1
GK-038,GK-070,723.6,True,4,2026-09-23T16:00:00Z,GENERATOR,gs://well-workover-intervention-data/landing/generator/2026/09/23/well_offsets.parquet,BATCH-GELEKI-20260923-V1
GK-038,GK-126,778.2,True,5,2026-09-23T16:00:00Z,GENERATOR,gs://well-workover-intervention-data/landing/generator/2026/09/23/well_offsets.parquet,BATCH-GELEKI-20260923-V1
GK-038,GK-019,895.8,False,6,2026-09-23T16:00:00Z,GENERATOR,gs://well-workover-intervention-data/landing/generator/2026/09/23/well_offsets.parquet,BATCH-GELEKI-20260923-V1
GK-039,GK-026,141.6,False,1,2026-09-23T16:00:00Z,GENERATOR,gs://well-workover-intervention-data/landing/generator/2026/09/23/well_offsets.parquet,BATCH-GELEKI-20260923-V1
GK-039,GK-114,202.1,True,2,2026-09-23T16:00:00Z,GENERATOR,gs://well-workover-intervention-data/landing/generator/2026/09/23/well_offsets.parquet,BATCH-GELEKI-20260923-V1
GK-039,GK-003,284.1,False,3,2026-09-23T16:00:00Z,GENERATOR,gs://well-workover-intervention-data/landing/generator/2026/09/23/well_offsets.parquet,BATCH-GELEKI-20260923-V1
GK-039,GK-021,290.4,False,4,2026-09-23T16:00:00Z,GENERATOR,gs://well-workover-intervention-data/landing/generator/2026/09/23/well_offsets.parquet,BATCH-GELEKI-20260923-V1
GK-039,GK-098,318.8,False,5,2026-09-23T16:00:00Z,GENERATOR,gs://well-workover-intervention-data/landing/generator/2026/09/23/well_offsets.parquet,BATCH-GELEKI-20260923-V1
GK-039,GK-100,455.7,True,6,2026-09-23T16:00:00Z,GENERATOR,gs://well-workover-intervention-data/landing/generator/2026/09/23/well_offsets.parquet,BATCH-GELEKI-20260923-V1
GK-040,GK-058,265.9,True,1,2026-09-23T16:00:00Z,GENERATOR,gs://well-workover-intervention-data/landing/generator/2026/09/23/well_offsets.parquet,BATCH-GELEKI-20260923-V1
GK-040,GK-049,279.7,False,2,2026-09-23T16:00:00Z,GENERATOR,gs://well-workover-intervention-data/landing/generator/2026/09/23/well_offsets.parquet,BATCH-GELEKI-20260923-V1
GK-040,GK-028,524.2,False,3,2026-09-23T16:00:00Z,GENERATOR,gs://well-workover-intervention-data/landing/generator/2026/09/23/well_offsets.parquet,BATCH-GELEKI-20260923-V1
GK-040,GK-013,570.7,False,4,2026-09-23T16:00:00Z,GENERATOR,gs://well-workover-intervention-data/landing/generator/2026/09/23/well_offsets.parquet,BATCH-GELEKI-20260923-V1
GK-040,GK-036,624.6,False,5,2026-09-23T16:00:00Z,GENERATOR,gs://well-workover-intervention-data/landing/generator/2026/09/23/well_offsets.parquet,BATCH-GELEKI-20260923-V1
GK-040,GK-101,625.9,False,6,2026-09-23T16:00:00Z,GENERATOR,gs://well-workover-intervention-data/landing/generator/2026/09/23/well_offsets.parquet,BATCH-GELEKI-20260923-V1
GK-041,GK-075,88.2,False,1,2026-09-23T16:00:00Z,GENERATOR,gs://well-workover-intervention-data/landing/generator/2026/09/23/well_offsets.parquet,BATCH-GELEKI-20260923-V1
GK-041,GK-076,142.0,True,2,2026-09-23T16:00:00Z,GENERATOR,gs://well-workover-intervention-data/landing/generator/2026/09/23/well_offsets.parquet,BATCH-GELEKI-20260923-V1
GK-041,GK-017,157.5,False,3,2026-09-23T16:00:00Z,GENERATOR,gs://well-workover-intervention-data/landing/generator/2026/09/23/well_offsets.parquet,BATCH-GELEKI-20260923-V1
GK-041,GK-068,280.1,False,4,2026-09-23T16:00:00Z,GENERATOR,gs://well-workover-intervention-data/landing/generator/2026/09/23/well_offsets.parquet,BATCH-GELEKI-20260923-V1
GK-041,GK-135,303.4,False,5,2026-09-23T16:00:00Z,GENERATOR,gs://well-workover-intervention-data/landing/generator/2026/09/23/well_offsets.parquet,BATCH-GELEKI-20260923-V1
GK-041,GK-138,444.3,False,6,2026-09-23T16:00:00Z,GENERATOR,gs://well-workover-intervention-data/landing/generator/2026/09/23/well_offsets.parquet,BATCH-GELEKI-20260923-V1
GK-042,GK-014,136.6,False,1,2026-09-23T16:00:00Z,GENERATOR,gs://well-workover-intervention-data/landing/generator/2026/09/23/well_offsets.parquet,BATCH-GELEKI-20260923-V1
GK-042,GK-043,252.9,False,2,2026-09-23T16:00:00Z,GENERATOR,gs://well-workover-intervention-data/landing/generator/2026/09/23/well_offsets.parquet,BATCH-GELEKI-20260923-V1
GK-042,GK-125,267.7,False,3,2026-09-23T16:00:00Z,GENERATOR,gs://well-workover-intervention-data/landing/generator/2026/09/23/well_offsets.parquet,BATCH-GELEKI-20260923-V1
GK-042,GK-022,283.3,False,4,2026-09-23T16:00:00Z,GENERATOR,gs://well-workover-intervention-data/landing/generator/2026/09/23/well_offsets.parquet,BATCH-GELEKI-20260923-V1
GK-042,GK-120,335.0,False,5,2026-09-23T16:00:00Z,GENERATOR,gs://well-workover-intervention-data/landing/generator/2026/09/23/well_offsets.parquet,BATCH-GELEKI-20260923-V1
GK-042,GK-004,383.9,False,6,2026-09-23T16:00:00Z,GENERATOR,gs://well-workover-intervention-data/landing/generator/2026/09/23/well_offsets.parquet,BATCH-GELEKI-20260923-V1
GK-043,GK-125,72.1,True,1,2026-09-23T16:00:00Z,GENERATOR,gs://well-workover-intervention-data/landing/generator/2026/09/23/well_offsets.parquet,BATCH-GELEKI-20260923-V1
GK-043,GK-042,252.9,False,2,2026-09-23T16:00:00Z,GENERATOR,gs://well-workover-intervention-data/landing/generator/2026/09/23/well_offsets.parquet,BATCH-GELEKI-20260923-V1
GK-043,GK-053,325.0,False,3,2026-09-23T16:00:00Z,GENERATOR,gs://well-workover-intervention-data/landing/generator/2026/09/23/well_offsets.parquet,BATCH-GELEKI-20260923-V1
GK-043,GK-054,331.9,False,4,2026-09-23T16:00:00Z,GENERATOR,gs://well-workover-intervention-data/landing/generator/2026/09/23/well_offsets.parquet,BATCH-GELEKI-20260923-V1
GK-043,GK-014,362.3,False,5,2026-09-23T16:00:00Z,GENERATOR,gs://well-workover-intervention-data/landing/generator/2026/09/23/well_offsets.parquet,BATCH-GELEKI-20260923-V1
GK-043,GK-120,432.3,True,6,2026-09-23T16:00:00Z,GENERATOR,gs://well-workover-intervention-data/landing/generator/2026/09/23/well_offsets.parquet,BATCH-GELEKI-20260923-V1
GK-044,GK-111,639.8,True,1,2026-09-23T16:00:00Z,GENERATOR,gs://well-workover-intervention-data/landing/generator/2026/09/23/well_offsets.parquet,BATCH-GELEKI-20260923-V1
GK-044,GK-074,831.8,False,2,2026-09-23T16:00:00Z,GENERATOR,gs://well-workover-intervention-data/landing/generator/2026/09/23/well_offsets.parquet,BATCH-GELEKI-20260923-V1
GK-044,GK-123,960.4,True,3,2026-09-23T16:00:00Z,GENERATOR,gs://well-workover-intervention-data/landing/generator/2026/09/23/well_offsets.parquet,BATCH-GELEKI-20260923-V1
GK-044,GK-134,1017.3,True,4,2026-09-23T16:00:00Z,GENERATOR,gs://well-workover-intervention-data/landing/generator/2026/09/23/well_offsets.parquet,BATCH-GELEKI-20260923-V1
GK-044,GK-002,1070.2,True,5,2026-09-23T16:00:00Z,GENERATOR,gs://well-workover-intervention-data/landing/generator/2026/09/23/well_offsets.parquet,BATCH-GELEKI-20260923-V1
GK-044,GK-082,1183.4,True,6,2026-09-23T16:00:00Z,GENERATOR,gs://well-workover-intervention-data/landing/generator/2026/09/23/well_offsets.parquet,BATCH-GELEKI-20260923-V1
GK-045,GK-081,447.1,False,1,2026-09-23T16:00:00Z,GENERATOR,gs://well-workover-intervention-data/landing/generator/2026/09/23/well_offsets.parquet,BATCH-GELEKI-20260923-V1
GK-045,GK-077,576.1,True,2,2026-09-23T16:00:00Z,GENERATOR,gs://well-workover-intervention-data/landing/generator/2026/09/23/well_offsets.parquet,BATCH-GELEKI-20260923-V1
GK-045,GK-038,599.3,False,3,2026-09-23T16:00:00Z,GENERATOR,gs://well-workover-intervention-data/landing/generator/2026/09/23/well_offsets.parquet,BATCH-GELEKI-20260923-V1
GK-045,GK-011,639.0,False,4,2026-09-23T16:00:00Z,GENERATOR,gs://well-workover-intervention-data/landing/generator/2026/09/23/well_offsets.parquet,BATCH-GELEKI-20260923-V1
GK-045,GK-124,694.7,False,5,2026-09-23T16:00:00Z,GENERATOR,gs://well-workover-intervention-data/landing/generator/2026/09/23/well_offsets.parquet,BATCH-GELEKI-20260923-V1
GK-045,GK-019,786.0,True,6,2026-09-23T16:00:00Z,GENERATOR,gs://well-workover-intervention-data/landing/generator/2026/09/23/well_offsets.parquet,BATCH-GELEKI-20260923-V1
GK-046,GK-030,270.1,False,1,2026-09-23T16:00:00Z,GENERATOR,gs://well-workover-intervention-data/landing/generator/2026/09/23/well_offsets.parquet,BATCH-GELEKI-20260923-V1
GK-046,GK-099,412.3,True,2,2026-09-23T16:00:00Z,GENERATOR,gs://well-workover-intervention-data/landing/generator/2026/09/23/well_offsets.parquet,BATCH-GELEKI-20260923-V1
GK-046,GK-090,580.4,True,3,2026-09-23T16:00:00Z,GENERATOR,gs://well-workover-intervention-data/landing/generator/2026/09/23/well_offsets.parquet,BATCH-GELEKI-20260923-V1
GK-046,GK-014,599.0,False,4,2026-09-23T16:00:00Z,GENERATOR,gs://well-workover-intervention-data/landing/generator/2026/09/23/well_offsets.parquet,BATCH-GELEKI-20260923-V1
GK-046,GK-052,626.4,False,5,2026-09-23T16:00:00Z,GENERATOR,gs://well-workover-intervention-data/landing/generator/2026/09/23/well_offsets.parquet,BATCH-GELEKI-20260923-V1
GK-046,GK-022,632.8,True,6,2026-09-23T16:00:00Z,GENERATOR,gs://well-workover-intervention-data/landing/generator/2026/09/23/well_offsets.parquet,BATCH-GELEKI-20260923-V1
GK-047,GK-016,390.4,True,1,2026-09-23T16:00:00Z,GENERATOR,gs://well-workover-intervention-data/landing/generator/2026/09/23/well_offsets.parquet,BATCH-GELEKI-20260923-V1
GK-047,GK-066,411.1,False,2,2026-09-23T16:00:00Z,GENERATOR,gs://well-workover-intervention-data/landing/generator/2026/09/23/well_offsets.parquet,BATCH-GELEKI-20260923-V1
GK-047,GK-131,419.0,False,3,2026-09-23T16:00:00Z,GENERATOR,gs://well-workover-intervention-data/landing/generator/2026/09/23/well_offsets.parquet,BATCH-GELEKI-20260923-V1
GK-047,GK-025,445.6,False,4,2026-09-23T16:00:00Z,GENERATOR,gs://well-workover-intervention-data/landing/generator/2026/09/23/well_offsets.parquet,BATCH-GELEKI-20260923-V1
GK-047,GK-079,502.9,False,5,2026-09-23T16:00:00Z,GENERATOR,gs://well-workover-intervention-data/landing/generator/2026/09/23/well_offsets.parquet,BATCH-GELEKI-20260923-V1
GK-047,GK-010,567.6,False,6,2026-09-23T16:00:00Z,GENERATOR,gs://well-workover-intervention-data/landing/generator/2026/09/23/well_offsets.parquet,BATCH-GELEKI-20260923-V1
GK-048,GK-080,359.5,True,1,2026-09-23T16:00:00Z,GENERATOR,gs://well-workover-intervention-data/landing/generator/2026/09/23/well_offsets.parquet,BATCH-GELEKI-20260923-V1
GK-048,GK-117,627.7,False,2,2026-09-23T16:00:00Z,GENERATOR,gs://well-workover-intervention-data/landing/generator/2026/09/23/well_offsets.parquet,BATCH-GELEKI-20260923-V1
GK-048,GK-142,632.8,False,3,2026-09-23T16:00:00Z,GENERATOR,gs://well-workover-intervention-data/landing/generator/2026/09/23/well_offsets.parquet,BATCH-GELEKI-20260923-V1
GK-048,GK-060,720.2,False,4,2026-09-23T16:00:00Z,GENERATOR,gs://well-workover-intervention-data/landing/generator/2026/09/23/well_offsets.parquet,BATCH-GELEKI-20260923-V1
GK-048,GK-037,750.4,False,5,2026-09-23T16:00:00Z,GENERATOR,gs://well-workover-intervention-data/landing/generator/2026/09/23/well_offsets.parquet,BATCH-GELEKI-20260923-V1
GK-048,GK-214,772.9,True,6,2026-09-23T16:00:00Z,GENERATOR,gs://well-workover-intervention-data/landing/generator/2026/09/23/well_offsets.parquet,BATCH-GELEKI-20260923-V1
GK-049,GK-028,244.6,False,1,2026-09-23T16:00:00Z,GENERATOR,gs://well-workover-intervention-data/landing/generator/2026/09/23/well_offsets.parquet,BATCH-GELEKI-20260923-V1
GK-049,GK-040,279.7,False,2,2026-09-23T16:00:00Z,GENERATOR,gs://well-workover-intervention-data/landing/generator/2026/09/23/well_offsets.parquet,BATCH-GELEKI-20260923-V1
GK-049,GK-087,423.4,False,3,2026-09-23T16:00:00Z,GENERATOR,gs://well-workover-intervention-data/landing/generator/2026/09/23/well_offsets.parquet,BATCH-GELEKI-20260923-V1
GK-049,GK-106,426.0,True,4,2026-09-23T16:00:00Z,GENERATOR,gs://well-workover-intervention-data/landing/generator/2026/09/23/well_offsets.parquet,BATCH-GELEKI-20260923-V1
GK-049,GK-088,505.1,True,5,2026-09-23T16:00:00Z,GENERATOR,gs://well-workover-intervention-data/landing/generator/2026/09/23/well_offsets.parquet,BATCH-GELEKI-20260923-V1
GK-049,GK-069,516.1,True,6,2026-09-23T16:00:00Z,GENERATOR,gs://well-workover-intervention-data/landing/generator/2026/09/23/well_offsets.parquet,BATCH-GELEKI-20260923-V1
GK-050,GK-056,186.8,False,1,2026-09-23T16:00:00Z,GENERATOR,gs://well-workover-intervention-data/landing/generator/2026/09/23/well_offsets.parquet,BATCH-GELEKI-20260923-V1
GK-050,GK-096,212.3,False,2,2026-09-23T16:00:00Z,GENERATOR,gs://well-workover-intervention-data/landing/generator/2026/09/23/well_offsets.parquet,BATCH-GELEKI-20260923-V1
GK-050,GK-008,230.8,False,3,2026-09-23T16:00:00Z,GENERATOR,gs://well-workover-intervention-data/landing/generator/2026/09/23/well_offsets.parquet,BATCH-GELEKI-20260923-V1
GK-050,GK-073,258.2,False,4,2026-09-23T16:00:00Z,GENERATOR,gs://well-workover-intervention-data/landing/generator/2026/09/23/well_offsets.parquet,BATCH-GELEKI-20260923-V1
GK-050,GK-016,291.6,True,5,2026-09-23T16:00:00Z,GENERATOR,gs://well-workover-intervention-data/landing/generator/2026/09/23/well_offsets.parquet,BATCH-GELEKI-20260923-V1
GK-050,GK-079,604.0,False,6,2026-09-23T16:00:00Z,GENERATOR,gs://well-workover-intervention-data/landing/generator/2026/09/23/well_offsets.parquet,BATCH-GELEKI-20260923-V1
GK-051,GK-063,259.5,True,1,2026-09-23T16:00:00Z,GENERATOR,gs://well-workover-intervention-data/landing/generator/2026/09/23/well_offsets.parquet,BATCH-GELEKI-20260923-V1
GK-051,GK-119,328.4,True,2,2026-09-23T16:00:00Z,GENERATOR,gs://well-workover-intervention-data/landing/generator/2026/09/23/well_offsets.parquet,BATCH-GELEKI-20260923-V1
GK-051,GK-024,378.5,False,3,2026-09-23T16:00:00Z,GENERATOR,gs://well-workover-intervention-data/landing/generator/2026/09/23/well_offsets.parquet,BATCH-GELEKI-20260923-V1
GK-051,GK-053,387.8,False,4,2026-09-23T16:00:00Z,GENERATOR,gs://well-workover-intervention-data/landing/generator/2026/09/23/well_offsets.parquet,BATCH-GELEKI-20260923-V1
GK-051,GK-083,401.4,True,5,2026-09-23T16:00:00Z,GENERATOR,gs://well-workover-intervention-data/landing/generator/2026/09/23/well_offsets.parquet,BATCH-GELEKI-20260923-V1
GK-051,GK-035,461.2,True,6,2026-09-23T16:00:00Z,GENERATOR,gs://well-workover-intervention-data/landing/generator/2026/09/23/well_offsets.parquet,BATCH-GELEKI-20260923-V1
GK-052,GK-099,277.6,False,1,2026-09-23T16:00:00Z,GENERATOR,gs://well-workover-intervention-data/landing/generator/2026/09/23/well_offsets.parquet,BATCH-GELEKI-20260923-V1
GK-052,GK-046,626.4,False,2,2026-09-23T16:00:00Z,GENERATOR,gs://well-workover-intervention-data/landing/generator/2026/09/23/well_offsets.parquet,BATCH-GELEKI-20260923-V1
GK-052,GK-085,631.3,True,3,2026-09-23T16:00:00Z,GENERATOR,gs://well-workover-intervention-data/landing/generator/2026/09/23/well_offsets.parquet,BATCH-GELEKI-20260923-V1
GK-052,GK-109,635.4,False,4,2026-09-23T16:00:00Z,GENERATOR,gs://well-workover-intervention-data/landing/generator/2026/09/23/well_offsets.parquet,BATCH-GELEKI-20260923-V1
GK-052,GK-104,744.4,False,5,2026-09-23T16:00:00Z,GENERATOR,gs://well-workover-intervention-data/landing/generator/2026/09/23/well_offsets.parquet,BATCH-GELEKI-20260923-V1
GK-052,GK-034,811.1,False,6,2026-09-23T16:00:00Z,GENERATOR,gs://well-workover-intervention-data/landing/generator/2026/09/23/well_offsets.parquet,BATCH-GELEKI-20260923-V1
GK-053,GK-119,261.2,False,1,2026-09-23T16:00:00Z,GENERATOR,gs://well-workover-intervention-data/landing/generator/2026/09/23/well_offsets.parquet,BATCH-GELEKI-20260923-V1
GK-053,GK-024,291.7,True,2,2026-09-23T16:00:00Z,GENERATOR,gs://well-workover-intervention-data/landing/generator/2026/09/23/well_offsets.parquet,BATCH-GELEKI-20260923-V1
GK-053,GK-083,294.5,False,3,2026-09-23T16:00:00Z,GENERATOR,gs://well-workover-intervention-data/landing/generator/2026/09/23/well_offsets.parquet,BATCH-GELEKI-20260923-V1
GK-053,GK-043,325.0,False,4,2026-09-23T16:00:00Z,GENERATOR,gs://well-workover-intervention-data/landing/generator/2026/09/23/well_offsets.parquet,BATCH-GELEKI-20260923-V1
GK-053,GK-125,331.7,False,5,2026-09-23T16:00:00Z,GENERATOR,gs://well-workover-intervention-data/landing/generator/2026/09/23/well_offsets.parquet,BATCH-GELEKI-20260923-V1
GK-053,GK-063,354.7,False,6,2026-09-23T16:00:00Z,GENERATOR,gs://well-workover-intervention-data/landing/generator/2026/09/23/well_offsets.parquet,BATCH-GELEKI-20260923-V1
GK-054,GK-013,171.3,False,1,2026-09-23T16:00:00Z,GENERATOR,gs://well-workover-intervention-data/landing/generator/2026/09/23/well_offsets.parquet,BATCH-GELEKI-20260923-V1
GK-054,GK-120,228.5,False,2,2026-09-23T16:00:00Z,GENERATOR,gs://well-workover-intervention-data/landing/generator/2026/09/23/well_offsets.parquet,BATCH-GELEKI-20260923-V1
GK-054,GK-036,324.1,False,3,2026-09-23T16:00:00Z,GENERATOR,gs://well-workover-intervention-data/landing/generator/2026/09/23/well_offsets.parquet,BATCH-GELEKI-20260923-V1
GK-054,GK-043,331.9,False,4,2026-09-23T16:00:00Z,GENERATOR,gs://well-workover-intervention-data/landing/generator/2026/09/23/well_offsets.parquet,BATCH-GELEKI-20260923-V1
GK-054,GK-042,388.7,False,5,2026-09-23T16:00:00Z,GENERATOR,gs://well-workover-intervention-data/landing/generator/2026/09/23/well_offsets.parquet,BATCH-GELEKI-20260923-V1
GK-054,GK-125,403.9,False,6,2026-09-23T16:00:00Z,GENERATOR,gs://well-workover-intervention-data/landing/generator/2026/09/23/well_offsets.parquet,BATCH-GELEKI-20260923-V1
GK-055,GK-020,85.0,True,1,2026-09-23T16:00:00Z,GENERATOR,gs://well-workover-intervention-data/landing/generator/2026/09/23/well_offsets.parquet,BATCH-GELEKI-20260923-V1
GK-055,GK-089,356.5,True,2,2026-09-23T16:00:00Z,GENERATOR,gs://well-workover-intervention-data/landing/generator/2026/09/23/well_offsets.parquet,BATCH-GELEKI-20260923-V1
GK-055,GK-033,570.1,False,3,2026-09-23T16:00:00Z,GENERATOR,gs://well-workover-intervention-data/landing/generator/2026/09/23/well_offsets.parquet,BATCH-GELEKI-20260923-V1
GK-055,GK-137,590.8,False,4,2026-09-23T16:00:00Z,GENERATOR,gs://well-workover-intervention-data/landing/generator/2026/09/23/well_offsets.parquet,BATCH-GELEKI-20260923-V1
GK-055,GK-023,598.8,False,5,2026-09-23T16:00:00Z,GENERATOR,gs://well-workover-intervention-data/landing/generator/2026/09/23/well_offsets.parquet,BATCH-GELEKI-20260923-V1
GK-055,GK-087,688.9,False,6,2026-09-23T16:00:00Z,GENERATOR,gs://well-workover-intervention-data/landing/generator/2026/09/23/well_offsets.parquet,BATCH-GELEKI-20260923-V1
GK-056,GK-096,51.9,False,1,2026-09-23T16:00:00Z,GENERATOR,gs://well-workover-intervention-data/landing/generator/2026/09/23/well_offsets.parquet,BATCH-GELEKI-20260923-V1
GK-056,GK-050,186.8,False,2,2026-09-23T16:00:00Z,GENERATOR,gs://well-workover-intervention-data/landing/generator/2026/09/23/well_offsets.parquet,BATCH-GELEKI-20260923-V1
GK-056,GK-016,203.4,False,3,2026-09-23T16:00:00Z,GENERATOR,gs://well-workover-intervention-data/landing/generator/2026/09/23/well_offsets.parquet,BATCH-GELEKI-20260923-V1
GK-056,GK-073,213.1,False,4,2026-09-23T16:00:00Z,GENERATOR,gs://well-workover-intervention-data/landing/generator/2026/09/23/well_offsets.parquet,BATCH-GELEKI-20260923-V1
GK-056,GK-008,416.4,False,5,2026-09-23T16:00:00Z,GENERATOR,gs://well-workover-intervention-data/landing/generator/2026/09/23/well_offsets.parquet,BATCH-GELEKI-20260923-V1
GK-056,GK-012,511.9,True,6,2026-09-23T16:00:00Z,GENERATOR,gs://well-workover-intervention-data/landing/generator/2026/09/23/well_offsets.parquet,BATCH-GELEKI-20260923-V1
GK-057,GK-091,56.2,True,1,2026-09-23T16:00:00Z,GENERATOR,gs://well-workover-intervention-data/landing/generator/2026/09/23/well_offsets.parquet,BATCH-GELEKI-20260923-V1
GK-057,GK-112,154.6,True,2,2026-09-23T16:00:00Z,GENERATOR,gs://well-workover-intervention-data/landing/generator/2026/09/23/well_offsets.parquet,BATCH-GELEKI-20260923-V1
GK-057,GK-098,389.9,False,3,2026-09-23T16:00:00Z,GENERATOR,gs://well-workover-intervention-data/landing/generator/2026/09/23/well_offsets.parquet,BATCH-GELEKI-20260923-V1
GK-057,GK-121,434.8,True,4,2026-09-23T16:00:00Z,GENERATOR,gs://well-workover-intervention-data/landing/generator/2026/09/23/well_offsets.parquet,BATCH-GELEKI-20260923-V1
GK-057,GK-003,441.8,False,5,2026-09-23T16:00:00Z,GENERATOR,gs://well-workover-intervention-data/landing/generator/2026/09/23/well_offsets.parquet,BATCH-GELEKI-20260923-V1
GK-057,GK-021,540.1,False,6,2026-09-23T16:00:00Z,GENERATOR,gs://well-workover-intervention-data/landing/generator/2026/09/23/well_offsets.parquet,BATCH-GELEKI-20260923-V1
GK-058,GK-040,265.9,True,1,2026-09-23T16:00:00Z,GENERATOR,gs://well-workover-intervention-data/landing/generator/2026/09/23/well_offsets.parquet,BATCH-GELEKI-20260923-V1
GK-058,GK-101,362.4,False,2,2026-09-23T16:00:00Z,GENERATOR,gs://well-workover-intervention-data/landing/generator/2026/09/23/well_offsets.parquet,BATCH-GELEKI-20260923-V1
GK-058,GK-013,515.4,False,3,2026-09-23T16:00:00Z,GENERATOR,gs://well-workover-intervention-data/landing/generator/2026/09/23/well_offsets.parquet,BATCH-GELEKI-20260923-V1
GK-058,GK-049,531.5,False,4,2026-09-23T16:00:00Z,GENERATOR,gs://well-workover-intervention-data/landing/generator/2026/09/23/well_offsets.parquet,BATCH-GELEKI-20260923-V1
GK-058,GK-054,685.3,True,5,2026-09-23T16:00:00Z,GENERATOR,gs://well-workover-intervention-data/landing/generator/2026/09/23/well_offsets.parquet,BATCH-GELEKI-20260923-V1
GK-058,GK-036,699.7,False,6,2026-09-23T16:00:00Z,GENERATOR,gs://well-workover-intervention-data/landing/generator/2026/09/23/well_offsets.parquet,BATCH-GELEKI-20260923-V1
GK-059,GK-071,285.5,False,1,2026-09-23T16:00:00Z,GENERATOR,gs://well-workover-intervention-data/landing/generator/2026/09/23/well_offsets.parquet,BATCH-GELEKI-20260923-V1
GK-059,GK-141,369.2,False,2,2026-09-23T16:00:00Z,GENERATOR,gs://well-workover-intervention-data/landing/generator/2026/09/23/well_offsets.parquet,BATCH-GELEKI-20260923-V1
GK-059,GK-037,392.4,True,3,2026-09-23T16:00:00Z,GENERATOR,gs://well-workover-intervention-data/landing/generator/2026/09/23/well_offsets.parquet,BATCH-GELEKI-20260923-V1
GK-059,GK-142,523.3,True,4,2026-09-23T16:00:00Z,GENERATOR,gs://well-workover-intervention-data/landing/generator/2026/09/23/well_offsets.parquet,BATCH-GELEKI-20260923-V1
GK-059,GK-018,585.7,False,5,2026-09-23T16:00:00Z,GENERATOR,gs://well-workover-intervention-data/landing/generator/2026/09/23/well_offsets.parquet,BATCH-GELEKI-20260923-V1
GK-059,GK-113,651.7,False,6,2026-09-23T16:00:00Z,GENERATOR,gs://well-workover-intervention-data/landing/generator/2026/09/23/well_offsets.parquet,BATCH-GELEKI-20260923-V1
GK-060,GK-007,323.8,False,1,2026-09-23T16:00:00Z,GENERATOR,gs://well-workover-intervention-data/landing/generator/2026/09/23/well_offsets.parquet,BATCH-GELEKI-20260923-V1
GK-060,GK-117,376.5,False,2,2026-09-23T16:00:00Z,GENERATOR,gs://well-workover-intervention-data/landing/generator/2026/09/23/well_offsets.parquet,BATCH-GELEKI-20260923-V1
GK-060,GK-032,413.4,False,3,2026-09-23T16:00:00Z,GENERATOR,gs://well-workover-intervention-data/landing/generator/2026/09/23/well_offsets.parquet,BATCH-GELEKI-20260923-V1
GK-060,GK-107,419.6,False,4,2026-09-23T16:00:00Z,GENERATOR,gs://well-workover-intervention-data/landing/generator/2026/09/23/well_offsets.parquet,BATCH-GELEKI-20260923-V1
GK-060,GK-082,477.3,False,5,2026-09-23T16:00:00Z,GENERATOR,gs://well-workover-intervention-data/landing/generator/2026/09/23/well_offsets.parquet,BATCH-GELEKI-20260923-V1
GK-060,GK-015,508.9,False,6,2026-09-23T16:00:00Z,GENERATOR,gs://well-workover-intervention-data/landing/generator/2026/09/23/well_offsets.parquet,BATCH-GELEKI-20260923-V1
GK-061,GK-006,355.8,True,1,2026-09-23T16:00:00Z,GENERATOR,gs://well-workover-intervention-data/landing/generator/2026/09/23/well_offsets.parquet,BATCH-GELEKI-20260923-V1
GK-061,GK-072,410.3,False,2,2026-09-23T16:00:00Z,GENERATOR,gs://well-workover-intervention-data/landing/generator/2026/09/23/well_offsets.parquet,BATCH-GELEKI-20260923-V1
GK-061,GK-076,423.9,False,3,2026-09-23T16:00:00Z,GENERATOR,gs://well-workover-intervention-data/landing/generator/2026/09/23/well_offsets.parquet,BATCH-GELEKI-20260923-V1
GK-061,GK-017,461.0,True,4,2026-09-23T16:00:00Z,GENERATOR,gs://well-workover-intervention-data/landing/generator/2026/09/23/well_offsets.parquet,BATCH-GELEKI-20260923-V1
GK-061,GK-041,469.3,False,5,2026-09-23T16:00:00Z,GENERATOR,gs://well-workover-intervention-data/landing/generator/2026/09/23/well_offsets.parquet,BATCH-GELEKI-20260923-V1
GK-061,GK-075,493.2,True,6,2026-09-23T16:00:00Z,GENERATOR,gs://well-workover-intervention-data/landing/generator/2026/09/23/well_offsets.parquet,BATCH-GELEKI-20260923-V1
GK-062,GK-012,288.9,False,1,2026-09-23T16:00:00Z,GENERATOR,gs://well-workover-intervention-data/landing/generator/2026/09/23/well_offsets.parquet,BATCH-GELEKI-20260923-V1
GK-062,GK-133,638.9,True,2,2026-09-23T16:00:00Z,GENERATOR,gs://well-workover-intervention-data/landing/generator/2026/09/23/well_offsets.parquet,BATCH-GELEKI-20260923-V1
GK-062,GK-092,703.1,False,3,2026-09-23T16:00:00Z,GENERATOR,gs://well-workover-intervention-data/landing/generator/2026/09/23/well_offsets.parquet,BATCH-GELEKI-20260923-V1
GK-062,GK-096,768.4,True,4,2026-09-23T16:00:00Z,GENERATOR,gs://well-workover-intervention-data/landing/generator/2026/09/23/well_offsets.parquet,BATCH-GELEKI-20260923-V1
GK-062,GK-056,800.2,False,5,2026-09-23T16:00:00Z,GENERATOR,gs://well-workover-intervention-data/landing/generator/2026/09/23/well_offsets.parquet,BATCH-GELEKI-20260923-V1
GK-062,GK-073,803.5,True,6,2026-09-23T16:00:00Z,GENERATOR,gs://well-workover-intervention-data/landing/generator/2026/09/23/well_offsets.parquet,BATCH-GELEKI-20260923-V1
GK-063,GK-119,127.1,True,1,2026-09-23T16:00:00Z,GENERATOR,gs://well-workover-intervention-data/landing/generator/2026/09/23/well_offsets.parquet,BATCH-GELEKI-20260923-V1
GK-063,GK-024,154.5,False,2,2026-09-23T16:00:00Z,GENERATOR,gs://well-workover-intervention-data/landing/generator/2026/09/23/well_offsets.parquet,BATCH-GELEKI-20260923-V1
GK-063,GK-083,177.6,True,3,2026-09-23T16:00:00Z,GENERATOR,gs://well-workover-intervention-data/landing/generator/2026/09/23/well_offsets.parquet,BATCH-GELEKI-20260923-V1
GK-063,GK-051,259.5,True,4,2026-09-23T16:00:00Z,GENERATOR,gs://well-workover-intervention-data/landing/generator/2026/09/23/well_offsets.parquet,BATCH-GELEKI-20260923-V1
GK-063,GK-035,313.7,True,5,2026-09-23T16:00:00Z,GENERATOR,gs://well-workover-intervention-data/landing/generator/2026/09/23/well_offsets.parquet,BATCH-GELEKI-20260923-V1
GK-063,GK-053,354.7,False,6,2026-09-23T16:00:00Z,GENERATOR,gs://well-workover-intervention-data/landing/generator/2026/09/23/well_offsets.parquet,BATCH-GELEKI-20260923-V1
GK-064,GK-128,372.8,False,1,2026-09-23T16:00:00Z,GENERATOR,gs://well-workover-intervention-data/landing/generator/2026/09/23/well_offsets.parquet,BATCH-GELEKI-20260923-V1
GK-064,GK-008,811.3,False,2,2026-09-23T16:00:00Z,GENERATOR,gs://well-workover-intervention-data/landing/generator/2026/09/23/well_offsets.parquet,BATCH-GELEKI-20260923-V1
GK-064,GK-110,831.4,False,3,2026-09-23T16:00:00Z,GENERATOR,gs://well-workover-intervention-data/landing/generator/2026/09/23/well_offsets.parquet,BATCH-GELEKI-20260923-V1
GK-064,GK-050,947.9,False,4,2026-09-23T16:00:00Z,GENERATOR,gs://well-workover-intervention-data/landing/generator/2026/09/23/well_offsets.parquet,BATCH-GELEKI-20260923-V1
GK-064,GK-073,967.5,False,5,2026-09-23T16:00:00Z,GENERATOR,gs://well-workover-intervention-data/landing/generator/2026/09/23/well_offsets.parquet,BATCH-GELEKI-20260923-V1
GK-064,GK-127,979.8,True,6,2026-09-23T16:00:00Z,GENERATOR,gs://well-workover-intervention-data/landing/generator/2026/09/23/well_offsets.parquet,BATCH-GELEKI-20260923-V1
GK-065,GK-079,345.2,False,1,2026-09-23T16:00:00Z,GENERATOR,gs://well-workover-intervention-data/landing/generator/2026/09/23/well_offsets.parquet,BATCH-GELEKI-20260923-V1
GK-065,GK-102,364.5,False,2,2026-09-23T16:00:00Z,GENERATOR,gs://well-workover-intervention-data/landing/generator/2026/09/23/well_offsets.parquet,BATCH-GELEKI-20260923-V1
GK-065,GK-129,578.4,False,3,2026-09-23T16:00:00Z,GENERATOR,gs://well-workover-intervention-data/landing/generator/2026/09/23/well_offsets.parquet,BATCH-GELEKI-20260923-V1
GK-065,GK-008,620.5,False,4,2026-09-23T16:00:00Z,GENERATOR,gs://well-workover-intervention-data/landing/generator/2026/09/23/well_offsets.parquet,BATCH-GELEKI-20260923-V1
GK-065,GK-128,683.6,True,5,2026-09-23T16:00:00Z,GENERATOR,gs://well-workover-intervention-data/landing/generator/2026/09/23/well_offsets.parquet,BATCH-GELEKI-20260923-V1
GK-065,GK-108,809.3,True,6,2026-09-23T16:00:00Z,GENERATOR,gs://well-workover-intervention-data/landing/generator/2026/09/23/well_offsets.parquet,BATCH-GELEKI-20260923-V1
GK-066,GK-072,301.8,False,1,2026-09-23T16:00:00Z,GENERATOR,gs://well-workover-intervention-data/landing/generator/2026/09/23/well_offsets.parquet,BATCH-GELEKI-20260923-V1
GK-066,GK-025,348.7,False,2,2026-09-23T16:00:00Z,GENERATOR,gs://well-workover-intervention-data/landing/generator/2026/09/23/well_offsets.parquet,BATCH-GELEKI-20260923-V1
GK-066,GK-047,411.1,False,3,2026-09-23T16:00:00Z,GENERATOR,gs://well-workover-intervention-data/landing/generator/2026/09/23/well_offsets.parquet,BATCH-GELEKI-20260923-V1
GK-066,GK-131,451.1,True,4,2026-09-23T16:00:00Z,GENERATOR,gs://well-workover-intervention-data/landing/generator/2026/09/23/well_offsets.parquet,BATCH-GELEKI-20260923-V1
GK-066,GK-010,535.8,True,5,2026-09-23T16:00:00Z,GENERATOR,gs://well-workover-intervention-data/landing/generator/2026/09/23/well_offsets.parquet,BATCH-GELEKI-20260923-V1
GK-066,GK-075,538.8,True,6,2026-09-23T16:00:00Z,GENERATOR,gs://well-workover-intervention-data/landing/generator/2026/09/23/well_offsets.parquet,BATCH-GELEKI-20260923-V1
GK-067,GK-027,199.5,True,1,2026-09-23T16:00:00Z,GENERATOR,gs://well-workover-intervention-data/landing/generator/2026/09/23/well_offsets.parquet,BATCH-GELEKI-20260923-V1
GK-067,GK-100,222.1,False,2,2026-09-23T16:00:00Z,GENERATOR,gs://well-workover-intervention-data/landing/generator/2026/09/23/well_offsets.parquet,BATCH-GELEKI-20260923-V1
GK-067,GK-132,228.7,True,3,2026-09-23T16:00:00Z,GENERATOR,gs://well-workover-intervention-data/landing/generator/2026/09/23/well_offsets.parquet,BATCH-GELEKI-20260923-V1
GK-067,GK-009,252.7,False,4,2026-09-23T16:00:00Z,GENERATOR,gs://well-workover-intervention-data/landing/generator/2026/09/23/well_offsets.parquet,BATCH-GELEKI-20260923-V1
GK-067,GK-105,305.3,False,5,2026-09-23T16:00:00Z,GENERATOR,gs://well-workover-intervention-data/landing/generator/2026/09/23/well_offsets.parquet,BATCH-GELEKI-20260923-V1
GK-067,GK-021,380.7,True,6,2026-09-23T16:00:00Z,GENERATOR,gs://well-workover-intervention-data/landing/generator/2026/09/23/well_offsets.parquet,BATCH-GELEKI-20260923-V1
GK-068,GK-135,189.4,True,1,2026-09-23T16:00:00Z,GENERATOR,gs://well-workover-intervention-data/landing/generator/2026/09/23/well_offsets.parquet,BATCH-GELEKI-20260923-V1
GK-068,GK-041,280.1,False,2,2026-09-23T16:00:00Z,GENERATOR,gs://well-workover-intervention-data/landing/generator/2026/09/23/well_offsets.parquet,BATCH-GELEKI-20260923-V1
GK-068,GK-138,282.0,False,3,2026-09-23T16:00:00Z,GENERATOR,gs://well-workover-intervention-data/landing/generator/2026/09/23/well_offsets.parquet,BATCH-GELEKI-20260923-V1
GK-068,GK-075,304.8,True,4,2026-09-23T16:00:00Z,GENERATOR,gs://well-workover-intervention-data/landing/generator/2026/09/23/well_offsets.parquet,BATCH-GELEKI-20260923-V1
GK-068,GK-017,307.4,True,5,2026-09-23T16:00:00Z,GENERATOR,gs://well-workover-intervention-data/landing/generator/2026/09/23/well_offsets.parquet,BATCH-GELEKI-20260923-V1
GK-068,GK-076,332.6,False,6,2026-09-23T16:00:00Z,GENERATOR,gs://well-workover-intervention-data/landing/generator/2026/09/23/well_offsets.parquet,BATCH-GELEKI-20260923-V1
GK-069,GK-031,295.7,False,1,2026-09-23T16:00:00Z,GENERATOR,gs://well-workover-intervention-data/landing/generator/2026/09/23/well_offsets.parquet,BATCH-GELEKI-20260923-V1
GK-069,GK-088,376.6,True,2,2026-09-23T16:00:00Z,GENERATOR,gs://well-workover-intervention-data/landing/generator/2026/09/23/well_offsets.parquet,BATCH-GELEKI-20260923-V1
GK-069,GK-094,420.9,True,3,2026-09-23T16:00:00Z,GENERATOR,gs://well-workover-intervention-data/landing/generator/2026/09/23/well_offsets.parquet,BATCH-GELEKI-20260923-V1
GK-069,GK-028,424.1,False,4,2026-09-23T16:00:00Z,GENERATOR,gs://well-workover-intervention-data/landing/generator/2026/09/23/well_offsets.parquet,BATCH-GELEKI-20260923-V1
GK-069,GK-106,459.1,True,5,2026-09-23T16:00:00Z,GENERATOR,gs://well-workover-intervention-data/landing/generator/2026/09/23/well_offsets.parquet,BATCH-GELEKI-20260923-V1
GK-069,GK-087,504.3,False,6,2026-09-23T16:00:00Z,GENERATOR,gs://well-workover-intervention-data/landing/generator/2026/09/23/well_offsets.parquet,BATCH-GELEKI-20260923-V1
GK-070,GK-126,139.9,True,1,2026-09-23T16:00:00Z,GENERATOR,gs://well-workover-intervention-data/landing/generator/2026/09/23/well_offsets.parquet,BATCH-GELEKI-20260923-V1
GK-070,GK-113,243.5,False,2,2026-09-23T16:00:00Z,GENERATOR,gs://well-workover-intervention-data/landing/generator/2026/09/23/well_offsets.parquet,BATCH-GELEKI-20260923-V1
GK-070,GK-124,316.9,False,3,2026-09-23T16:00:00Z,GENERATOR,gs://well-workover-intervention-data/landing/generator/2026/09/23/well_offsets.parquet,BATCH-GELEKI-20260923-V1
GK-070,GK-019,422.2,False,4,2026-09-23T16:00:00Z,GENERATOR,gs://well-workover-intervention-data/landing/generator/2026/09/23/well_offsets.parquet,BATCH-GELEKI-20260923-V1
GK-070,GK-081,475.1,False,5,2026-09-23T16:00:00Z,GENERATOR,gs://well-workover-intervention-data/landing/generator/2026/09/23/well_offsets.parquet,BATCH-GELEKI-20260923-V1
GK-070,GK-071,612.9,False,6,2026-09-23T16:00:00Z,GENERATOR,gs://well-workover-intervention-data/landing/generator/2026/09/23/well_offsets.parquet,BATCH-GELEKI-20260923-V1
GK-071,GK-141,268.5,True,1,2026-09-23T16:00:00Z,GENERATOR,gs://well-workover-intervention-data/landing/generator/2026/09/23/well_offsets.parquet,BATCH-GELEKI-20260923-V1
GK-071,GK-059,285.5,False,2,2026-09-23T16:00:00Z,GENERATOR,gs://well-workover-intervention-data/landing/generator/2026/09/23/well_offsets.parquet,BATCH-GELEKI-20260923-V1
GK-071,GK-018,441.6,True,3,2026-09-23T16:00:00Z,GENERATOR,gs://well-workover-intervention-data/landing/generator/2026/09/23/well_offsets.parquet,BATCH-GELEKI-20260923-V1
GK-071,GK-113,514.4,False,4,2026-09-23T16:00:00Z,GENERATOR,gs://well-workover-intervention-data/landing/generator/2026/09/23/well_offsets.parquet,BATCH-GELEKI-20260923-V1
GK-071,GK-037,537.6,False,5,2026-09-23T16:00:00Z,GENERATOR,gs://well-workover-intervention-data/landing/generator/2026/09/23/well_offsets.parquet,BATCH-GELEKI-20260923-V1
GK-071,GK-142,593.7,False,6,2026-09-23T16:00:00Z,GENERATOR,gs://well-workover-intervention-data/landing/generator/2026/09/23/well_offsets.parquet,BATCH-GELEKI-20260923-V1
GK-072,GK-066,301.8,False,1,2026-09-23T16:00:00Z,GENERATOR,gs://well-workover-intervention-data/landing/generator/2026/09/23/well_offsets.parquet,BATCH-GELEKI-20260923-V1
GK-072,GK-061,410.3,False,2,2026-09-23T16:00:00Z,GENERATOR,gs://well-workover-intervention-data/landing/generator/2026/09/23/well_offsets.parquet,BATCH-GELEKI-20260923-V1
GK-072,GK-075,439.2,False,3,2026-09-23T16:00:00Z,GENERATOR,gs://well-workover-intervention-data/landing/generator/2026/09/23/well_offsets.parquet,BATCH-GELEKI-20260923-V1
GK-072,GK-041,490.6,False,4,2026-09-23T16:00:00Z,GENERATOR,gs://well-workover-intervention-data/landing/generator/2026/09/23/well_offsets.parquet,BATCH-GELEKI-20260923-V1
GK-072,GK-025,509.7,False,5,2026-09-23T16:00:00Z,GENERATOR,gs://well-workover-intervention-data/landing/generator/2026/09/23/well_offsets.parquet,BATCH-GELEKI-20260923-V1
GK-072,GK-006,519.8,False,6,2026-09-23T16:00:00Z,GENERATOR,gs://well-workover-intervention-data/landing/generator/2026/09/23/well_offsets.parquet,BATCH-GELEKI-20260923-V1
GK-073,GK-096,171.6,True,1,2026-09-23T16:00:00Z,GENERATOR,gs://well-workover-intervention-data/landing/generator/2026/09/23/well_offsets.parquet,BATCH-GELEKI-20260923-V1
GK-073,GK-056,213.1,False,2,2026-09-23T16:00:00Z,GENERATOR,gs://well-workover-intervention-data/landing/generator/2026/09/23/well_offsets.parquet,BATCH-GELEKI-20260923-V1
GK-073,GK-050,258.2,False,3,2026-09-23T16:00:00Z,GENERATOR,gs://well-workover-intervention-data/landing/generator/2026/09/23/well_offsets.parquet,BATCH-GELEKI-20260923-V1
GK-073,GK-016,416.2,False,4,2026-09-23T16:00:00Z,GENERATOR,gs://well-workover-intervention-data/landing/generator/2026/09/23/well_offsets.parquet,BATCH-GELEKI-20260923-V1
GK-073,GK-008,451.0,True,5,2026-09-23T16:00:00Z,GENERATOR,gs://well-workover-intervention-data/landing/generator/2026/09/23/well_offsets.parquet,BATCH-GELEKI-20260923-V1
GK-073,GK-012,525.0,False,6,2026-09-23T16:00:00Z,GENERATOR,gs://well-workover-intervention-data/landing/generator/2026/09/23/well_offsets.parquet,BATCH-GELEKI-20260923-V1
GK-074,GK-111,318.9,False,1,2026-09-23T16:00:00Z,GENERATOR,gs://well-workover-intervention-data/landing/generator/2026/09/23/well_offsets.parquet,BATCH-GELEKI-20260923-V1
GK-074,GK-002,338.0,False,2,2026-09-23T16:00:00Z,GENERATOR,gs://well-workover-intervention-data/landing/generator/2026/09/23/well_offsets.parquet,BATCH-GELEKI-20260923-V1
GK-074,GK-082,354.2,False,3,2026-09-23T16:00:00Z,GENERATOR,gs://well-workover-intervention-data/landing/generator/2026/09/23/well_offsets.parquet,BATCH-GELEKI-20260923-V1
GK-074,GK-032,463.3,True,4,2026-09-23T16:00:00Z,GENERATOR,gs://well-workover-intervention-data/landing/generator/2026/09/23/well_offsets.parquet,BATCH-GELEKI-20260923-V1
GK-074,GK-107,510.0,True,5,2026-09-23T16:00:00Z,GENERATOR,gs://well-workover-intervention-data/landing/generator/2026/09/23/well_offsets.parquet,BATCH-GELEKI-20260923-V1
GK-074,GK-007,528.0,True,6,2026-09-23T16:00:00Z,GENERATOR,gs://well-workover-intervention-data/landing/generator/2026/09/23/well_offsets.parquet,BATCH-GELEKI-20260923-V1
GK-075,GK-041,88.2,False,1,2026-09-23T16:00:00Z,GENERATOR,gs://well-workover-intervention-data/landing/generator/2026/09/23/well_offsets.parquet,BATCH-GELEKI-20260923-V1
GK-075,GK-076,227.9,False,2,2026-09-23T16:00:00Z,GENERATOR,gs://well-workover-intervention-data/landing/generator/2026/09/23/well_offsets.parquet,BATCH-GELEKI-20260923-V1
GK-075,GK-017,245.7,True,3,2026-09-23T16:00:00Z,GENERATOR,gs://well-workover-intervention-data/landing/generator/2026/09/23/well_offsets.parquet,BATCH-GELEKI-20260923-V1
GK-075,GK-135,270.6,True,4,2026-09-23T16:00:00Z,GENERATOR,gs://well-workover-intervention-data/landing/generator/2026/09/23/well_offsets.parquet,BATCH-GELEKI-20260923-V1
GK-075,GK-068,304.8,True,5,2026-09-23T16:00:00Z,GENERATOR,gs://well-workover-intervention-data/landing/generator/2026/09/23/well_offsets.parquet,BATCH-GELEKI-20260923-V1
GK-075,GK-025,402.7,False,6,2026-09-23T16:00:00Z,GENERATOR,gs://well-workover-intervention-data/landing/generator/2026/09/23/well_offsets.parquet,BATCH-GELEKI-20260923-V1
GK-076,GK-017,40.6,False,1,2026-09-23T16:00:00Z,GENERATOR,gs://well-workover-intervention-data/landing/generator/2026/09/23/well_offsets.parquet,BATCH-GELEKI-20260923-V1
GK-076,GK-041,142.0,True,2,2026-09-23T16:00:00Z,GENERATOR,gs://well-workover-intervention-data/landing/generator/2026/09/23/well_offsets.parquet,BATCH-GELEKI-20260923-V1
GK-076,GK-075,227.9,False,3,2026-09-23T16:00:00Z,GENERATOR,gs://well-workover-intervention-data/landing/generator/2026/09/23/well_offsets.parquet,BATCH-GELEKI-20260923-V1
GK-076,GK-068,332.6,False,4,2026-09-23T16:00:00Z,GENERATOR,gs://well-workover-intervention-data/landing/generator/2026/09/23/well_offsets.parquet,BATCH-GELEKI-20260923-V1
GK-076,GK-122,341.6,True,5,2026-09-23T16:00:00Z,GENERATOR,gs://well-workover-intervention-data/landing/generator/2026/09/23/well_offsets.parquet,BATCH-GELEKI-20260923-V1
GK-076,GK-138,394.9,False,6,2026-09-23T16:00:00Z,GENERATOR,gs://well-workover-intervention-data/landing/generator/2026/09/23/well_offsets.parquet,BATCH-GELEKI-20260923-V1
GK-077,GK-115,547.1,False,1,2026-09-23T16:00:00Z,GENERATOR,gs://well-workover-intervention-data/landing/generator/2026/09/23/well_offsets.parquet,BATCH-GELEKI-20260923-V1
GK-077,GK-045,576.1,True,2,2026-09-23T16:00:00Z,GENERATOR,gs://well-workover-intervention-data/landing/generator/2026/09/23/well_offsets.parquet,BATCH-GELEKI-20260923-V1
GK-077,GK-091,850.9,False,3,2026-09-23T16:00:00Z,GENERATOR,gs://well-workover-intervention-data/landing/generator/2026/09/23/well_offsets.parquet,BATCH-GELEKI-20260923-V1
GK-077,GK-057,883.5,False,4,2026-09-23T16:00:00Z,GENERATOR,gs://well-workover-intervention-data/landing/generator/2026/09/23/well_offsets.parquet,BATCH-GELEKI-20260923-V1
GK-077,GK-121,953.1,False,5,2026-09-23T16:00:00Z,GENERATOR,gs://well-workover-intervention-data/landing/generator/2026/09/23/well_offsets.parquet,BATCH-GELEKI-20260923-V1
GK-077,GK-112,972.3,False,6,2026-09-23T16:00:00Z,GENERATOR,gs://well-workover-intervention-data/landing/generator/2026/09/23/well_offsets.parquet,BATCH-GELEKI-20260923-V1
GK-078,GK-123,933.0,True,1,2026-09-23T16:00:00Z,GENERATOR,gs://well-workover-intervention-data/landing/generator/2026/09/23/well_offsets.parquet,BATCH-GELEKI-20260923-V1
GK-078,GK-044,1485.4,True,2,2026-09-23T16:00:00Z,GENERATOR,gs://well-workover-intervention-data/landing/generator/2026/09/23/well_offsets.parquet,BATCH-GELEKI-20260923-V1
GK-078,GK-134,1722.5,True,3,2026-09-23T16:00:00Z,GENERATOR,gs://well-workover-intervention-data/landing/generator/2026/09/23/well_offsets.parquet,BATCH-GELEKI-20260923-V1
GK-078,GK-111,2055.9,True,4,2026-09-23T16:00:00Z,GENERATOR,gs://well-workover-intervention-data/landing/generator/2026/09/23/well_offsets.parquet,BATCH-GELEKI-20260923-V1
GK-078,GK-074,2101.0,False,5,2026-09-23T16:00:00Z,GENERATOR,gs://well-workover-intervention-data/landing/generator/2026/09/23/well_offsets.parquet,BATCH-GELEKI-20260923-V1
GK-078,GK-097,2102.7,False,6,2026-09-23T16:00:00Z,GENERATOR,gs://well-workover-intervention-data/landing/generator/2026/09/23/well_offsets.parquet,BATCH-GELEKI-20260923-V1
GK-079,GK-065,345.2,False,1,2026-09-23T16:00:00Z,GENERATOR,gs://well-workover-intervention-data/landing/generator/2026/09/23/well_offsets.parquet,BATCH-GELEKI-20260923-V1
GK-079,GK-008,476.1,True,2,2026-09-23T16:00:00Z,GENERATOR,gs://well-workover-intervention-data/landing/generator/2026/09/23/well_offsets.parquet,BATCH-GELEKI-20260923-V1
GK-079,GK-047,502.9,False,3,2026-09-23T16:00:00Z,GENERATOR,gs://well-workover-intervention-data/landing/generator/2026/09/23/well_offsets.parquet,BATCH-GELEKI-20260923-V1
GK-079,GK-050,604.0,False,4,2026-09-23T16:00:00Z,GENERATOR,gs://well-workover-intervention-data/landing/generator/2026/09/23/well_offsets.parquet,BATCH-GELEKI-20260923-V1
GK-079,GK-129,614.7,False,5,2026-09-23T16:00:00Z,GENERATOR,gs://well-workover-intervention-data/landing/generator/2026/09/23/well_offsets.parquet,BATCH-GELEKI-20260923-V1
GK-079,GK-016,626.8,False,6,2026-09-23T16:00:00Z,GENERATOR,gs://well-workover-intervention-data/landing/generator/2026/09/23/well_offsets.parquet,BATCH-GELEKI-20260923-V1
GK-080,GK-117,285.0,False,1,2026-09-23T16:00:00Z,GENERATOR,gs://well-workover-intervention-data/landing/generator/2026/09/23/well_offsets.parquet,BATCH-GELEKI-20260923-V1
GK-080,GK-048,359.5,True,2,2026-09-23T16:00:00Z,GENERATOR,gs://well-workover-intervention-data/landing/generator/2026/09/23/well_offsets.parquet,BATCH-GELEKI-20260923-V1
GK-080,GK-214,446.1,True,3,2026-09-23T16:00:00Z,GENERATOR,gs://well-workover-intervention-data/landing/generator/2026/09/23/well_offsets.parquet,BATCH-GELEKI-20260923-V1
GK-080,GK-060,519.5,False,4,2026-09-23T16:00:00Z,GENERATOR,gs://well-workover-intervention-data/landing/generator/2026/09/23/well_offsets.parquet,BATCH-GELEKI-20260923-V1
GK-080,GK-097,550.3,True,5,2026-09-23T16:00:00Z,GENERATOR,gs://well-workover-intervention-data/landing/generator/2026/09/23/well_offsets.parquet,BATCH-GELEKI-20260923-V1
GK-080,GK-107,593.0,True,6,2026-09-23T16:00:00Z,GENERATOR,gs://well-workover-intervention-data/landing/generator/2026/09/23/well_offsets.parquet,BATCH-GELEKI-20260923-V1
GK-081,GK-124,328.0,True,1,2026-09-23T16:00:00Z,GENERATOR,gs://well-workover-intervention-data/landing/generator/2026/09/23/well_offsets.parquet,BATCH-GELEKI-20260923-V1
GK-081,GK-019,403.7,False,2,2026-09-23T16:00:00Z,GENERATOR,gs://well-workover-intervention-data/landing/generator/2026/09/23/well_offsets.parquet,BATCH-GELEKI-20260923-V1
GK-081,GK-126,426.5,False,3,2026-09-23T16:00:00Z,GENERATOR,gs://well-workover-intervention-data/landing/generator/2026/09/23/well_offsets.parquet,BATCH-GELEKI-20260923-V1
GK-081,GK-011,441.3,True,4,2026-09-23T16:00:00Z,GENERATOR,gs://well-workover-intervention-data/landing/generator/2026/09/23/well_offsets.parquet,BATCH-GELEKI-20260923-V1
GK-081,GK-045,447.1,False,5,2026-09-23T16:00:00Z,GENERATOR,gs://well-workover-intervention-data/landing/generator/2026/09/23/well_offsets.parquet,BATCH-GELEKI-20260923-V1
GK-081,GK-070,475.1,False,6,2026-09-23T16:00:00Z,GENERATOR,gs://well-workover-intervention-data/landing/generator/2026/09/23/well_offsets.parquet,BATCH-GELEKI-20260923-V1
GK-082,GK-032,125.6,False,1,2026-09-23T16:00:00Z,GENERATOR,gs://well-workover-intervention-data/landing/generator/2026/09/23/well_offsets.parquet,BATCH-GELEKI-20260923-V1
GK-082,GK-007,174.2,False,2,2026-09-23T16:00:00Z,GENERATOR,gs://well-workover-intervention-data/landing/generator/2026/09/23/well_offsets.parquet,BATCH-GELEKI-20260923-V1
GK-082,GK-002,262.9,True,3,2026-09-23T16:00:00Z,GENERATOR,gs://well-workover-intervention-data/landing/generator/2026/09/23/well_offsets.parquet,BATCH-GELEKI-20260923-V1
GK-082,GK-107,302.9,False,4,2026-09-23T16:00:00Z,GENERATOR,gs://well-workover-intervention-data/landing/generator/2026/09/23/well_offsets.parquet,BATCH-GELEKI-20260923-V1
GK-082,GK-074,354.2,False,5,2026-09-23T16:00:00Z,GENERATOR,gs://well-workover-intervention-data/landing/generator/2026/09/23/well_offsets.parquet,BATCH-GELEKI-20260923-V1
GK-082,GK-060,477.3,False,6,2026-09-23T16:00:00Z,GENERATOR,gs://well-workover-intervention-data/landing/generator/2026/09/23/well_offsets.parquet,BATCH-GELEKI-20260923-V1
GK-083,GK-024,23.8,False,1,2026-09-23T16:00:00Z,GENERATOR,gs://well-workover-intervention-data/landing/generator/2026/09/23/well_offsets.parquet,BATCH-GELEKI-20260923-V1
GK-083,GK-119,74.1,True,2,2026-09-23T16:00:00Z,GENERATOR,gs://well-workover-intervention-data/landing/generator/2026/09/23/well_offsets.parquet,BATCH-GELEKI-20260923-V1
GK-083,GK-063,177.6,True,3,2026-09-23T16:00:00Z,GENERATOR,gs://well-workover-intervention-data/landing/generator/2026/09/23/well_offsets.parquet,BATCH-GELEKI-20260923-V1
GK-083,GK-053,294.5,False,4,2026-09-23T16:00:00Z,GENERATOR,gs://well-workover-intervention-data/landing/generator/2026/09/23/well_offsets.parquet,BATCH-GELEKI-20260923-V1
GK-083,GK-051,401.4,True,5,2026-09-23T16:00:00Z,GENERATOR,gs://well-workover-intervention-data/landing/generator/2026/09/23/well_offsets.parquet,BATCH-GELEKI-20260923-V1
GK-083,GK-130,422.2,True,6,2026-09-23T16:00:00Z,GENERATOR,gs://well-workover-intervention-data/landing/generator/2026/09/23/well_offsets.parquet,BATCH-GELEKI-20260923-V1
GK-084,GK-051,853.1,False,1,2026-09-23T16:00:00Z,GENERATOR,gs://well-workover-intervention-data/landing/generator/2026/09/23/well_offsets.parquet,BATCH-GELEKI-20260923-V1
GK-084,GK-035,903.7,False,2,2026-09-23T16:00:00Z,GENERATOR,gs://well-workover-intervention-data/landing/generator/2026/09/23/well_offsets.parquet,BATCH-GELEKI-20260923-V1
GK-084,GK-063,1013.5,False,3,2026-09-23T16:00:00Z,GENERATOR,gs://well-workover-intervention-data/landing/generator/2026/09/23/well_offsets.parquet,BATCH-GELEKI-20260923-V1
GK-084,GK-115,1031.4,False,4,2026-09-23T16:00:00Z,GENERATOR,gs://well-workover-intervention-data/landing/generator/2026/09/23/well_offsets.parquet,BATCH-GELEKI-20260923-V1
GK-084,GK-119,1131.9,False,5,2026-09-23T16:00:00Z,GENERATOR,gs://well-workover-intervention-data/landing/generator/2026/09/23/well_offsets.parquet,BATCH-GELEKI-20260923-V1
GK-084,GK-024,1167.8,False,6,2026-09-23T16:00:00Z,GENERATOR,gs://well-workover-intervention-data/landing/generator/2026/09/23/well_offsets.parquet,BATCH-GELEKI-20260923-V1
GK-085,GK-099,461.8,False,1,2026-09-23T16:00:00Z,GENERATOR,gs://well-workover-intervention-data/landing/generator/2026/09/23/well_offsets.parquet,BATCH-GELEKI-20260923-V1
GK-085,GK-118,499.4,True,2,2026-09-23T16:00:00Z,GENERATOR,gs://well-workover-intervention-data/landing/generator/2026/09/23/well_offsets.parquet,BATCH-GELEKI-20260923-V1
GK-085,GK-022,630.3,False,3,2026-09-23T16:00:00Z,GENERATOR,gs://well-workover-intervention-data/landing/generator/2026/09/23/well_offsets.parquet,BATCH-GELEKI-20260923-V1
GK-085,GK-052,631.3,True,4,2026-09-23T16:00:00Z,GENERATOR,gs://well-workover-intervention-data/landing/generator/2026/09/23/well_offsets.parquet,BATCH-GELEKI-20260923-V1
GK-085,GK-046,740.3,False,5,2026-09-23T16:00:00Z,GENERATOR,gs://well-workover-intervention-data/landing/generator/2026/09/23/well_offsets.parquet,BATCH-GELEKI-20260923-V1
GK-085,GK-004,756.9,False,6,2026-09-23T16:00:00Z,GENERATOR,gs://well-workover-intervention-data/landing/generator/2026/09/23/well_offsets.parquet,BATCH-GELEKI-20260923-V1
GK-086,GK-138,236.5,True,1,2026-09-23T16:00:00Z,GENERATOR,gs://well-workover-intervention-data/landing/generator/2026/09/23/well_offsets.parquet,BATCH-GELEKI-20260923-V1
GK-086,GK-122,257.7,False,2,2026-09-23T16:00:00Z,GENERATOR,gs://well-workover-intervention-data/landing/generator/2026/09/23/well_offsets.parquet,BATCH-GELEKI-20260923-V1
GK-086,GK-023,323.0,True,3,2026-09-23T16:00:00Z,GENERATOR,gs://well-workover-intervention-data/landing/generator/2026/09/23/well_offsets.parquet,BATCH-GELEKI-20260923-V1
GK-086,GK-137,399.9,True,4,2026-09-23T16:00:00Z,GENERATOR,gs://well-workover-intervention-data/landing/generator/2026/09/23/well_offsets.parquet,BATCH-GELEKI-20260923-V1
GK-086,GK-136,410.8,False,5,2026-09-23T16:00:00Z,GENERATOR,gs://well-workover-intervention-data/landing/generator/2026/09/23/well_offsets.parquet,BATCH-GELEKI-20260923-V1
GK-086,GK-017,426.3,False,6,2026-09-23T16:00:00Z,GENERATOR,gs://well-workover-intervention-data/landing/generator/2026/09/23/well_offsets.parquet,BATCH-GELEKI-20260923-V1
GK-087,GK-106,49.4,False,1,2026-09-23T16:00:00Z,GENERATOR,gs://well-workover-intervention-data/landing/generator/2026/09/23/well_offsets.parquet,BATCH-GELEKI-20260923-V1
GK-087,GK-103,121.7,False,2,2026-09-23T16:00:00Z,GENERATOR,gs://well-workover-intervention-data/landing/generator/2026/09/23/well_offsets.parquet,BATCH-GELEKI-20260923-V1
GK-087,GK-088,185.7,False,3,2026-09-23T16:00:00Z,GENERATOR,gs://well-workover-intervention-data/landing/generator/2026/09/23/well_offsets.parquet,BATCH-GELEKI-20260923-V1
GK-087,GK-028,186.5,True,4,2026-09-23T16:00:00Z,GENERATOR,gs://well-workover-intervention-data/landing/generator/2026/09/23/well_offsets.parquet,BATCH-GELEKI-20260923-V1
GK-087,GK-031,371.5,True,5,2026-09-23T16:00:00Z,GENERATOR,gs://well-workover-intervention-data/landing/generator/2026/09/23/well_offsets.parquet,BATCH-GELEKI-20260923-V1
GK-087,GK-089,393.0,False,6,2026-09-23T16:00:00Z,GENERATOR,gs://well-workover-intervention-data/landing/generator/2026/09/23/well_offsets.parquet,BATCH-GELEKI-20260923-V1
GK-088,GK-106,138.8,True,1,2026-09-23T16:00:00Z,GENERATOR,gs://well-workover-intervention-data/landing/generator/2026/09/23/well_offsets.parquet,BATCH-GELEKI-20260923-V1
GK-088,GK-103,143.1,False,2,2026-09-23T16:00:00Z,GENERATOR,gs://well-workover-intervention-data/landing/generator/2026/09/23/well_offsets.parquet,BATCH-GELEKI-20260923-V1
GK-088,GK-087,185.7,False,3,2026-09-23T16:00:00Z,GENERATOR,gs://well-workover-intervention-data/landing/generator/2026/09/23/well_offsets.parquet,BATCH-GELEKI-20260923-V1
GK-088,GK-031,186.2,False,4,2026-09-23T16:00:00Z,GENERATOR,gs://well-workover-intervention-data/landing/generator/2026/09/23/well_offsets.parquet,BATCH-GELEKI-20260923-V1
GK-088,GK-028,269.6,False,5,2026-09-23T16:00:00Z,GENERATOR,gs://well-workover-intervention-data/landing/generator/2026/09/23/well_offsets.parquet,BATCH-GELEKI-20260923-V1
GK-088,GK-069,376.6,True,6,2026-09-23T16:00:00Z,GENERATOR,gs://well-workover-intervention-data/landing/generator/2026/09/23/well_offsets.parquet,BATCH-GELEKI-20260923-V1
GK-089,GK-137,290.3,False,1,2026-09-23T16:00:00Z,GENERATOR,gs://well-workover-intervention-data/landing/generator/2026/09/23/well_offsets.parquet,BATCH-GELEKI-20260923-V1
GK-089,GK-055,356.5,True,2,2026-09-23T16:00:00Z,GENERATOR,gs://well-workover-intervention-data/landing/generator/2026/09/23/well_offsets.parquet,BATCH-GELEKI-20260923-V1
GK-089,GK-103,367.1,False,3,2026-09-23T16:00:00Z,GENERATOR,gs://well-workover-intervention-data/landing/generator/2026/09/23/well_offsets.parquet,BATCH-GELEKI-20260923-V1
GK-089,GK-087,393.0,False,4,2026-09-23T16:00:00Z,GENERATOR,gs://well-workover-intervention-data/landing/generator/2026/09/23/well_offsets.parquet,BATCH-GELEKI-20260923-V1
GK-089,GK-023,417.2,False,5,2026-09-23T16:00:00Z,GENERATOR,gs://well-workover-intervention-data/landing/generator/2026/09/23/well_offsets.parquet,BATCH-GELEKI-20260923-V1
GK-089,GK-020,425.3,True,6,2026-09-23T16:00:00Z,GENERATOR,gs://well-workover-intervention-data/landing/generator/2026/09/23/well_offsets.parquet,BATCH-GELEKI-20260923-V1
GK-090,GK-116,115.2,True,1,2026-09-23T16:00:00Z,GENERATOR,gs://well-workover-intervention-data/landing/generator/2026/09/23/well_offsets.parquet,BATCH-GELEKI-20260923-V1
GK-090,GK-105,346.9,False,2,2026-09-23T16:00:00Z,GENERATOR,gs://well-workover-intervention-data/landing/generator/2026/09/23/well_offsets.parquet,BATCH-GELEKI-20260923-V1
GK-090,GK-130,447.2,True,3,2026-09-23T16:00:00Z,GENERATOR,gs://well-workover-intervention-data/landing/generator/2026/09/23/well_offsets.parquet,BATCH-GELEKI-20260923-V1
GK-090,GK-132,519.7,True,4,2026-09-23T16:00:00Z,GENERATOR,gs://well-workover-intervention-data/landing/generator/2026/09/23/well_offsets.parquet,BATCH-GELEKI-20260923-V1
GK-090,GK-067,530.2,True,5,2026-09-23T16:00:00Z,GENERATOR,gs://well-workover-intervention-data/landing/generator/2026/09/23/well_offsets.parquet,BATCH-GELEKI-20260923-V1
GK-090,GK-029,556.5,True,6,2026-09-23T16:00:00Z,GENERATOR,gs://well-workover-intervention-data/landing/generator/2026/09/23/well_offsets.parquet,BATCH-GELEKI-20260923-V1
GK-091,GK-057,56.2,True,1,2026-09-23T16:00:00Z,GENERATOR,gs://well-workover-intervention-data/landing/generator/2026/09/23/well_offsets.parquet,BATCH-GELEKI-20260923-V1
GK-091,GK-112,210.6,True,2,2026-09-23T16:00:00Z,GENERATOR,gs://well-workover-intervention-data/landing/generator/2026/09/23/well_offsets.parquet,BATCH-GELEKI-20260923-V1
GK-091,GK-121,388.5,True,3,2026-09-23T16:00:00Z,GENERATOR,gs://well-workover-intervention-data/landing/generator/2026/09/23/well_offsets.parquet,BATCH-GELEKI-20260923-V1
GK-091,GK-098,444.2,False,4,2026-09-23T16:00:00Z,GENERATOR,gs://well-workover-intervention-data/landing/generator/2026/09/23/well_offsets.parquet,BATCH-GELEKI-20260923-V1
GK-091,GK-003,495.2,False,5,2026-09-23T16:00:00Z,GENERATOR,gs://well-workover-intervention-data/landing/generator/2026/09/23/well_offsets.parquet,BATCH-GELEKI-20260923-V1
GK-091,GK-100,583.7,True,6,2026-09-23T16:00:00Z,GENERATOR,gs://well-workover-intervention-data/landing/generator/2026/09/23/well_offsets.parquet,BATCH-GELEKI-20260923-V1
GK-092,GK-062,703.1,False,1,2026-09-23T16:00:00Z,GENERATOR,gs://well-workover-intervention-data/landing/generator/2026/09/23/well_offsets.parquet,BATCH-GELEKI-20260923-V1
GK-092,GK-133,940.5,False,2,2026-09-23T16:00:00Z,GENERATOR,gs://well-workover-intervention-data/landing/generator/2026/09/23/well_offsets.parquet,BATCH-GELEKI-20260923-V1
GK-092,GK-012,954.0,True,3,2026-09-23T16:00:00Z,GENERATOR,gs://well-workover-intervention-data/landing/generator/2026/09/23/well_offsets.parquet,BATCH-GELEKI-20260923-V1
GK-092,GK-068,1010.5,True,4,2026-09-23T16:00:00Z,GENERATOR,gs://well-workover-intervention-data/landing/generator/2026/09/23/well_offsets.parquet,BATCH-GELEKI-20260923-V1
GK-092,GK-138,1030.7,False,5,2026-09-23T16:00:00Z,GENERATOR,gs://well-workover-intervention-data/landing/generator/2026/09/23/well_offsets.parquet,BATCH-GELEKI-20260923-V1
GK-092,GK-135,1033.0,True,6,2026-09-23T16:00:00Z,GENERATOR,gs://well-workover-intervention-data/landing/generator/2026/09/23/well_offsets.parquet,BATCH-GELEKI-20260923-V1
GK-093,GK-121,245.3,False,1,2026-09-23T16:00:00Z,GENERATOR,gs://well-workover-intervention-data/landing/generator/2026/09/23/well_offsets.parquet,BATCH-GELEKI-20260923-V1
GK-093,GK-029,358.3,True,2,2026-09-23T16:00:00Z,GENERATOR,gs://well-workover-intervention-data/landing/generator/2026/09/23/well_offsets.parquet,BATCH-GELEKI-20260923-V1
GK-093,GK-035,509.8,True,3,2026-09-23T16:00:00Z,GENERATOR,gs://well-workover-intervention-data/landing/generator/2026/09/23/well_offsets.parquet,BATCH-GELEKI-20260923-V1
GK-093,GK-105,548.5,False,4,2026-09-23T16:00:00Z,GENERATOR,gs://well-workover-intervention-data/landing/generator/2026/09/23/well_offsets.parquet,BATCH-GELEKI-20260923-V1
GK-093,GK-130,581.8,True,5,2026-09-23T16:00:00Z,GENERATOR,gs://well-workover-intervention-data/landing/generator/2026/09/23/well_offsets.parquet,BATCH-GELEKI-20260923-V1
GK-093,GK-091,614.6,False,6,2026-09-23T16:00:00Z,GENERATOR,gs://well-workover-intervention-data/landing/generator/2026/09/23/well_offsets.parquet,BATCH-GELEKI-20260923-V1
GK-094,GK-006,267.7,True,1,2026-09-23T16:00:00Z,GENERATOR,gs://well-workover-intervention-data/landing/generator/2026/09/23/well_offsets.parquet,BATCH-GELEKI-20260923-V1
GK-094,GK-069,420.9,True,2,2026-09-23T16:00:00Z,GENERATOR,gs://well-workover-intervention-data/landing/generator/2026/09/23/well_offsets.parquet,BATCH-GELEKI-20260923-V1
GK-094,GK-031,521.5,False,3,2026-09-23T16:00:00Z,GENERATOR,gs://well-workover-intervention-data/landing/generator/2026/09/23/well_offsets.parquet,BATCH-GELEKI-20260923-V1
GK-094,GK-061,524.1,True,4,2026-09-23T16:00:00Z,GENERATOR,gs://well-workover-intervention-data/landing/generator/2026/09/23/well_offsets.parquet,BATCH-GELEKI-20260923-V1
GK-094,GK-088,693.8,True,5,2026-09-23T16:00:00Z,GENERATOR,gs://well-workover-intervention-data/landing/generator/2026/09/23/well_offsets.parquet,BATCH-GELEKI-20260923-V1
GK-094,GK-072,781.8,False,6,2026-09-23T16:00:00Z,GENERATOR,gs://well-workover-intervention-data/landing/generator/2026/09/23/well_offsets.parquet,BATCH-GELEKI-20260923-V1
GK-095,GK-018,220.7,True,1,2026-09-23T16:00:00Z,GENERATOR,gs://well-workover-intervention-data/landing/generator/2026/09/23/well_offsets.parquet,BATCH-GELEKI-20260923-V1
GK-095,GK-015,322.8,True,2,2026-09-23T16:00:00Z,GENERATOR,gs://well-workover-intervention-data/landing/generator/2026/09/23/well_offsets.parquet,BATCH-GELEKI-20260923-V1
GK-095,GK-141,433.6,True,3,2026-09-23T16:00:00Z,GENERATOR,gs://well-workover-intervention-data/landing/generator/2026/09/23/well_offsets.parquet,BATCH-GELEKI-20260923-V1
GK-095,GK-142,583.0,False,4,2026-09-23T16:00:00Z,GENERATOR,gs://well-workover-intervention-data/landing/generator/2026/09/23/well_offsets.parquet,BATCH-GELEKI-20260923-V1
GK-095,GK-147,584.6,False,5,2026-09-23T16:00:00Z,GENERATOR,gs://well-workover-intervention-data/landing/generator/2026/09/23/well_offsets.parquet,BATCH-GELEKI-20260923-V1
GK-095,GK-071,623.4,True,6,2026-09-23T16:00:00Z,GENERATOR,gs://well-workover-intervention-data/landing/generator/2026/09/23/well_offsets.parquet,BATCH-GELEKI-20260923-V1
GK-096,GK-056,51.9,False,1,2026-09-23T16:00:00Z,GENERATOR,gs://well-workover-intervention-data/landing/generator/2026/09/23/well_offsets.parquet,BATCH-GELEKI-20260923-V1
GK-096,GK-073,171.6,True,2,2026-09-23T16:00:00Z,GENERATOR,gs://well-workover-intervention-data/landing/generator/2026/09/23/well_offsets.parquet,BATCH-GELEKI-20260923-V1
GK-096,GK-050,212.3,False,3,2026-09-23T16:00:00Z,GENERATOR,gs://well-workover-intervention-data/landing/generator/2026/09/23/well_offsets.parquet,BATCH-GELEKI-20260923-V1
GK-096,GK-016,249.9,False,4,2026-09-23T16:00:00Z,GENERATOR,gs://well-workover-intervention-data/landing/generator/2026/09/23/well_offsets.parquet,BATCH-GELEKI-20260923-V1
GK-096,GK-008,442.8,True,5,2026-09-23T16:00:00Z,GENERATOR,gs://well-workover-intervention-data/landing/generator/2026/09/23/well_offsets.parquet,BATCH-GELEKI-20260923-V1
GK-096,GK-012,479.5,False,6,2026-09-23T16:00:00Z,GENERATOR,gs://well-workover-intervention-data/landing/generator/2026/09/23/well_offsets.parquet,BATCH-GELEKI-20260923-V1
GK-097,GK-107,233.2,True,1,2026-09-23T16:00:00Z,GENERATOR,gs://well-workover-intervention-data/landing/generator/2026/09/23/well_offsets.parquet,BATCH-GELEKI-20260923-V1
GK-097,GK-002,303.5,False,2,2026-09-23T16:00:00Z,GENERATOR,gs://well-workover-intervention-data/landing/generator/2026/09/23/well_offsets.parquet,BATCH-GELEKI-20260923-V1
GK-097,GK-117,304.9,False,3,2026-09-23T16:00:00Z,GENERATOR,gs://well-workover-intervention-data/landing/generator/2026/09/23/well_offsets.parquet,BATCH-GELEKI-20260923-V1
GK-097,GK-214,334.6,True,4,2026-09-23T16:00:00Z,GENERATOR,gs://well-workover-intervention-data/landing/generator/2026/09/23/well_offsets.parquet,BATCH-GELEKI-20260923-V1
GK-097,GK-134,380.8,False,5,2026-09-23T16:00:00Z,GENERATOR,gs://well-workover-intervention-data/landing/generator/2026/09/23/well_offsets.parquet,BATCH-GELEKI-20260923-V1
GK-097,GK-082,520.6,False,6,2026-09-23T16:00:00Z,GENERATOR,gs://well-workover-intervention-data/landing/generator/2026/09/23/well_offsets.parquet,BATCH-GELEKI-20260923-V1
GK-098,GK-003,56.3,False,1,2026-09-23T16:00:00Z,GENERATOR,gs://well-workover-intervention-data/landing/generator/2026/09/23/well_offsets.parquet,BATCH-GELEKI-20260923-V1
GK-098,GK-021,181.2,False,2,2026-09-23T16:00:00Z,GENERATOR,gs://well-workover-intervention-data/landing/generator/2026/09/23/well_offsets.parquet,BATCH-GELEKI-20260923-V1
GK-098,GK-026,196.9,False,3,2026-09-23T16:00:00Z,GENERATOR,gs://well-workover-intervention-data/landing/generator/2026/09/23/well_offsets.parquet,BATCH-GELEKI-20260923-V1
GK-098,GK-112,253.2,False,4,2026-09-23T16:00:00Z,GENERATOR,gs://well-workover-intervention-data/landing/generator/2026/09/23/well_offsets.parquet,BATCH-GELEKI-20260923-V1
GK-098,GK-100,286.7,False,5,2026-09-23T16:00:00Z,GENERATOR,gs://well-workover-intervention-data/landing/generator/2026/09/23/well_offsets.parquet,BATCH-GELEKI-20260923-V1
GK-098,GK-039,318.8,False,6,2026-09-23T16:00:00Z,GENERATOR,gs://well-workover-intervention-data/landing/generator/2026/09/23/well_offsets.parquet,BATCH-GELEKI-20260923-V1
GK-099,GK-052,277.6,False,1,2026-09-23T16:00:00Z,GENERATOR,gs://well-workover-intervention-data/landing/generator/2026/09/23/well_offsets.parquet,BATCH-GELEKI-20260923-V1
GK-099,GK-046,412.3,True,2,2026-09-23T16:00:00Z,GENERATOR,gs://well-workover-intervention-data/landing/generator/2026/09/23/well_offsets.parquet,BATCH-GELEKI-20260923-V1
GK-099,GK-085,461.8,False,3,2026-09-23T16:00:00Z,GENERATOR,gs://well-workover-intervention-data/landing/generator/2026/09/23/well_offsets.parquet,BATCH-GELEKI-20260923-V1
GK-099,GK-030,667.9,False,4,2026-09-23T16:00:00Z,GENERATOR,gs://well-workover-intervention-data/landing/generator/2026/09/23/well_offsets.parquet,BATCH-GELEKI-20260923-V1
GK-099,GK-109,730.5,True,5,2026-09-23T16:00:00Z,GENERATOR,gs://well-workover-intervention-data/landing/generator/2026/09/23/well_offsets.parquet,BATCH-GELEKI-20260923-V1
GK-099,GK-022,744.2,True,6,2026-09-23T16:00:00Z,GENERATOR,gs://well-workover-intervention-data/landing/generator/2026/09/23/well_offsets.parquet,BATCH-GELEKI-20260923-V1
GK-100,GK-021,167.7,False,1,2026-09-23T16:00:00Z,GENERATOR,gs://well-workover-intervention-data/landing/generator/2026/09/23/well_offsets.parquet,BATCH-GELEKI-20260923-V1
GK-100,GK-027,182.3,False,2,2026-09-23T16:00:00Z,GENERATOR,gs://well-workover-intervention-data/landing/generator/2026/09/23/well_offsets.parquet,BATCH-GELEKI-20260923-V1
GK-100,GK-067,222.1,False,3,2026-09-23T16:00:00Z,GENERATOR,gs://well-workover-intervention-data/landing/generator/2026/09/23/well_offsets.parquet,BATCH-GELEKI-20260923-V1
GK-100,GK-009,232.1,False,4,2026-09-23T16:00:00Z,GENERATOR,gs://well-workover-intervention-data/landing/generator/2026/09/23/well_offsets.parquet,BATCH-GELEKI-20260923-V1
GK-100,GK-003,253.9,False,5,2026-09-23T16:00:00Z,GENERATOR,gs://well-workover-intervention-data/landing/generator/2026/09/23/well_offsets.parquet,BATCH-GELEKI-20260923-V1
GK-100,GK-098,286.7,False,6,2026-09-23T16:00:00Z,GENERATOR,gs://well-workover-intervention-data/landing/generator/2026/09/23/well_offsets.parquet,BATCH-GELEKI-20260923-V1
GK-101,GK-058,362.4,False,1,2026-09-23T16:00:00Z,GENERATOR,gs://well-workover-intervention-data/landing/generator/2026/09/23/well_offsets.parquet,BATCH-GELEKI-20260923-V1
GK-101,GK-040,625.9,False,2,2026-09-23T16:00:00Z,GENERATOR,gs://well-workover-intervention-data/landing/generator/2026/09/23/well_offsets.parquet,BATCH-GELEKI-20260923-V1
GK-101,GK-013,690.5,False,3,2026-09-23T16:00:00Z,GENERATOR,gs://well-workover-intervention-data/landing/generator/2026/09/23/well_offsets.parquet,BATCH-GELEKI-20260923-V1
GK-101,GK-054,830.4,False,4,2026-09-23T16:00:00Z,GENERATOR,gs://well-workover-intervention-data/landing/generator/2026/09/23/well_offsets.parquet,BATCH-GELEKI-20260923-V1
GK-101,GK-049,875.9,True,5,2026-09-23T16:00:00Z,GENERATOR,gs://well-workover-intervention-data/landing/generator/2026/09/23/well_offsets.parquet,BATCH-GELEKI-20260923-V1
GK-101,GK-036,963.5,False,6,2026-09-23T16:00:00Z,GENERATOR,gs://well-workover-intervention-data/landing/generator/2026/09/23/well_offsets.parquet,BATCH-GELEKI-20260923-V1
GK-102,GK-065,364.5,False,1,2026-09-23T16:00:00Z,GENERATOR,gs://well-workover-intervention-data/landing/generator/2026/09/23/well_offsets.parquet,BATCH-GELEKI-20260923-V1
GK-102,GK-079,709.2,False,2,2026-09-23T16:00:00Z,GENERATOR,gs://well-workover-intervention-data/landing/generator/2026/09/23/well_offsets.parquet,BATCH-GELEKI-20260923-V1
GK-102,GK-129,719.3,True,3,2026-09-23T16:00:00Z,GENERATOR,gs://well-workover-intervention-data/landing/generator/2026/09/23/well_offsets.parquet,BATCH-GELEKI-20260923-V1
GK-102,GK-128,760.6,False,4,2026-09-23T16:00:00Z,GENERATOR,gs://well-workover-intervention-data/landing/generator/2026/09/23/well_offsets.parquet,BATCH-GELEKI-20260923-V1
GK-102,GK-008,913.8,False,5,2026-09-23T16:00:00Z,GENERATOR,gs://well-workover-intervention-data/landing/generator/2026/09/23/well_offsets.parquet,BATCH-GELEKI-20260923-V1
GK-102,GK-108,1070.2,False,6,2026-09-23T16:00:00Z,GENERATOR,gs://well-workover-intervention-data/landing/generator/2026/09/23/well_offsets.parquet,BATCH-GELEKI-20260923-V1
GK-103,GK-106,111.2,False,1,2026-09-23T16:00:00Z,GENERATOR,gs://well-workover-intervention-data/landing/generator/2026/09/23/well_offsets.parquet,BATCH-GELEKI-20260923-V1
GK-103,GK-087,121.7,False,2,2026-09-23T16:00:00Z,GENERATOR,gs://well-workover-intervention-data/landing/generator/2026/09/23/well_offsets.parquet,BATCH-GELEKI-20260923-V1
GK-103,GK-088,143.1,False,3,2026-09-23T16:00:00Z,GENERATOR,gs://well-workover-intervention-data/landing/generator/2026/09/23/well_offsets.parquet,BATCH-GELEKI-20260923-V1
GK-103,GK-028,293.1,False,4,2026-09-23T16:00:00Z,GENERATOR,gs://well-workover-intervention-data/landing/generator/2026/09/23/well_offsets.parquet,BATCH-GELEKI-20260923-V1
GK-103,GK-031,314.0,False,5,2026-09-23T16:00:00Z,GENERATOR,gs://well-workover-intervention-data/landing/generator/2026/09/23/well_offsets.parquet,BATCH-GELEKI-20260923-V1
GK-103,GK-089,367.1,False,6,2026-09-23T16:00:00Z,GENERATOR,gs://well-workover-intervention-data/landing/generator/2026/09/23/well_offsets.parquet,BATCH-GELEKI-20260923-V1
GK-104,GK-034,72.2,False,1,2026-09-23T16:00:00Z,GENERATOR,gs://well-workover-intervention-data/landing/generator/2026/09/23/well_offsets.parquet,BATCH-GELEKI-20260923-V1
GK-104,GK-109,194.6,False,2,2026-09-23T16:00:00Z,GENERATOR,gs://well-workover-intervention-data/landing/generator/2026/09/23/well_offsets.parquet,BATCH-GELEKI-20260923-V1
GK-104,GK-132,418.5,False,3,2026-09-23T16:00:00Z,GENERATOR,gs://well-workover-intervention-data/landing/generator/2026/09/23/well_offsets.parquet,BATCH-GELEKI-20260923-V1
GK-104,GK-116,628.2,False,4,2026-09-23T16:00:00Z,GENERATOR,gs://well-workover-intervention-data/landing/generator/2026/09/23/well_offsets.parquet,BATCH-GELEKI-20260923-V1
GK-104,GK-009,631.6,True,5,2026-09-23T16:00:00Z,GENERATOR,gs://well-workover-intervention-data/landing/generator/2026/09/23/well_offsets.parquet,BATCH-GELEKI-20260923-V1
GK-104,GK-067,647.2,False,6,2026-09-23T16:00:00Z,GENERATOR,gs://well-workover-intervention-data/landing/generator/2026/09/23/well_offsets.parquet,BATCH-GELEKI-20260923-V1
GK-105,GK-116,295.5,False,1,2026-09-23T16:00:00Z,GENERATOR,gs://well-workover-intervention-data/landing/generator/2026/09/23/well_offsets.parquet,BATCH-GELEKI-20260923-V1
GK-105,GK-067,305.3,False,2,2026-09-23T16:00:00Z,GENERATOR,gs://well-workover-intervention-data/landing/generator/2026/09/23/well_offsets.parquet,BATCH-GELEKI-20260923-V1
GK-105,GK-090,346.9,False,3,2026-09-23T16:00:00Z,GENERATOR,gs://well-workover-intervention-data/landing/generator/2026/09/23/well_offsets.parquet,BATCH-GELEKI-20260923-V1
GK-105,GK-100,446.0,False,4,2026-09-23T16:00:00Z,GENERATOR,gs://well-workover-intervention-data/landing/generator/2026/09/23/well_offsets.parquet,BATCH-GELEKI-20260923-V1
GK-105,GK-132,447.8,False,5,2026-09-23T16:00:00Z,GENERATOR,gs://well-workover-intervention-data/landing/generator/2026/09/23/well_offsets.parquet,BATCH-GELEKI-20260923-V1
GK-105,GK-027,500.8,False,6,2026-09-23T16:00:00Z,GENERATOR,gs://well-workover-intervention-data/landing/generator/2026/09/23/well_offsets.parquet,BATCH-GELEKI-20260923-V1
GK-106,GK-087,49.4,False,1,2026-09-23T16:00:00Z,GENERATOR,gs://well-workover-intervention-data/landing/generator/2026/09/23/well_offsets.parquet,BATCH-GELEKI-20260923-V1
GK-106,GK-103,111.2,False,2,2026-09-23T16:00:00Z,GENERATOR,gs://well-workover-intervention-data/landing/generator/2026/09/23/well_offsets.parquet,BATCH-GELEKI-20260923-V1
GK-106,GK-088,138.8,True,3,2026-09-23T16:00:00Z,GENERATOR,gs://well-workover-intervention-data/landing/generator/2026/09/23/well_offsets.parquet,BATCH-GELEKI-20260923-V1
GK-106,GK-028,182.1,False,4,2026-09-23T16:00:00Z,GENERATOR,gs://well-workover-intervention-data/landing/generator/2026/09/23/well_offsets.parquet,BATCH-GELEKI-20260923-V1
GK-106,GK-031,323.6,False,5,2026-09-23T16:00:00Z,GENERATOR,gs://well-workover-intervention-data/landing/generator/2026/09/23/well_offsets.parquet,BATCH-GELEKI-20260923-V1
GK-106,GK-049,426.0,True,6,2026-09-23T16:00:00Z,GENERATOR,gs://well-workover-intervention-data/landing/generator/2026/09/23/well_offsets.parquet,BATCH-GELEKI-20260923-V1
GK-107,GK-002,183.9,False,1,2026-09-23T16:00:00Z,GENERATOR,gs://well-workover-intervention-data/landing/generator/2026/09/23/well_offsets.parquet,BATCH-GELEKI-20260923-V1
GK-107,GK-097,233.2,True,2,2026-09-23T16:00:00Z,GENERATOR,gs://well-workover-intervention-data/landing/generator/2026/09/23/well_offsets.parquet,BATCH-GELEKI-20260923-V1
GK-107,GK-082,302.9,False,3,2026-09-23T16:00:00Z,GENERATOR,gs://well-workover-intervention-data/landing/generator/2026/09/23/well_offsets.parquet,BATCH-GELEKI-20260923-V1
GK-107,GK-117,308.2,False,4,2026-09-23T16:00:00Z,GENERATOR,gs://well-workover-intervention-data/landing/generator/2026/09/23/well_offsets.parquet,BATCH-GELEKI-20260923-V1
GK-107,GK-007,330.5,True,5,2026-09-23T16:00:00Z,GENERATOR,gs://well-workover-intervention-data/landing/generator/2026/09/23/well_offsets.parquet,BATCH-GELEKI-20260923-V1
GK-107,GK-032,370.4,True,6,2026-09-23T16:00:00Z,GENERATOR,gs://well-workover-intervention-data/landing/generator/2026/09/23/well_offsets.parquet,BATCH-GELEKI-20260923-V1
GK-108,GK-129,427.4,False,1,2026-09-23T16:00:00Z,GENERATOR,gs://well-workover-intervention-data/landing/generator/2026/09/23/well_offsets.parquet,BATCH-GELEKI-20260923-V1
GK-108,GK-066,547.2,False,2,2026-09-23T16:00:00Z,GENERATOR,gs://well-workover-intervention-data/landing/generator/2026/09/23/well_offsets.parquet,BATCH-GELEKI-20260923-V1
GK-108,GK-079,636.0,False,3,2026-09-23T16:00:00Z,GENERATOR,gs://well-workover-intervention-data/landing/generator/2026/09/23/well_offsets.parquet,BATCH-GELEKI-20260923-V1
GK-108,GK-047,656.5,True,4,2026-09-23T16:00:00Z,GENERATOR,gs://well-workover-intervention-data/landing/generator/2026/09/23/well_offsets.parquet,BATCH-GELEKI-20260923-V1
GK-108,GK-072,671.6,True,5,2026-09-23T16:00:00Z,GENERATOR,gs://well-workover-intervention-data/landing/generator/2026/09/23/well_offsets.parquet,BATCH-GELEKI-20260923-V1
GK-108,GK-065,809.3,True,6,2026-09-23T16:00:00Z,GENERATOR,gs://well-workover-intervention-data/landing/generator/2026/09/23/well_offsets.parquet,BATCH-GELEKI-20260923-V1
GK-109,GK-104,194.6,False,1,2026-09-23T16:00:00Z,GENERATOR,gs://well-workover-intervention-data/landing/generator/2026/09/23/well_offsets.parquet,BATCH-GELEKI-20260923-V1
GK-109,GK-034,261.6,True,2,2026-09-23T16:00:00Z,GENERATOR,gs://well-workover-intervention-data/landing/generator/2026/09/23/well_offsets.parquet,BATCH-GELEKI-20260923-V1
GK-109,GK-132,430.9,True,3,2026-09-23T16:00:00Z,GENERATOR,gs://well-workover-intervention-data/landing/generator/2026/09/23/well_offsets.parquet,BATCH-GELEKI-20260923-V1
GK-109,GK-116,497.5,True,4,2026-09-23T16:00:00Z,GENERATOR,gs://well-workover-intervention-data/landing/generator/2026/09/23/well_offsets.parquet,BATCH-GELEKI-20260923-V1
GK-109,GK-090,563.1,True,5,2026-09-23T16:00:00Z,GENERATOR,gs://well-workover-intervention-data/landing/generator/2026/09/23/well_offsets.parquet,BATCH-GELEKI-20260923-V1
GK-109,GK-052,635.4,False,6,2026-09-23T16:00:00Z,GENERATOR,gs://well-workover-intervention-data/landing/generator/2026/09/23/well_offsets.parquet,BATCH-GELEKI-20260923-V1
GK-110,GK-127,724.4,False,1,2026-09-23T16:00:00Z,GENERATOR,gs://well-workover-intervention-data/landing/generator/2026/09/23/well_offsets.parquet,BATCH-GELEKI-20260923-V1
GK-110,GK-064,831.4,False,2,2026-09-23T16:00:00Z,GENERATOR,gs://well-workover-intervention-data/landing/generator/2026/09/23/well_offsets.parquet,BATCH-GELEKI-20260923-V1
GK-110,GK-128,1193.8,True,3,2026-09-23T16:00:00Z,GENERATOR,gs://well-workover-intervention-data/landing/generator/2026/09/23/well_offsets.parquet,BATCH-GELEKI-20260923-V1
GK-110,GK-073,1438.5,False,4,2026-09-23T16:00:00Z,GENERATOR,gs://well-workover-intervention-data/landing/generator/2026/09/23/well_offsets.parquet,BATCH-GELEKI-20260923-V1
GK-110,GK-008,1509.8,False,5,2026-09-23T16:00:00Z,GENERATOR,gs://well-workover-intervention-data/landing/generator/2026/09/23/well_offsets.parquet,BATCH-GELEKI-20260923-V1
GK-110,GK-050,1552.7,True,6,2026-09-23T16:00:00Z,GENERATOR,gs://well-workover-intervention-data/landing/generator/2026/09/23/well_offsets.parquet,BATCH-GELEKI-20260923-V1
GK-111,GK-074,318.9,False,1,2026-09-23T16:00:00Z,GENERATOR,gs://well-workover-intervention-data/landing/generator/2026/09/23/well_offsets.parquet,BATCH-GELEKI-20260923-V1
GK-111,GK-044,639.8,True,2,2026-09-23T16:00:00Z,GENERATOR,gs://well-workover-intervention-data/landing/generator/2026/09/23/well_offsets.parquet,BATCH-GELEKI-20260923-V1
GK-111,GK-082,641.6,True,3,2026-09-23T16:00:00Z,GENERATOR,gs://well-workover-intervention-data/landing/generator/2026/09/23/well_offsets.parquet,BATCH-GELEKI-20260923-V1
GK-111,GK-002,654.7,True,4,2026-09-23T16:00:00Z,GENERATOR,gs://well-workover-intervention-data/landing/generator/2026/09/23/well_offsets.parquet,BATCH-GELEKI-20260923-V1
GK-111,GK-032,727.0,False,5,2026-09-23T16:00:00Z,GENERATOR,gs://well-workover-intervention-data/landing/generator/2026/09/23/well_offsets.parquet,BATCH-GELEKI-20260923-V1
GK-111,GK-007,806.4,False,6,2026-09-23T16:00:00Z,GENERATOR,gs://well-workover-intervention-data/landing/generator/2026/09/23/well_offsets.parquet,BATCH-GELEKI-20260923-V1
GK-112,GK-057,154.6,True,1,2026-09-23T16:00:00Z,GENERATOR,gs://well-workover-intervention-data/landing/generator/2026/09/23/well_offsets.parquet,BATCH-GELEKI-20260923-V1
GK-112,GK-091,210.6,True,2,2026-09-23T16:00:00Z,GENERATOR,gs://well-workover-intervention-data/landing/generator/2026/09/23/well_offsets.parquet,BATCH-GELEKI-20260923-V1
GK-112,GK-098,253.2,False,3,2026-09-23T16:00:00Z,GENERATOR,gs://well-workover-intervention-data/landing/generator/2026/09/23/well_offsets.parquet,BATCH-GELEKI-20260923-V1
GK-112,GK-003,308.7,False,4,2026-09-23T16:00:00Z,GENERATOR,gs://well-workover-intervention-data/landing/generator/2026/09/23/well_offsets.parquet,BATCH-GELEKI-20260923-V1
GK-112,GK-021,422.1,False,5,2026-09-23T16:00:00Z,GENERATOR,gs://well-workover-intervention-data/landing/generator/2026/09/23/well_offsets.parquet,BATCH-GELEKI-20260923-V1
GK-112,GK-011,424.0,False,6,2026-09-23T16:00:00Z,GENERATOR,gs://well-workover-intervention-data/landing/generator/2026/09/23/well_offsets.parquet,BATCH-GELEKI-20260923-V1
GK-113,GK-070,243.5,False,1,2026-09-23T16:00:00Z,GENERATOR,gs://well-workover-intervention-data/landing/generator/2026/09/23/well_offsets.parquet,BATCH-GELEKI-20260923-V1
GK-113,GK-126,277.6,False,2,2026-09-23T16:00:00Z,GENERATOR,gs://well-workover-intervention-data/landing/generator/2026/09/23/well_offsets.parquet,BATCH-GELEKI-20260923-V1
GK-113,GK-019,512.0,True,3,2026-09-23T16:00:00Z,GENERATOR,gs://well-workover-intervention-data/landing/generator/2026/09/23/well_offsets.parquet,BATCH-GELEKI-20260923-V1
GK-113,GK-071,514.4,False,4,2026-09-23T16:00:00Z,GENERATOR,gs://well-workover-intervention-data/landing/generator/2026/09/23/well_offsets.parquet,BATCH-GELEKI-20260923-V1
GK-113,GK-001,550.0,False,5,2026-09-23T16:00:00Z,GENERATOR,gs://well-workover-intervention-data/landing/generator/2026/09/23/well_offsets.parquet,BATCH-GELEKI-20260923-V1
GK-113,GK-124,556.7,False,6,2026-09-23T16:00:00Z,GENERATOR,gs://well-workover-intervention-data/landing/generator/2026/09/23/well_offsets.parquet,BATCH-GELEKI-20260923-V1
GK-114,GK-039,202.1,True,1,2026-09-23T16:00:00Z,GENERATOR,gs://well-workover-intervention-data/landing/generator/2026/09/23/well_offsets.parquet,BATCH-GELEKI-20260923-V1
GK-114,GK-026,343.5,False,2,2026-09-23T16:00:00Z,GENERATOR,gs://well-workover-intervention-data/landing/generator/2026/09/23/well_offsets.parquet,BATCH-GELEKI-20260923-V1
GK-114,GK-019,440.8,False,3,2026-09-23T16:00:00Z,GENERATOR,gs://well-workover-intervention-data/landing/generator/2026/09/23/well_offsets.parquet,BATCH-GELEKI-20260923-V1
GK-114,GK-003,479.1,False,4,2026-09-23T16:00:00Z,GENERATOR,gs://well-workover-intervention-data/landing/generator/2026/09/23/well_offsets.parquet,BATCH-GELEKI-20260923-V1
GK-114,GK-001,491.3,False,5,2026-09-23T16:00:00Z,GENERATOR,gs://well-workover-intervention-data/landing/generator/2026/09/23/well_offsets.parquet,BATCH-GELEKI-20260923-V1
GK-114,GK-021,491.9,False,6,2026-09-23T16:00:00Z,GENERATOR,gs://well-workover-intervention-data/landing/generator/2026/09/23/well_offsets.parquet,BATCH-GELEKI-20260923-V1
GK-115,GK-077,547.1,False,1,2026-09-23T16:00:00Z,GENERATOR,gs://well-workover-intervention-data/landing/generator/2026/09/23/well_offsets.parquet,BATCH-GELEKI-20260923-V1
GK-115,GK-121,933.5,False,2,2026-09-23T16:00:00Z,GENERATOR,gs://well-workover-intervention-data/landing/generator/2026/09/23/well_offsets.parquet,BATCH-GELEKI-20260923-V1
GK-115,GK-084,1031.4,False,3,2026-09-23T16:00:00Z,GENERATOR,gs://well-workover-intervention-data/landing/generator/2026/09/23/well_offsets.parquet,BATCH-GELEKI-20260923-V1
GK-115,GK-093,1051.4,True,4,2026-09-23T16:00:00Z,GENERATOR,gs://well-workover-intervention-data/landing/generator/2026/09/23/well_offsets.parquet,BATCH-GELEKI-20260923-V1
GK-115,GK-091,1052.7,False,5,2026-09-23T16:00:00Z,GENERATOR,gs://well-workover-intervention-data/landing/generator/2026/09/23/well_offsets.parquet,BATCH-GELEKI-20260923-V1
GK-115,GK-057,1103.9,False,6,2026-09-23T16:00:00Z,GENERATOR,gs://well-workover-intervention-data/landing/generator/2026/09/23/well_offsets.parquet,BATCH-GELEKI-20260923-V1
GK-116,GK-090,115.2,True,1,2026-09-23T16:00:00Z,GENERATOR,gs://well-workover-intervention-data/landing/generator/2026/09/23/well_offsets.parquet,BATCH-GELEKI-20260923-V1
GK-116,GK-105,295.5,False,2,2026-09-23T16:00:00Z,GENERATOR,gs://well-workover-intervention-data/landing/generator/2026/09/23/well_offsets.parquet,BATCH-GELEKI-20260923-V1
GK-116,GK-132,404.8,True,3,2026-09-23T16:00:00Z,GENERATOR,gs://well-workover-intervention-data/landing/generator/2026/09/23/well_offsets.parquet,BATCH-GELEKI-20260923-V1
GK-116,GK-067,425.2,True,4,2026-09-23T16:00:00Z,GENERATOR,gs://well-workover-intervention-data/landing/generator/2026/09/23/well_offsets.parquet,BATCH-GELEKI-20260923-V1
GK-116,GK-109,497.5,True,5,2026-09-23T16:00:00Z,GENERATOR,gs://well-workover-intervention-data/landing/generator/2026/09/23/well_offsets.parquet,BATCH-GELEKI-20260923-V1
GK-116,GK-130,551.1,True,6,2026-09-23T16:00:00Z,GENERATOR,gs://well-workover-intervention-data/landing/generator/2026/09/23/well_offsets.parquet,BATCH-GELEKI-20260923-V1
GK-117,GK-080,285.0,False,1,2026-09-23T16:00:00Z,GENERATOR,gs://well-workover-intervention-data/landing/generator/2026/09/23/well_offsets.parquet,BATCH-GELEKI-20260923-V1
GK-117,GK-097,304.9,False,2,2026-09-23T16:00:00Z,GENERATOR,gs://well-workover-intervention-data/landing/generator/2026/09/23/well_offsets.parquet,BATCH-GELEKI-20260923-V1
GK-117,GK-107,308.2,False,3,2026-09-23T16:00:00Z,GENERATOR,gs://well-workover-intervention-data/landing/generator/2026/09/23/well_offsets.parquet,BATCH-GELEKI-20260923-V1
GK-117,GK-060,376.5,False,4,2026-09-23T16:00:00Z,GENERATOR,gs://well-workover-intervention-data/landing/generator/2026/09/23/well_offsets.parquet,BATCH-GELEKI-20260923-V1
GK-117,GK-214,387.8,False,5,2026-09-23T16:00:00Z,GENERATOR,gs://well-workover-intervention-data/landing/generator/2026/09/23/well_offsets.parquet,BATCH-GELEKI-20260923-V1
GK-117,GK-002,484.7,True,6,2026-09-23T16:00:00Z,GENERATOR,gs://well-workover-intervention-data/landing/generator/2026/09/23/well_offsets.parquet,BATCH-GELEKI-20260923-V1
GK-118,GK-085,499.4,True,1,2026-09-23T16:00:00Z,GENERATOR,gs://well-workover-intervention-data/landing/generator/2026/09/23/well_offsets.parquet,BATCH-GELEKI-20260923-V1
GK-118,GK-033,834.1,False,2,2026-09-23T16:00:00Z,GENERATOR,gs://well-workover-intervention-data/landing/generator/2026/09/23/well_offsets.parquet,BATCH-GELEKI-20260923-V1
GK-118,GK-004,858.7,False,3,2026-09-23T16:00:00Z,GENERATOR,gs://well-workover-intervention-data/landing/generator/2026/09/23/well_offsets.parquet,BATCH-GELEKI-20260923-V1
GK-118,GK-022,889.8,False,4,2026-09-23T16:00:00Z,GENERATOR,gs://well-workover-intervention-data/landing/generator/2026/09/23/well_offsets.parquet,BATCH-GELEKI-20260923-V1
GK-118,GK-099,959.0,False,5,2026-09-23T16:00:00Z,GENERATOR,gs://well-workover-intervention-data/landing/generator/2026/09/23/well_offsets.parquet,BATCH-GELEKI-20260923-V1
GK-118,GK-020,993.9,False,6,2026-09-23T16:00:00Z,GENERATOR,gs://well-workover-intervention-data/landing/generator/2026/09/23/well_offsets.parquet,BATCH-GELEKI-20260923-V1
GK-119,GK-024,53.4,False,1,2026-09-23T16:00:00Z,GENERATOR,gs://well-workover-intervention-data/landing/generator/2026/09/23/well_offsets.parquet,BATCH-GELEKI-20260923-V1
GK-119,GK-083,74.1,True,2,2026-09-23T16:00:00Z,GENERATOR,gs://well-workover-intervention-data/landing/generator/2026/09/23/well_offsets.parquet,BATCH-GELEKI-20260923-V1
GK-119,GK-063,127.1,True,3,2026-09-23T16:00:00Z,GENERATOR,gs://well-workover-intervention-data/landing/generator/2026/09/23/well_offsets.parquet,BATCH-GELEKI-20260923-V1
GK-119,GK-053,261.2,False,4,2026-09-23T16:00:00Z,GENERATOR,gs://well-workover-intervention-data/landing/generator/2026/09/23/well_offsets.parquet,BATCH-GELEKI-20260923-V1
GK-119,GK-051,328.4,True,5,2026-09-23T16:00:00Z,GENERATOR,gs://well-workover-intervention-data/landing/generator/2026/09/23/well_offsets.parquet,BATCH-GELEKI-20260923-V1
GK-119,GK-035,420.8,True,6,2026-09-23T16:00:00Z,GENERATOR,gs://well-workover-intervention-data/landing/generator/2026/09/23/well_offsets.parquet,BATCH-GELEKI-20260923-V1
GK-120,GK-036,135.8,False,1,2026-09-23T16:00:00Z,GENERATOR,gs://well-workover-intervention-data/landing/generator/2026/09/23/well_offsets.parquet,BATCH-GELEKI-20260923-V1
GK-120,GK-054,228.5,False,2,2026-09-23T16:00:00Z,GENERATOR,gs://well-workover-intervention-data/landing/generator/2026/09/23/well_offsets.parquet,BATCH-GELEKI-20260923-V1
GK-120,GK-005,256.4,False,3,2026-09-23T16:00:00Z,GENERATOR,gs://well-workover-intervention-data/landing/generator/2026/09/23/well_offsets.parquet,BATCH-GELEKI-20260923-V1
GK-120,GK-013,293.0,False,4,2026-09-23T16:00:00Z,GENERATOR,gs://well-workover-intervention-data/landing/generator/2026/09/23/well_offsets.parquet,BATCH-GELEKI-20260923-V1
GK-120,GK-042,335.0,False,5,2026-09-23T16:00:00Z,GENERATOR,gs://well-workover-intervention-data/landing/generator/2026/09/23/well_offsets.parquet,BATCH-GELEKI-20260923-V1
GK-120,GK-004,358.1,True,6,2026-09-23T16:00:00Z,GENERATOR,gs://well-workover-intervention-data/landing/generator/2026/09/23/well_offsets.parquet,BATCH-GELEKI-20260923-V1
GK-121,GK-093,245.3,False,1,2026-09-23T16:00:00Z,GENERATOR,gs://well-workover-intervention-data/landing/generator/2026/09/23/well_offsets.parquet,BATCH-GELEKI-20260923-V1
GK-121,GK-091,388.5,True,2,2026-09-23T16:00:00Z,GENERATOR,gs://well-workover-intervention-data/landing/generator/2026/09/23/well_offsets.parquet,BATCH-GELEKI-20260923-V1
GK-121,GK-057,434.8,True,3,2026-09-23T16:00:00Z,GENERATOR,gs://well-workover-intervention-data/landing/generator/2026/09/23/well_offsets.parquet,BATCH-GELEKI-20260923-V1
GK-121,GK-112,577.3,True,4,2026-09-23T16:00:00Z,GENERATOR,gs://well-workover-intervention-data/landing/generator/2026/09/23/well_offsets.parquet,BATCH-GELEKI-20260923-V1
GK-121,GK-029,597.4,False,5,2026-09-23T16:00:00Z,GENERATOR,gs://well-workover-intervention-data/landing/generator/2026/09/23/well_offsets.parquet,BATCH-GELEKI-20260923-V1
GK-121,GK-105,601.3,False,6,2026-09-23T16:00:00Z,GENERATOR,gs://well-workover-intervention-data/landing/generator/2026/09/23/well_offsets.parquet,BATCH-GELEKI-20260923-V1
GK-122,GK-136,179.0,True,1,2026-09-23T16:00:00Z,GENERATOR,gs://well-workover-intervention-data/landing/generator/2026/09/23/well_offsets.parquet,BATCH-GELEKI-20260923-V1
GK-122,GK-086,257.7,False,2,2026-09-23T16:00:00Z,GENERATOR,gs://well-workover-intervention-data/landing/generator/2026/09/23/well_offsets.parquet,BATCH-GELEKI-20260923-V1
GK-122,GK-017,323.1,False,3,2026-09-23T16:00:00Z,GENERATOR,gs://well-workover-intervention-data/landing/generator/2026/09/23/well_offsets.parquet,BATCH-GELEKI-20260923-V1
GK-122,GK-076,341.6,True,4,2026-09-23T16:00:00Z,GENERATOR,gs://well-workover-intervention-data/landing/generator/2026/09/23/well_offsets.parquet,BATCH-GELEKI-20260923-V1
GK-122,GK-137,343.5,False,5,2026-09-23T16:00:00Z,GENERATOR,gs://well-workover-intervention-data/landing/generator/2026/09/23/well_offsets.parquet,BATCH-GELEKI-20260923-V1
GK-122,GK-138,393.3,False,6,2026-09-23T16:00:00Z,GENERATOR,gs://well-workover-intervention-data/landing/generator/2026/09/23/well_offsets.parquet,BATCH-GELEKI-20260923-V1
GK-123,GK-134,792.2,True,1,2026-09-23T16:00:00Z,GENERATOR,gs://well-workover-intervention-data/landing/generator/2026/09/23/well_offsets.parquet,BATCH-GELEKI-20260923-V1
GK-123,GK-078,933.0,True,2,2026-09-23T16:00:00Z,GENERATOR,gs://well-workover-intervention-data/landing/generator/2026/09/23/well_offsets.parquet,BATCH-GELEKI-20260923-V1
GK-123,GK-044,960.4,True,3,2026-09-23T16:00:00Z,GENERATOR,gs://well-workover-intervention-data/landing/generator/2026/09/23/well_offsets.parquet,BATCH-GELEKI-20260923-V1
GK-123,GK-097,1173.1,False,4,2026-09-23T16:00:00Z,GENERATOR,gs://well-workover-intervention-data/landing/generator/2026/09/23/well_offsets.parquet,BATCH-GELEKI-20260923-V1
GK-123,GK-214,1178.9,False,5,2026-09-23T16:00:00Z,GENERATOR,gs://well-workover-intervention-data/landing/generator/2026/09/23/well_offsets.parquet,BATCH-GELEKI-20260923-V1
GK-123,GK-002,1247.2,True,6,2026-09-23T16:00:00Z,GENERATOR,gs://well-workover-intervention-data/landing/generator/2026/09/23/well_offsets.parquet,BATCH-GELEKI-20260923-V1
GK-124,GK-070,316.9,False,1,2026-09-23T16:00:00Z,GENERATOR,gs://well-workover-intervention-data/landing/generator/2026/09/23/well_offsets.parquet,BATCH-GELEKI-20260923-V1
GK-124,GK-081,328.0,True,2,2026-09-23T16:00:00Z,GENERATOR,gs://well-workover-intervention-data/landing/generator/2026/09/23/well_offsets.parquet,BATCH-GELEKI-20260923-V1
GK-124,GK-126,378.0,False,3,2026-09-23T16:00:00Z,GENERATOR,gs://well-workover-intervention-data/landing/generator/2026/09/23/well_offsets.parquet,BATCH-GELEKI-20260923-V1
GK-124,GK-038,407.5,False,4,2026-09-23T16:00:00Z,GENERATOR,gs://well-workover-intervention-data/landing/generator/2026/09/23/well_offsets.parquet,BATCH-GELEKI-20260923-V1
GK-124,GK-019,556.0,False,5,2026-09-23T16:00:00Z,GENERATOR,gs://well-workover-intervention-data/landing/generator/2026/09/23/well_offsets.parquet,BATCH-GELEKI-20260923-V1
GK-124,GK-113,556.7,False,6,2026-09-23T16:00:00Z,GENERATOR,gs://well-workover-intervention-data/landing/generator/2026/09/23/well_offsets.parquet,BATCH-GELEKI-20260923-V1
GK-125,GK-043,72.1,True,1,2026-09-23T16:00:00Z,GENERATOR,gs://well-workover-intervention-data/landing/generator/2026/09/23/well_offsets.parquet,BATCH-GELEKI-20260923-V1
GK-125,GK-042,267.7,False,2,2026-09-23T16:00:00Z,GENERATOR,gs://well-workover-intervention-data/landing/generator/2026/09/23/well_offsets.parquet,BATCH-GELEKI-20260923-V1
GK-125,GK-053,331.7,False,3,2026-09-23T16:00:00Z,GENERATOR,gs://well-workover-intervention-data/landing/generator/2026/09/23/well_offsets.parquet,BATCH-GELEKI-20260923-V1
GK-125,GK-014,354.8,False,4,2026-09-23T16:00:00Z,GENERATOR,gs://well-workover-intervention-data/landing/generator/2026/09/23/well_offsets.parquet,BATCH-GELEKI-20260923-V1
GK-125,GK-054,403.9,False,5,2026-09-23T16:00:00Z,GENERATOR,gs://well-workover-intervention-data/landing/generator/2026/09/23/well_offsets.parquet,BATCH-GELEKI-20260923-V1
GK-125,GK-083,438.0,True,6,2026-09-23T16:00:00Z,GENERATOR,gs://well-workover-intervention-data/landing/generator/2026/09/23/well_offsets.parquet,BATCH-GELEKI-20260923-V1
GK-126,GK-070,139.9,True,1,2026-09-23T16:00:00Z,GENERATOR,gs://well-workover-intervention-data/landing/generator/2026/09/23/well_offsets.parquet,BATCH-GELEKI-20260923-V1
GK-126,GK-113,277.6,False,2,2026-09-23T16:00:00Z,GENERATOR,gs://well-workover-intervention-data/landing/generator/2026/09/23/well_offsets.parquet,BATCH-GELEKI-20260923-V1
GK-126,GK-019,284.5,False,3,2026-09-23T16:00:00Z,GENERATOR,gs://well-workover-intervention-data/landing/generator/2026/09/23/well_offsets.parquet,BATCH-GELEKI-20260923-V1
GK-126,GK-124,378.0,False,4,2026-09-23T16:00:00Z,GENERATOR,gs://well-workover-intervention-data/landing/generator/2026/09/23/well_offsets.parquet,BATCH-GELEKI-20260923-V1
GK-126,GK-081,426.5,False,5,2026-09-23T16:00:00Z,GENERATOR,gs://well-workover-intervention-data/landing/generator/2026/09/23/well_offsets.parquet,BATCH-GELEKI-20260923-V1
GK-126,GK-011,574.8,False,6,2026-09-23T16:00:00Z,GENERATOR,gs://well-workover-intervention-data/landing/generator/2026/09/23/well_offsets.parquet,BATCH-GELEKI-20260923-V1
GK-127,GK-110,724.4,False,1,2026-09-23T16:00:00Z,GENERATOR,gs://well-workover-intervention-data/landing/generator/2026/09/23/well_offsets.parquet,BATCH-GELEKI-20260923-V1
GK-127,GK-064,979.8,True,2,2026-09-23T16:00:00Z,GENERATOR,gs://well-workover-intervention-data/landing/generator/2026/09/23/well_offsets.parquet,BATCH-GELEKI-20260923-V1
GK-127,GK-128,1316.1,False,3,2026-09-23T16:00:00Z,GENERATOR,gs://well-workover-intervention-data/landing/generator/2026/09/23/well_offsets.parquet,BATCH-GELEKI-20260923-V1
GK-127,GK-008,1791.2,False,4,2026-09-23T16:00:00Z,GENERATOR,gs://well-workover-intervention-data/landing/generator/2026/09/23/well_offsets.parquet,BATCH-GELEKI-20260923-V1
GK-127,GK-102,1823.8,True,5,2026-09-23T16:00:00Z,GENERATOR,gs://well-workover-intervention-data/landing/generator/2026/09/23/well_offsets.parquet,BATCH-GELEKI-20260923-V1
GK-127,GK-073,1890.3,False,6,2026-09-23T16:00:00Z,GENERATOR,gs://well-workover-intervention-data/landing/generator/2026/09/23/well_offsets.parquet,BATCH-GELEKI-20260923-V1
GK-128,GK-064,372.8,False,1,2026-09-23T16:00:00Z,GENERATOR,gs://well-workover-intervention-data/landing/generator/2026/09/23/well_offsets.parquet,BATCH-GELEKI-20260923-V1
GK-128,GK-008,523.4,False,2,2026-09-23T16:00:00Z,GENERATOR,gs://well-workover-intervention-data/landing/generator/2026/09/23/well_offsets.parquet,BATCH-GELEKI-20260923-V1
GK-128,GK-065,683.6,True,3,2026-09-23T16:00:00Z,GENERATOR,gs://well-workover-intervention-data/landing/generator/2026/09/23/well_offsets.parquet,BATCH-GELEKI-20260923-V1
GK-128,GK-050,717.4,True,4,2026-09-23T16:00:00Z,GENERATOR,gs://well-workover-intervention-data/landing/generator/2026/09/23/well_offsets.parquet,BATCH-GELEKI-20260923-V1
GK-128,GK-102,760.6,False,5,2026-09-23T16:00:00Z,GENERATOR,gs://well-workover-intervention-data/landing/generator/2026/09/23/well_offsets.parquet,BATCH-GELEKI-20260923-V1
GK-128,GK-079,800.6,False,6,2026-09-23T16:00:00Z,GENERATOR,gs://well-workover-intervention-data/landing/generator/2026/09/23/well_offsets.parquet,BATCH-GELEKI-20260923-V1
GK-129,GK-108,427.4,False,1,2026-09-23T16:00:00Z,GENERATOR,gs://well-workover-intervention-data/landing/generator/2026/09/23/well_offsets.parquet,BATCH-GELEKI-20260923-V1
GK-129,GK-065,578.4,False,2,2026-09-23T16:00:00Z,GENERATOR,gs://well-workover-intervention-data/landing/generator/2026/09/23/well_offsets.parquet,BATCH-GELEKI-20260923-V1
GK-129,GK-079,614.7,False,3,2026-09-23T16:00:00Z,GENERATOR,gs://well-workover-intervention-data/landing/generator/2026/09/23/well_offsets.parquet,BATCH-GELEKI-20260923-V1
GK-129,GK-102,719.3,True,4,2026-09-23T16:00:00Z,GENERATOR,gs://well-workover-intervention-data/landing/generator/2026/09/23/well_offsets.parquet,BATCH-GELEKI-20260923-V1
GK-129,GK-047,913.3,False,5,2026-09-23T16:00:00Z,GENERATOR,gs://well-workover-intervention-data/landing/generator/2026/09/23/well_offsets.parquet,BATCH-GELEKI-20260923-V1
GK-129,GK-066,945.6,True,6,2026-09-23T16:00:00Z,GENERATOR,gs://well-workover-intervention-data/landing/generator/2026/09/23/well_offsets.parquet,BATCH-GELEKI-20260923-V1
GK-130,GK-029,235.6,True,1,2026-09-23T16:00:00Z,GENERATOR,gs://well-workover-intervention-data/landing/generator/2026/09/23/well_offsets.parquet,BATCH-GELEKI-20260923-V1
GK-130,GK-083,422.2,True,2,2026-09-23T16:00:00Z,GENERATOR,gs://well-workover-intervention-data/landing/generator/2026/09/23/well_offsets.parquet,BATCH-GELEKI-20260923-V1
GK-130,GK-024,435.6,False,3,2026-09-23T16:00:00Z,GENERATOR,gs://well-workover-intervention-data/landing/generator/2026/09/23/well_offsets.parquet,BATCH-GELEKI-20260923-V1
GK-130,GK-090,447.2,True,4,2026-09-23T16:00:00Z,GENERATOR,gs://well-workover-intervention-data/landing/generator/2026/09/23/well_offsets.parquet,BATCH-GELEKI-20260923-V1
GK-130,GK-119,486.3,True,5,2026-09-23T16:00:00Z,GENERATOR,gs://well-workover-intervention-data/landing/generator/2026/09/23/well_offsets.parquet,BATCH-GELEKI-20260923-V1
GK-130,GK-030,491.2,False,6,2026-09-23T16:00:00Z,GENERATOR,gs://well-workover-intervention-data/landing/generator/2026/09/23/well_offsets.parquet,BATCH-GELEKI-20260923-V1
GK-131,GK-025,137.8,False,1,2026-09-23T16:00:00Z,GENERATOR,gs://well-workover-intervention-data/landing/generator/2026/09/23/well_offsets.parquet,BATCH-GELEKI-20260923-V1
GK-131,GK-010,149.3,True,2,2026-09-23T16:00:00Z,GENERATOR,gs://well-workover-intervention-data/landing/generator/2026/09/23/well_offsets.parquet,BATCH-GELEKI-20260923-V1
GK-131,GK-133,291.5,False,3,2026-09-23T16:00:00Z,GENERATOR,gs://well-workover-intervention-data/landing/generator/2026/09/23/well_offsets.parquet,BATCH-GELEKI-20260923-V1
GK-131,GK-135,400.9,True,4,2026-09-23T16:00:00Z,GENERATOR,gs://well-workover-intervention-data/landing/generator/2026/09/23/well_offsets.parquet,BATCH-GELEKI-20260923-V1
GK-131,GK-047,419.0,False,5,2026-09-23T16:00:00Z,GENERATOR,gs://well-workover-intervention-data/landing/generator/2026/09/23/well_offsets.parquet,BATCH-GELEKI-20260923-V1
GK-131,GK-066,451.1,True,6,2026-09-23T16:00:00Z,GENERATOR,gs://well-workover-intervention-data/landing/generator/2026/09/23/well_offsets.parquet,BATCH-GELEKI-20260923-V1
GK-132,GK-067,228.7,True,1,2026-09-23T16:00:00Z,GENERATOR,gs://well-workover-intervention-data/landing/generator/2026/09/23/well_offsets.parquet,BATCH-GELEKI-20260923-V1
GK-132,GK-027,279.9,True,2,2026-09-23T16:00:00Z,GENERATOR,gs://well-workover-intervention-data/landing/generator/2026/09/23/well_offsets.parquet,BATCH-GELEKI-20260923-V1
GK-132,GK-009,290.8,False,3,2026-09-23T16:00:00Z,GENERATOR,gs://well-workover-intervention-data/landing/generator/2026/09/23/well_offsets.parquet,BATCH-GELEKI-20260923-V1
GK-132,GK-034,404.4,True,4,2026-09-23T16:00:00Z,GENERATOR,gs://well-workover-intervention-data/landing/generator/2026/09/23/well_offsets.parquet,BATCH-GELEKI-20260923-V1
GK-132,GK-116,404.8,True,5,2026-09-23T16:00:00Z,GENERATOR,gs://well-workover-intervention-data/landing/generator/2026/09/23/well_offsets.parquet,BATCH-GELEKI-20260923-V1
GK-132,GK-100,412.2,False,6,2026-09-23T16:00:00Z,GENERATOR,gs://well-workover-intervention-data/landing/generator/2026/09/23/well_offsets.parquet,BATCH-GELEKI-20260923-V1
GK-133,GK-010,269.0,False,1,2026-09-23T16:00:00Z,GENERATOR,gs://well-workover-intervention-data/landing/generator/2026/09/23/well_offsets.parquet,BATCH-GELEKI-20260923-V1
GK-133,GK-131,291.5,False,2,2026-09-23T16:00:00Z,GENERATOR,gs://well-workover-intervention-data/landing/generator/2026/09/23/well_offsets.parquet,BATCH-GELEKI-20260923-V1
GK-133,GK-025,414.5,True,3,2026-09-23T16:00:00Z,GENERATOR,gs://well-workover-intervention-data/landing/generator/2026/09/23/well_offsets.parquet,BATCH-GELEKI-20260923-V1
GK-133,GK-135,471.7,False,4,2026-09-23T16:00:00Z,GENERATOR,gs://well-workover-intervention-data/landing/generator/2026/09/23/well_offsets.parquet,BATCH-GELEKI-20260923-V1
GK-133,GK-012,534.3,False,5,2026-09-23T16:00:00Z,GENERATOR,gs://well-workover-intervention-data/landing/generator/2026/09/23/well_offsets.parquet,BATCH-GELEKI-20260923-V1
GK-133,GK-016,548.9,False,6,2026-09-23T16:00:00Z,GENERATOR,gs://well-workover-intervention-data/landing/generator/2026/09/23/well_offsets.parquet,BATCH-GELEKI-20260923-V1
GK-134,GK-097,380.8,False,1,2026-09-23T16:00:00Z,GENERATOR,gs://well-workover-intervention-data/landing/generator/2026/09/23/well_offsets.parquet,BATCH-GELEKI-20260923-V1
GK-134,GK-214,474.2,False,2,2026-09-23T16:00:00Z,GENERATOR,gs://well-workover-intervention-data/landing/generator/2026/09/23/well_offsets.parquet,BATCH-GELEKI-20260923-V1
GK-134,GK-002,515.5,True,3,2026-09-23T16:00:00Z,GENERATOR,gs://well-workover-intervention-data/landing/generator/2026/09/23/well_offsets.parquet,BATCH-GELEKI-20260923-V1
GK-134,GK-107,568.9,False,4,2026-09-23T16:00:00Z,GENERATOR,gs://well-workover-intervention-data/landing/generator/2026/09/23/well_offsets.parquet,BATCH-GELEKI-20260923-V1
GK-134,GK-117,672.4,True,5,2026-09-23T16:00:00Z,GENERATOR,gs://well-workover-intervention-data/landing/generator/2026/09/23/well_offsets.parquet,BATCH-GELEKI-20260923-V1
GK-134,GK-074,699.9,False,6,2026-09-23T16:00:00Z,GENERATOR,gs://well-workover-intervention-data/landing/generator/2026/09/23/well_offsets.parquet,BATCH-GELEKI-20260923-V1
GK-135,GK-068,189.4,True,1,2026-09-23T16:00:00Z,GENERATOR,gs://well-workover-intervention-data/landing/generator/2026/09/23/well_offsets.parquet,BATCH-GELEKI-20260923-V1
GK-135,GK-010,262.9,True,2,2026-09-23T16:00:00Z,GENERATOR,gs://well-workover-intervention-data/landing/generator/2026/09/23/well_offsets.parquet,BATCH-GELEKI-20260923-V1
GK-135,GK-075,270.6,True,3,2026-09-23T16:00:00Z,GENERATOR,gs://well-workover-intervention-data/landing/generator/2026/09/23/well_offsets.parquet,BATCH-GELEKI-20260923-V1
GK-135,GK-041,303.4,False,4,2026-09-23T16:00:00Z,GENERATOR,gs://well-workover-intervention-data/landing/generator/2026/09/23/well_offsets.parquet,BATCH-GELEKI-20260923-V1
GK-135,GK-025,360.8,False,5,2026-09-23T16:00:00Z,GENERATOR,gs://well-workover-intervention-data/landing/generator/2026/09/23/well_offsets.parquet,BATCH-GELEKI-20260923-V1
GK-135,GK-131,400.9,True,6,2026-09-23T16:00:00Z,GENERATOR,gs://well-workover-intervention-data/landing/generator/2026/09/23/well_offsets.parquet,BATCH-GELEKI-20260923-V1
GK-136,GK-122,179.0,True,1,2026-09-23T16:00:00Z,GENERATOR,gs://well-workover-intervention-data/landing/generator/2026/09/23/well_offsets.parquet,BATCH-GELEKI-20260923-V1
GK-136,GK-137,290.3,False,2,2026-09-23T16:00:00Z,GENERATOR,gs://well-workover-intervention-data/landing/generator/2026/09/23/well_offsets.parquet,BATCH-GELEKI-20260923-V1
GK-136,GK-103,401.8,True,3,2026-09-23T16:00:00Z,GENERATOR,gs://well-workover-intervention-data/landing/generator/2026/09/23/well_offsets.parquet,BATCH-GELEKI-20260923-V1
GK-136,GK-086,410.8,False,4,2026-09-23T16:00:00Z,GENERATOR,gs://well-workover-intervention-data/landing/generator/2026/09/23/well_offsets.parquet,BATCH-GELEKI-20260923-V1
GK-136,GK-031,431.9,False,5,2026-09-23T16:00:00Z,GENERATOR,gs://well-workover-intervention-data/landing/generator/2026/09/23/well_offsets.parquet,BATCH-GELEKI-20260923-V1
GK-136,GK-088,433.9,False,6,2026-09-23T16:00:00Z,GENERATOR,gs://well-workover-intervention-data/landing/generator/2026/09/23/well_offsets.parquet,BATCH-GELEKI-20260923-V1
GK-137,GK-023,223.2,True,1,2026-09-23T16:00:00Z,GENERATOR,gs://well-workover-intervention-data/landing/generator/2026/09/23/well_offsets.parquet,BATCH-GELEKI-20260923-V1
GK-137,GK-089,290.3,False,2,2026-09-23T16:00:00Z,GENERATOR,gs://well-workover-intervention-data/landing/generator/2026/09/23/well_offsets.parquet,BATCH-GELEKI-20260923-V1
GK-137,GK-136,290.3,False,3,2026-09-23T16:00:00Z,GENERATOR,gs://well-workover-intervention-data/landing/generator/2026/09/23/well_offsets.parquet,BATCH-GELEKI-20260923-V1
GK-137,GK-122,343.5,False,4,2026-09-23T16:00:00Z,GENERATOR,gs://well-workover-intervention-data/landing/generator/2026/09/23/well_offsets.parquet,BATCH-GELEKI-20260923-V1
GK-137,GK-086,399.9,True,5,2026-09-23T16:00:00Z,GENERATOR,gs://well-workover-intervention-data/landing/generator/2026/09/23/well_offsets.parquet,BATCH-GELEKI-20260923-V1
GK-137,GK-103,412.6,False,6,2026-09-23T16:00:00Z,GENERATOR,gs://well-workover-intervention-data/landing/generator/2026/09/23/well_offsets.parquet,BATCH-GELEKI-20260923-V1
GK-138,GK-086,236.5,True,1,2026-09-23T16:00:00Z,GENERATOR,gs://well-workover-intervention-data/landing/generator/2026/09/23/well_offsets.parquet,BATCH-GELEKI-20260923-V1
GK-138,GK-068,282.0,False,2,2026-09-23T16:00:00Z,GENERATOR,gs://well-workover-intervention-data/landing/generator/2026/09/23/well_offsets.parquet,BATCH-GELEKI-20260923-V1
GK-138,GK-017,354.5,False,3,2026-09-23T16:00:00Z,GENERATOR,gs://well-workover-intervention-data/landing/generator/2026/09/23/well_offsets.parquet,BATCH-GELEKI-20260923-V1
GK-138,GK-122,393.3,False,4,2026-09-23T16:00:00Z,GENERATOR,gs://well-workover-intervention-data/landing/generator/2026/09/23/well_offsets.parquet,BATCH-GELEKI-20260923-V1
GK-138,GK-076,394.9,False,5,2026-09-23T16:00:00Z,GENERATOR,gs://well-workover-intervention-data/landing/generator/2026/09/23/well_offsets.parquet,BATCH-GELEKI-20260923-V1
GK-138,GK-041,444.3,False,6,2026-09-23T16:00:00Z,GENERATOR,gs://well-workover-intervention-data/landing/generator/2026/09/23/well_offsets.parquet,BATCH-GELEKI-20260923-V1
GK-147,GK-015,307.6,False,1,2026-09-23T16:00:00Z,GENERATOR,gs://well-workover-intervention-data/landing/generator/2026/09/23/well_offsets.parquet,BATCH-GELEKI-20260923-V1
GK-147,GK-095,584.6,False,2,2026-09-23T16:00:00Z,GENERATOR,gs://well-workover-intervention-data/landing/generator/2026/09/23/well_offsets.parquet,BATCH-GELEKI-20260923-V1
GK-147,GK-007,619.3,False,3,2026-09-23T16:00:00Z,GENERATOR,gs://well-workover-intervention-data/landing/generator/2026/09/23/well_offsets.parquet,BATCH-GELEKI-20260923-V1
GK-147,GK-032,625.7,False,4,2026-09-23T16:00:00Z,GENERATOR,gs://well-workover-intervention-data/landing/generator/2026/09/23/well_offsets.parquet,BATCH-GELEKI-20260923-V1
GK-147,GK-060,652.7,True,5,2026-09-23T16:00:00Z,GENERATOR,gs://well-workover-intervention-data/landing/generator/2026/09/23/well_offsets.parquet,BATCH-GELEKI-20260923-V1
GK-147,GK-082,750.3,False,6,2026-09-23T16:00:00Z,GENERATOR,gs://well-workover-intervention-data/landing/generator/2026/09/23/well_offsets.parquet,BATCH-GELEKI-20260923-V1
GK-214,GK-097,334.6,True,1,2026-09-23T16:00:00Z,GENERATOR,gs://well-workover-intervention-data/landing/generator/2026/09/23/well_offsets.parquet,BATCH-GELEKI-20260923-V1
GK-214,GK-117,387.8,False,2,2026-09-23T16:00:00Z,GENERATOR,gs://well-workover-intervention-data/landing/generator/2026/09/23/well_offsets.parquet,BATCH-GELEKI-20260923-V1
GK-214,GK-080,446.1,True,3,2026-09-23T16:00:00Z,GENERATOR,gs://well-workover-intervention-data/landing/generator/2026/09/23/well_offsets.parquet,BATCH-GELEKI-20260923-V1
GK-214,GK-134,474.2,False,4,2026-09-23T16:00:00Z,GENERATOR,gs://well-workover-intervention-data/landing/generator/2026/09/23/well_offsets.parquet,BATCH-GELEKI-20260923-V1
GK-214,GK-107,539.3,True,5,2026-09-23T16:00:00Z,GENERATOR,gs://well-workover-intervention-data/landing/generator/2026/09/23/well_offsets.parquet,BATCH-GELEKI-20260923-V1
GK-214,GK-002,638.1,False,6,2026-09-23T16:00:00Z,GENERATOR,gs://well-workover-intervention-data/landing/generator/2026/09/23/well_offsets.parquet,BATCH-GELEKI-20260923-V1
GK-141,GK-018,216.5,True,1,2026-09-23T16:00:00Z,GENERATOR,gs://well-workover-intervention-data/landing/generator/2026/09/23/well_offsets.parquet,BATCH-GELEKI-20260923-V1
GK-141,GK-071,268.5,True,2,2026-09-23T16:00:00Z,GENERATOR,gs://well-workover-intervention-data/landing/generator/2026/09/23/well_offsets.parquet,BATCH-GELEKI-20260923-V1
GK-141,GK-142,358.3,False,3,2026-09-23T16:00:00Z,GENERATOR,gs://well-workover-intervention-data/landing/generator/2026/09/23/well_offsets.parquet,BATCH-GELEKI-20260923-V1
GK-141,GK-037,367.2,False,4,2026-09-23T16:00:00Z,GENERATOR,gs://well-workover-intervention-data/landing/generator/2026/09/23/well_offsets.parquet,BATCH-GELEKI-20260923-V1
GK-141,GK-059,369.2,False,5,2026-09-23T16:00:00Z,GENERATOR,gs://well-workover-intervention-data/landing/generator/2026/09/23/well_offsets.parquet,BATCH-GELEKI-20260923-V1
GK-141,GK-095,433.6,True,6,2026-09-23T16:00:00Z,GENERATOR,gs://well-workover-intervention-data/landing/generator/2026/09/23/well_offsets.parquet,BATCH-GELEKI-20260923-V1
GK-142,GK-037,173.2,True,1,2026-09-23T16:00:00Z,GENERATOR,gs://well-workover-intervention-data/landing/generator/2026/09/23/well_offsets.parquet,BATCH-GELEKI-20260923-V1
GK-142,GK-141,358.3,False,2,2026-09-23T16:00:00Z,GENERATOR,gs://well-workover-intervention-data/landing/generator/2026/09/23/well_offsets.parquet,BATCH-GELEKI-20260923-V1
GK-142,GK-018,408.7,False,3,2026-09-23T16:00:00Z,GENERATOR,gs://well-workover-intervention-data/landing/generator/2026/09/23/well_offsets.parquet,BATCH-GELEKI-20260923-V1
GK-142,GK-059,523.3,True,4,2026-09-23T16:00:00Z,GENERATOR,gs://well-workover-intervention-data/landing/generator/2026/09/23/well_offsets.parquet,BATCH-GELEKI-20260923-V1
GK-142,GK-095,583.0,False,5,2026-09-23T16:00:00Z,GENERATOR,gs://well-workover-intervention-data/landing/generator/2026/09/23/well_offsets.parquet,BATCH-GELEKI-20260923-V1
GK-142,GK-071,593.7,False,6,2026-09-23T16:00:00Z,GENERATOR,gs://well-workover-intervention-data/landing/generator/2026/09/23/well_offsets.parquet,BATCH-GELEKI-20260923-V1
