episode_id,well_id,status,start_date,end_date,reason_code,is_rigless,workover_id,deferred_bbl,_ingested_at,_source_system,_source_file,_batch_id
EP-GK-001-001,GK-001,PRODUCING,2023-10-01,2023-12-21,,,,0.0,2026-09-23T16:00:00Z,GENERATOR,gs://well-workover-intervention-data/landing/generator/2026/09/23/well_status_history.parquet,BATCH-GELEKI-20260923-V1
EP-GK-001-002,GK-001,WAITING_ON_RIG,2023-12-22,2024-01-16,PUMP_WEAR,False,,1903.1,2026-09-23T16:00:00Z,GENERATOR,gs://well-workover-intervention-data/landing/generator/2026/09/23/well_status_history.parquet,BATCH-GELEKI-20260923-V1
EP-GK-001-003,GK-001,UNDER_WORKOVER,2024-01-17,2024-01-24,PUMP_WEAR,False,WO-GK-001-003,634.4,2026-09-23T16:00:00Z,GENERATOR,gs://well-workover-intervention-data/landing/generator/2026/09/23/well_status_history.parquet,BATCH-GELEKI-20260923-V1
EP-GK-001-004,GK-001,PRODUCING,2024-01-25,2024-09-01,,,,0.0,2026-09-23T16:00:00Z,GENERATOR,gs://well-workover-intervention-data/landing/generator/2026/09/23/well_status_history.parquet,BATCH-GELEKI-20260923-V1
EP-GK-001-005,GK-001,WAITING_ON_RIG,2024-09-02,2024-09-16,TUBING_LEAK,False,,1127.8,2026-09-23T16:00:00Z,GENERATOR,gs://well-workover-intervention-data/landing/generator/2026/09/23/well_status_history.parquet,BATCH-GELEKI-20260923-V1
EP-GK-001-006,GK-001,UNDER_WORKOVER,2024-09-17,2024-09-21,TUBING_LEAK,False,WO-GK-001-006,422.9,2026-09-23T16:00:00Z,GENERATOR,gs://well-workover-intervention-data/landing/generator/2026/09/23/well_status_history.parquet,BATCH-GELEKI-20260923-V1
EP-GK-001-007,GK-001,PRODUCING,2024-09-22,2025-06-01,,,,0.0,2026-09-23T16:00:00Z,GENERATOR,gs://well-workover-intervention-data/landing/generator/2026/09/23/well_status_history.parquet,BATCH-GELEKI-20260923-V1
EP-GK-001-008,GK-001,WAITING_ON_RIG,2025-06-02,2025-07-09,TUBING_LEAK,False,,2749.0,2026-09-23T16:00:00Z,GENERATOR,gs://well-workover-intervention-data/landing/generator/2026/09/23/well_status_history.parquet,BATCH-GELEKI-20260923-V1
EP-GK-001-009,GK-001,UNDER_WORKOVER,2025-07-10,2025-07-21,TUBING_LEAK,False,WO-GK-001-009,916.3,2026-09-23T16:00:00Z,GENERATOR,gs://well-workover-intervention-data/landing/generator/2026/09/23/well_status_history.parquet,BATCH-GELEKI-20260923-V1
EP-GK-001-010,GK-001,PRODUCING,2025-07-22,2026-04-15,,,,0.0,2026-09-23T16:00:00Z,GENERATOR,gs://well-workover-intervention-data/landing/generator/2026/09/23/well_status_history.parquet,BATCH-GELEKI-20260923-V1
EP-GK-001-011,GK-001,WAITING_ON_RIG,2026-04-16,2026-06-17,WAX,False,,4511.2,2026-09-23T16:00:00Z,GENERATOR,gs://well-workover-intervention-data/landing/generator/2026/09/23/well_status_history.parquet,BATCH-GELEKI-20260923-V1
EP-GK-001-012,GK-001,UNDER_WORKOVER,2026-06-18,2026-07-07,WAX,False,WO-GK-001-012,1480.2,2026-09-23T16:00:00Z,GENERATOR,gs://well-workover-intervention-data/landing/generator/2026/09/23/well_status_history.parquet,BATCH-GELEKI-20260923-V1
EP-GK-001-013,GK-001,PRODUCING,2026-07-08,,,,,0.0,2026-09-23T16:00:00Z,GENERATOR,gs://well-workover-intervention-data/landing/generator/2026/09/23/well_status_history.parquet,BATCH-GELEKI-20260923-V1
EP-GK-002-001,GK-002,PRODUCING,2023-10-01,2023-11-10,,,,0.0,2026-09-23T16:00:00Z,GENERATOR,gs://well-workover-intervention-data/landing/generator/2026/09/23/well_status_history.parquet,BATCH-GELEKI-20260923-V1
EP-GK-002-002,GK-002,WAITING_ON_RIG,2023-11-11,2023-12-19,TUBING_LEAK,False,,4506.3,2026-09-23T16:00:00Z,GENERATOR,gs://well-workover-intervention-data/landing/generator/2026/09/23/well_status_history.parquet,BATCH-GELEKI-20260923-V1
EP-GK-002-003,GK-002,UNDER_WORKOVER,2023-12-20,2023-12-31,TUBING_LEAK,False,WO-GK-002-003,1464.6,2026-09-23T16:00:00Z,GENERATOR,gs://well-workover-intervention-data/landing/generator/2026/09/23/well_status_history.parquet,BATCH-GELEKI-20260923-V1
EP-GK-002-004,GK-002,PRODUCING,2024-01-01,2024-05-31,,,,0.0,2026-09-23T16:00:00Z,GENERATOR,gs://well-workover-intervention-data/landing/generator/2026/09/23/well_status_history.parquet,BATCH-GELEKI-20260923-V1
EP-GK-002-005,GK-002,WAITING_ON_RIG,2024-06-01,2024-06-07,TUBING_LEAK,False,,901.3,2026-09-23T16:00:00Z,GENERATOR,gs://well-workover-intervention-data/landing/generator/2026/09/23/well_status_history.parquet,BATCH-GELEKI-20260923-V1
EP-GK-002-006,GK-002,UNDER_WORKOVER,2024-06-08,2024-06-09,TUBING_LEAK,False,WO-GK-002-006,338.0,2026-09-23T16:00:00Z,GENERATOR,gs://well-workover-intervention-data/landing/generator/2026/09/23/well_status_history.parquet,BATCH-GELEKI-20260923-V1
EP-GK-002-007,GK-002,PRODUCING,2024-06-10,2024-12-01,,,,0.0,2026-09-23T16:00:00Z,GENERATOR,gs://well-workover-intervention-data/landing/generator/2026/09/23/well_status_history.parquet,BATCH-GELEKI-20260923-V1
EP-GK-002-008,GK-002,UNDER_WORKOVER,2024-12-02,2024-12-03,SURFACE,True,WO-GK-002-008,338.0,2026-09-23T16:00:00Z,GENERATOR,gs://well-workover-intervention-data/landing/generator/2026/09/23/well_status_history.parquet,BATCH-GELEKI-20260923-V1
EP-GK-002-009,GK-002,PRODUCING,2024-12-04,2025-03-21,,,,0.0,2026-09-23T16:00:00Z,GENERATOR,gs://well-workover-intervention-data/landing/generator/2026/09/23/well_status_history.parquet,BATCH-GELEKI-20260923-V1
EP-GK-002-010,GK-002,WAITING_ON_RIG,2025-03-22,2025-03-28,PUMP_WEAR,False,,901.3,2026-09-23T16:00:00Z,GENERATOR,gs://well-workover-intervention-data/landing/generator/2026/09/23/well_status_history.parquet,BATCH-GELEKI-20260923-V1
EP-GK-002-011,GK-002,UNDER_WORKOVER,2025-03-29,2025-03-29,PUMP_WEAR,False,WO-GK-002-011,225.3,2026-09-23T16:00:00Z,GENERATOR,gs://well-workover-intervention-data/landing/generator/2026/09/23/well_status_history.parquet,BATCH-GELEKI-20260923-V1
EP-GK-002-012,GK-002,PRODUCING,2025-03-30,2025-09-20,,,,0.0,2026-09-23T16:00:00Z,GENERATOR,gs://well-workover-intervention-data/landing/generator/2026/09/23/well_status_history.parquet,BATCH-GELEKI-20260923-V1
EP-GK-002-013,GK-002,WAITING_ON_RIG,2025-09-21,2025-11-25,SUDDEN_MECH,False,,7548.1,2026-09-23T16:00:00Z,GENERATOR,gs://well-workover-intervention-data/landing/generator/2026/09/23/well_status_history.parquet,BATCH-GELEKI-20260923-V1
EP-GK-002-014,GK-002,UNDER_WORKOVER,2025-11-26,2025-12-16,SUDDEN_MECH,False,WO-GK-002-014,2478.5,2026-09-23T16:00:00Z,GENERATOR,gs://well-workover-intervention-data/landing/generator/2026/09/23/well_status_history.parquet,BATCH-GELEKI-20260923-V1
EP-GK-002-015,GK-002,PRODUCING,2025-12-17,2026-05-12,,,,0.0,2026-09-23T16:00:00Z,GENERATOR,gs://well-workover-intervention-data/landing/generator/2026/09/23/well_status_history.parquet,BATCH-GELEKI-20260923-V1
EP-GK-002-016,GK-002,WAITING_ON_RIG,2026-05-13,2026-05-19,SUDDEN_MECH,False,,901.3,2026-09-23T16:00:00Z,GENERATOR,gs://well-workover-intervention-data/landing/generator/2026/09/23/well_status_history.parquet,BATCH-GELEKI-20260923-V1
EP-GK-002-017,GK-002,UNDER_WORKOVER,2026-05-20,2026-05-21,SUDDEN_MECH,False,WO-GK-002-017,338.0,2026-09-23T16:00:00Z,GENERATOR,gs://well-workover-intervention-data/landing/generator/2026/09/23/well_status_history.parquet,BATCH-GELEKI-20260923-V1
EP-GK-002-018,GK-002,PRODUCING,2026-05-22,,,,,0.0,2026-09-23T16:00:00Z,GENERATOR,gs://well-workover-intervention-data/landing/generator/2026/09/23/well_status_history.parquet,BATCH-GELEKI-20260923-V1
EP-GK-003-001,GK-003,PRODUCING,2023-10-01,2023-12-06,,,,0.0,2026-09-23T16:00:00Z,GENERATOR,gs://well-workover-intervention-data/landing/generator/2026/09/23/well_status_history.parquet,BATCH-GELEKI-20260923-V1
EP-GK-003-002,GK-003,WAITING_ON_RIG,2023-12-07,2024-02-20,TUBING_LEAK,False,,5728.8,2026-09-23T16:00:00Z,GENERATOR,gs://well-workover-intervention-data/landing/generator/2026/09/23/well_status_history.parquet,BATCH-GELEKI-20260923-V1
EP-GK-003-003,GK-003,UNDER_WORKOVER,2024-02-21,2024-03-16,TUBING_LEAK,False,WO-GK-003-003,1934.4,2026-09-23T16:00:00Z,GENERATOR,gs://well-workover-intervention-data/landing/generator/2026/09/23/well_status_history.parquet,BATCH-GELEKI-20260923-V1
EP-GK-003-004,GK-003,PRODUCING,2024-03-17,2024-09-30,,,,0.0,2026-09-23T16:00:00Z,GENERATOR,gs://well-workover-intervention-data/landing/generator/2026/09/23/well_status_history.parquet,BATCH-GELEKI-20260923-V1
EP-GK-003-005,GK-003,UNDER_WORKOVER,2024-10-01,2024-10-01,SURFACE,True,WO-GK-003-005,148.8,2026-09-23T16:00:00Z,GENERATOR,gs://well-workover-intervention-data/landing/generator/2026/09/23/well_status_history.parquet,BATCH-GELEKI-20260923-V1
EP-GK-003-006,GK-003,PRODUCING,2024-10-02,2025-03-12,,,,0.0,2026-09-23T16:00:00Z,GENERATOR,gs://well-workover-intervention-data/landing/generator/2026/09/23/well_status_history.parquet,BATCH-GELEKI-20260923-V1
EP-GK-003-007,GK-003,UNDER_WORKOVER,2025-03-13,2025-03-13,SURFACE,True,WO-GK-003-007,148.8,2026-09-23T16:00:00Z,GENERATOR,gs://well-workover-intervention-data/landing/generator/2026/09/23/well_status_history.parquet,BATCH-GELEKI-20260923-V1
EP-GK-003-008,GK-003,PRODUCING,2025-03-14,2025-11-27,,,,0.0,2026-09-23T16:00:00Z,GENERATOR,gs://well-workover-intervention-data/landing/generator/2026/09/23/well_status_history.parquet,BATCH-GELEKI-20260923-V1
EP-GK-003-009,GK-003,WAITING_ON_RIG,2025-11-28,2026-04-29,TUBING_LEAK,False,,11457.6,2026-09-23T16:00:00Z,GENERATOR,gs://well-workover-intervention-data/landing/generator/2026/09/23/well_status_history.parquet,BATCH-GELEKI-20260923-V1
EP-GK-003-010,GK-003,UNDER_WORKOVER,2026-04-30,2026-06-18,TUBING_LEAK,False,WO-GK-003-010,3794.4,2026-09-23T16:00:00Z,GENERATOR,gs://well-workover-intervention-data/landing/generator/2026/09/23/well_status_history.parquet,BATCH-GELEKI-20260923-V1
EP-GK-003-011,GK-003,PRODUCING,2026-06-19,,,,,0.0,2026-09-23T16:00:00Z,GENERATOR,gs://well-workover-intervention-data/landing/generator/2026/09/23/well_status_history.parquet,BATCH-GELEKI-20260923-V1
EP-GK-004-001,GK-004,PRODUCING,2023-10-01,2024-02-19,,,,0.0,2026-09-23T16:00:00Z,GENERATOR,gs://well-workover-intervention-data/landing/generator/2026/09/23/well_status_history.parquet,BATCH-GELEKI-20260923-V1
EP-GK-004-002,GK-004,WAITING_ON_RIG,2024-02-20,2024-03-11,ROD_PART,False,,2833.5,2026-09-23T16:00:00Z,GENERATOR,gs://well-workover-intervention-data/landing/generator/2026/09/23/well_status_history.parquet,BATCH-GELEKI-20260923-V1
EP-GK-004-003,GK-004,UNDER_WORKOVER,2024-03-12,2024-03-17,ROD_PART,False,WO-GK-004-003,901.6,2026-09-23T16:00:00Z,GENERATOR,gs://well-workover-intervention-data/landing/generator/2026/09/23/well_status_history.parquet,BATCH-GELEKI-20260923-V1
EP-GK-004-004,GK-004,PRODUCING,2024-03-18,2024-08-01,,,,0.0,2026-09-23T16:00:00Z,GENERATOR,gs://well-workover-intervention-data/landing/generator/2026/09/23/well_status_history.parquet,BATCH-GELEKI-20260923-V1
EP-GK-004-005,GK-004,WAITING_ON_RIG,2024-08-02,2024-08-06,ROD_PART,False,,772.8,2026-09-23T16:00:00Z,GENERATOR,gs://well-workover-intervention-data/landing/generator/2026/09/23/well_status_history.parquet,BATCH-GELEKI-20260923-V1
EP-GK-004-006,GK-004,UNDER_WORKOVER,2024-08-07,2024-08-07,ROD_PART,False,WO-GK-004-006,257.6,2026-09-23T16:00:00Z,GENERATOR,gs://well-workover-intervention-data/landing/generator/2026/09/23/well_status_history.parquet,BATCH-GELEKI-20260923-V1
EP-GK-004-007,GK-004,PRODUCING,2024-08-08,2024-11-29,,,,0.0,2026-09-23T16:00:00Z,GENERATOR,gs://well-workover-intervention-data/landing/generator/2026/09/23/well_status_history.parquet,BATCH-GELEKI-20260923-V1
EP-GK-004-008,GK-004,WAITING_ON_RIG,2024-11-30,2024-12-20,PUMP_WEAR,False,,2833.5,2026-09-23T16:00:00Z,GENERATOR,gs://well-workover-intervention-data/landing/generator/2026/09/23/well_status_history.parquet,BATCH-GELEKI-20260923-V1
EP-GK-004-009,GK-004,UNDER_WORKOVER,2024-12-21,2024-12-27,PUMP_WEAR,False,WO-GK-004-009,1030.4,2026-09-23T16:00:00Z,GENERATOR,gs://well-workover-intervention-data/landing/generator/2026/09/23/well_status_history.parquet,BATCH-GELEKI-20260923-V1
EP-GK-004-010,GK-004,PRODUCING,2024-12-28,2025-01-22,,,,0.0,2026-09-23T16:00:00Z,GENERATOR,gs://well-workover-intervention-data/landing/generator/2026/09/23/well_status_history.parquet,BATCH-GELEKI-20260923-V1
EP-GK-004-011,GK-004,WAITING_ON_RIG,2025-01-23,2025-01-30,ROD_PART,False,,1159.1,2026-09-23T16:00:00Z,GENERATOR,gs://well-workover-intervention-data/landing/generator/2026/09/23/well_status_history.parquet,BATCH-GELEKI-20260923-V1
EP-GK-004-012,GK-004,UNDER_WORKOVER,2025-01-31,2025-02-01,ROD_PART,False,WO-GK-004-012,386.4,2026-09-23T16:00:00Z,GENERATOR,gs://well-workover-intervention-data/landing/generator/2026/09/23/well_status_history.parquet,BATCH-GELEKI-20260923-V1
EP-GK-004-013,GK-004,PRODUCING,2025-02-02,2025-05-20,,,,0.0,2026-09-23T16:00:00Z,GENERATOR,gs://well-workover-intervention-data/landing/generator/2026/09/23/well_status_history.parquet,BATCH-GELEKI-20260923-V1
EP-GK-004-014,GK-004,UNDER_WORKOVER,2025-05-21,2025-05-21,SURFACE,True,WO-GK-004-014,257.6,2026-09-23T16:00:00Z,GENERATOR,gs://well-workover-intervention-data/landing/generator/2026/09/23/well_status_history.parquet,BATCH-GELEKI-20260923-V1
EP-GK-004-015,GK-004,PRODUCING,2025-05-22,2025-09-04,,,,0.0,2026-09-23T16:00:00Z,GENERATOR,gs://well-workover-intervention-data/landing/generator/2026/09/23/well_status_history.parquet,BATCH-GELEKI-20260923-V1
EP-GK-004-016,GK-004,WAITING_ON_RIG,2025-09-05,2025-09-09,WAX,False,,772.8,2026-09-23T16:00:00Z,GENERATOR,gs://well-workover-intervention-data/landing/generator/2026/09/23/well_status_history.parquet,BATCH-GELEKI-20260923-V1
EP-GK-004-017,GK-004,UNDER_WORKOVER,2025-09-10,2025-09-10,WAX,False,WO-GK-004-017,257.6,2026-09-23T16:00:00Z,GENERATOR,gs://well-workover-intervention-data/landing/generator/2026/09/23/well_status_history.parquet,BATCH-GELEKI-20260923-V1
EP-GK-004-018,GK-004,PRODUCING,2025-09-11,2026-02-12,,,,0.0,2026-09-23T16:00:00Z,GENERATOR,gs://well-workover-intervention-data/landing/generator/2026/09/23/well_status_history.parquet,BATCH-GELEKI-20260923-V1
EP-GK-004-019,GK-004,WAITING_ON_RIG,2026-02-13,2026-02-17,TUBING_LEAK,False,,772.8,2026-09-23T16:00:00Z,GENERATOR,gs://well-workover-intervention-data/landing/generator/2026/09/23/well_status_history.parquet,BATCH-GELEKI-20260923-V1
EP-GK-004-020,GK-004,UNDER_WORKOVER,2026-02-18,2026-02-18,TUBING_LEAK,False,WO-GK-004-020,257.6,2026-09-23T16:00:00Z,GENERATOR,gs://well-workover-intervention-data/landing/generator/2026/09/23/well_status_history.parquet,BATCH-GELEKI-20260923-V1
EP-GK-004-021,GK-004,PRODUCING,2026-02-19,2026-06-14,,,,0.0,2026-09-23T16:00:00Z,GENERATOR,gs://well-workover-intervention-data/landing/generator/2026/09/23/well_status_history.parquet,BATCH-GELEKI-20260923-V1
EP-GK-004-022,GK-004,UNDER_WORKOVER,2026-06-15,2026-06-15,WAX,True,WO-GK-004-022,257.6,2026-09-23T16:00:00Z,GENERATOR,gs://well-workover-intervention-data/landing/generator/2026/09/23/well_status_history.parquet,BATCH-GELEKI-20260923-V1
EP-GK-004-023,GK-004,PRODUCING,2026-06-16,,,,,0.0,2026-09-23T16:00:00Z,GENERATOR,gs://well-workover-intervention-data/landing/generator/2026/09/23/well_status_history.parquet,BATCH-GELEKI-20260923-V1
EP-GK-005-001,GK-005,WAITING_ON_RIG,2023-10-01,2023-10-02,TUBING_LEAK,False,,705.9,2026-09-23T16:00:00Z,GENERATOR,gs://well-workover-intervention-data/landing/generator/2026/09/23/well_status_history.parquet,BATCH-GELEKI-20260923-V1
EP-GK-005-002,GK-005,UNDER_WORKOVER,2023-10-03,2023-10-04,TUBING_LEAK,False,WO-GK-005-002,264.7,2026-09-23T16:00:00Z,GENERATOR,gs://well-workover-intervention-data/landing/generator/2026/09/23/well_status_history.parquet,BATCH-GELEKI-20260923-V1
EP-GK-005-003,GK-005,PRODUCING,2023-10-05,2024-03-09,,,,0.0,2026-09-23T16:00:00Z,GENERATOR,gs://well-workover-intervention-data/landing/generator/2026/09/23/well_status_history.parquet,BATCH-GELEKI-20260923-V1
EP-GK-005-004,GK-005,UNDER_WORKOVER,2024-03-10,2024-03-11,WAX,True,WO-GK-005-004,264.7,2026-09-23T16:00:00Z,GENERATOR,gs://well-workover-intervention-data/landing/generator/2026/09/23/well_status_history.parquet,BATCH-GELEKI-20260923-V1
EP-GK-005-005,GK-005,PRODUCING,2024-03-12,2024-09-09,,,,0.0,2026-09-23T16:00:00Z,GENERATOR,gs://well-workover-intervention-data/landing/generator/2026/09/23/well_status_history.parquet,BATCH-GELEKI-20260923-V1
EP-GK-005-006,GK-005,WAITING_ON_RIG,2024-09-10,2024-09-24,TUBING_LEAK,False,,1411.8,2026-09-23T16:00:00Z,GENERATOR,gs://well-workover-intervention-data/landing/generator/2026/09/23/well_status_history.parquet,BATCH-GELEKI-20260923-V1
EP-GK-005-007,GK-005,UNDER_WORKOVER,2024-09-25,2024-09-29,TUBING_LEAK,False,WO-GK-005-007,529.4,2026-09-23T16:00:00Z,GENERATOR,gs://well-workover-intervention-data/landing/generator/2026/09/23/well_status_history.parquet,BATCH-GELEKI-20260923-V1
EP-GK-005-008,GK-005,PRODUCING,2024-09-30,2025-03-08,,,,0.0,2026-09-23T16:00:00Z,GENERATOR,gs://well-workover-intervention-data/landing/generator/2026/09/23/well_status_history.parquet,BATCH-GELEKI-20260923-V1
EP-GK-005-009,GK-005,WAITING_ON_RIG,2025-03-09,2025-03-14,PUMP_WEAR,False,,617.7,2026-09-23T16:00:00Z,GENERATOR,gs://well-workover-intervention-data/landing/generator/2026/09/23/well_status_history.parquet,BATCH-GELEKI-20260923-V1
EP-GK-005-010,GK-005,UNDER_WORKOVER,2025-03-15,2025-03-15,PUMP_WEAR,False,WO-GK-005-010,176.5,2026-09-23T16:00:00Z,GENERATOR,gs://well-workover-intervention-data/landing/generator/2026/09/23/well_status_history.parquet,BATCH-GELEKI-20260923-V1
EP-GK-005-011,GK-005,PRODUCING,2025-03-16,2025-08-14,,,,0.0,2026-09-23T16:00:00Z,GENERATOR,gs://well-workover-intervention-data/landing/generator/2026/09/23/well_status_history.parquet,BATCH-GELEKI-20260923-V1
EP-GK-005-012,GK-005,WAITING_ON_RIG,2025-08-15,2025-10-29,TUBING_LEAK,False,,6794.4,2026-09-23T16:00:00Z,GENERATOR,gs://well-workover-intervention-data/landing/generator/2026/09/23/well_status_history.parquet,BATCH-GELEKI-20260923-V1
EP-GK-005-013,GK-005,UNDER_WORKOVER,2025-10-30,2025-11-23,TUBING_LEAK,False,WO-GK-005-013,2294.2,2026-09-23T16:00:00Z,GENERATOR,gs://well-workover-intervention-data/landing/generator/2026/09/23/well_status_history.parquet,BATCH-GELEKI-20260923-V1
EP-GK-005-014,GK-005,PRODUCING,2025-11-24,2026-02-13,,,,0.0,2026-09-23T16:00:00Z,GENERATOR,gs://well-workover-intervention-data/landing/generator/2026/09/23/well_status_history.parquet,BATCH-GELEKI-20260923-V1
EP-GK-005-015,GK-005,WAITING_ON_RIG,2026-02-14,2026-02-28,TUBING_LEAK,False,,1411.8,2026-09-23T16:00:00Z,GENERATOR,gs://well-workover-intervention-data/landing/generator/2026/09/23/well_status_history.parquet,BATCH-GELEKI-20260923-V1
EP-GK-005-016,GK-005,UNDER_WORKOVER,2026-03-01,2026-03-05,TUBING_LEAK,False,WO-GK-005-016,529.4,2026-09-23T16:00:00Z,GENERATOR,gs://well-workover-intervention-data/landing/generator/2026/09/23/well_status_history.parquet,BATCH-GELEKI-20260923-V1
EP-GK-005-017,GK-005,PRODUCING,2026-03-06,2026-07-22,,,,0.0,2026-09-23T16:00:00Z,GENERATOR,gs://well-workover-intervention-data/landing/generator/2026/09/23/well_status_history.parquet,BATCH-GELEKI-20260923-V1
EP-GK-005-018,GK-005,WAITING_ON_RIG,2026-07-23,2026-07-29,SUDDEN_MECH,False,,705.9,2026-09-23T16:00:00Z,GENERATOR,gs://well-workover-intervention-data/landing/generator/2026/09/23/well_status_history.parquet,BATCH-GELEKI-20260923-V1
EP-GK-005-019,GK-005,UNDER_WORKOVER,2026-07-30,2026-07-30,SUDDEN_MECH,False,WO-GK-005-019,176.5,2026-09-23T16:00:00Z,GENERATOR,gs://well-workover-intervention-data/landing/generator/2026/09/23/well_status_history.parquet,BATCH-GELEKI-20260923-V1
EP-GK-005-020,GK-005,PRODUCING,2026-07-31,,,,,0.0,2026-09-23T16:00:00Z,GENERATOR,gs://well-workover-intervention-data/landing/generator/2026/09/23/well_status_history.parquet,BATCH-GELEKI-20260923-V1
EP-GK-006-001,GK-006,PRODUCING,2023-10-01,2024-05-08,,,,0.0,2026-09-23T16:00:00Z,GENERATOR,gs://well-workover-intervention-data/landing/generator/2026/09/23/well_status_history.parquet,BATCH-GELEKI-20260923-V1
EP-GK-006-002,GK-006,UNDER_WORKOVER,2024-05-09,2024-05-09,SURFACE,True,WO-GK-006-002,64.7,2026-09-23T16:00:00Z,GENERATOR,gs://well-workover-intervention-data/landing/generator/2026/09/23/well_status_history.parquet,BATCH-GELEKI-20260923-V1
EP-GK-006-003,GK-006,PRODUCING,2024-05-10,2024-11-10,,,,0.0,2026-09-23T16:00:00Z,GENERATOR,gs://well-workover-intervention-data/landing/generator/2026/09/23/well_status_history.parquet,BATCH-GELEKI-20260923-V1
EP-GK-006-004,GK-006,WAITING_ON_RIG,2024-11-11,2024-12-30,TUBING_LEAK,False,,1648.7,2026-09-23T16:00:00Z,GENERATOR,gs://well-workover-intervention-data/landing/generator/2026/09/23/well_status_history.parquet,BATCH-GELEKI-20260923-V1
EP-GK-006-005,GK-006,UNDER_WORKOVER,2024-12-31,2025-01-15,TUBING_LEAK,False,WO-GK-006-005,549.6,2026-09-23T16:00:00Z,GENERATOR,gs://well-workover-intervention-data/landing/generator/2026/09/23/well_status_history.parquet,BATCH-GELEKI-20260923-V1
EP-GK-006-006,GK-006,PRODUCING,2025-01-16,2025-12-03,,,,0.0,2026-09-23T16:00:00Z,GENERATOR,gs://well-workover-intervention-data/landing/generator/2026/09/23/well_status_history.parquet,BATCH-GELEKI-20260923-V1
EP-GK-006-007,GK-006,UNDER_WORKOVER,2025-12-04,2025-12-05,WAX,True,WO-GK-006-007,97.0,2026-09-23T16:00:00Z,GENERATOR,gs://well-workover-intervention-data/landing/generator/2026/09/23/well_status_history.parquet,BATCH-GELEKI-20260923-V1
EP-GK-006-008,GK-006,PRODUCING,2025-12-06,2026-08-05,,,,0.0,2026-09-23T16:00:00Z,GENERATOR,gs://well-workover-intervention-data/landing/generator/2026/09/23/well_status_history.parquet,BATCH-GELEKI-20260923-V1
EP-GK-006-009,GK-006,WAITING_ON_RIG,2026-08-06,,SAND,False,,0.0,2026-09-23T16:00:00Z,GENERATOR,gs://well-workover-intervention-data/landing/generator/2026/09/23/well_status_history.parquet,BATCH-GELEKI-20260923-V1
EP-GK-007-001,GK-007,PRODUCING,2023-10-01,2023-12-15,,,,0.0,2026-09-23T16:00:00Z,GENERATOR,gs://well-workover-intervention-data/landing/generator/2026/09/23/well_status_history.parquet,BATCH-GELEKI-20260923-V1
EP-GK-007-002,GK-007,WAITING_ON_RIG,2023-12-16,2024-01-18,TUBING_LEAK,False,,3130.9,2026-09-23T16:00:00Z,GENERATOR,gs://well-workover-intervention-data/landing/generator/2026/09/23/well_status_history.parquet,BATCH-GELEKI-20260923-V1
EP-GK-007-003,GK-007,UNDER_WORKOVER,2024-01-19,2024-01-29,TUBING_LEAK,False,WO-GK-007-003,1073.5,2026-09-23T16:00:00Z,GENERATOR,gs://well-workover-intervention-data/landing/generator/2026/09/23/well_status_history.parquet,BATCH-GELEKI-20260923-V1
EP-GK-007-004,GK-007,PRODUCING,2024-01-30,2024-08-16,,,,0.0,2026-09-23T16:00:00Z,GENERATOR,gs://well-workover-intervention-data/landing/generator/2026/09/23/well_status_history.parquet,BATCH-GELEKI-20260923-V1
EP-GK-007-005,GK-007,WAITING_ON_RIG,2024-08-17,2024-08-26,TUBING_LEAK,False,,984.0,2026-09-23T16:00:00Z,GENERATOR,gs://well-workover-intervention-data/landing/generator/2026/09/23/well_status_history.parquet,BATCH-GELEKI-20260923-V1
EP-GK-007-006,GK-007,UNDER_WORKOVER,2024-08-27,2024-08-29,TUBING_LEAK,False,WO-GK-007-006,357.8,2026-09-23T16:00:00Z,GENERATOR,gs://well-workover-intervention-data/landing/generator/2026/09/23/well_status_history.parquet,BATCH-GELEKI-20260923-V1
EP-GK-007-007,GK-007,PRODUCING,2024-08-30,2024-11-29,,,,0.0,2026-09-23T16:00:00Z,GENERATOR,gs://well-workover-intervention-data/landing/generator/2026/09/23/well_status_history.parquet,BATCH-GELEKI-20260923-V1
EP-GK-007-008,GK-007,WAITING_ON_RIG,2024-11-30,2024-12-06,PUMP_WEAR,False,,715.6,2026-09-23T16:00:00Z,GENERATOR,gs://well-workover-intervention-data/landing/generator/2026/09/23/well_status_history.parquet,BATCH-GELEKI-20260923-V1
EP-GK-007-009,GK-007,UNDER_WORKOVER,2024-12-07,2024-12-08,PUMP_WEAR,False,WO-GK-007-009,268.4,2026-09-23T16:00:00Z,GENERATOR,gs://well-workover-intervention-data/landing/generator/2026/09/23/well_status_history.parquet,BATCH-GELEKI-20260923-V1
EP-GK-007-010,GK-007,PRODUCING,2024-12-09,2025-04-27,,,,0.0,2026-09-23T16:00:00Z,GENERATOR,gs://well-workover-intervention-data/landing/generator/2026/09/23/well_status_history.parquet,BATCH-GELEKI-20260923-V1
EP-GK-007-011,GK-007,WAITING_ON_RIG,2025-04-28,2025-05-11,WAX,False,,1341.8,2026-09-23T16:00:00Z,GENERATOR,gs://well-workover-intervention-data/landing/generator/2026/09/23/well_status_history.parquet,BATCH-GELEKI-20260923-V1
EP-GK-007-012,GK-007,UNDER_WORKOVER,2025-05-12,2025-05-15,WAX,False,WO-GK-007-012,447.3,2026-09-23T16:00:00Z,GENERATOR,gs://well-workover-intervention-data/landing/generator/2026/09/23/well_status_history.parquet,BATCH-GELEKI-20260923-V1
EP-GK-007-013,GK-007,PRODUCING,2025-05-16,2025-10-30,,,,0.0,2026-09-23T16:00:00Z,GENERATOR,gs://well-workover-intervention-data/landing/generator/2026/09/23/well_status_history.parquet,BATCH-GELEKI-20260923-V1
EP-GK-007-014,GK-007,WAITING_ON_RIG,2025-10-31,2025-11-21,ROD_PART,False,,2057.5,2026-09-23T16:00:00Z,GENERATOR,gs://well-workover-intervention-data/landing/generator/2026/09/23/well_status_history.parquet,BATCH-GELEKI-20260923-V1
EP-GK-007-015,GK-007,UNDER_WORKOVER,2025-11-22,2025-11-28,ROD_PART,False,WO-GK-007-015,715.6,2026-09-23T16:00:00Z,GENERATOR,gs://well-workover-intervention-data/landing/generator/2026/09/23/well_status_history.parquet,BATCH-GELEKI-20260923-V1
EP-GK-007-016,GK-007,PRODUCING,2025-11-29,2026-06-17,,,,0.0,2026-09-23T16:00:00Z,GENERATOR,gs://well-workover-intervention-data/landing/generator/2026/09/23/well_status_history.parquet,BATCH-GELEKI-20260923-V1
EP-GK-007-017,GK-007,WAITING_ON_RIG,2026-06-18,2026-06-22,ROD_PART,False,,536.7,2026-09-23T16:00:00Z,GENERATOR,gs://well-workover-intervention-data/landing/generator/2026/09/23/well_status_history.parquet,BATCH-GELEKI-20260923-V1
EP-GK-007-018,GK-007,UNDER_WORKOVER,2026-06-23,2026-06-23,ROD_PART,False,WO-GK-007-018,178.9,2026-09-23T16:00:00Z,GENERATOR,gs://well-workover-intervention-data/landing/generator/2026/09/23/well_status_history.parquet,BATCH-GELEKI-20260923-V1
EP-GK-007-019,GK-007,PRODUCING,2026-06-24,,,,,0.0,2026-09-23T16:00:00Z,GENERATOR,gs://well-workover-intervention-data/landing/generator/2026/09/23/well_status_history.parquet,BATCH-GELEKI-20260923-V1
EP-GK-008-001,GK-008,PRODUCING,2023-10-01,2024-01-06,,,,0.0,2026-09-23T16:00:00Z,GENERATOR,gs://well-workover-intervention-data/landing/generator/2026/09/23/well_status_history.parquet,BATCH-GELEKI-20260923-V1
EP-GK-008-002,GK-008,WAITING_ON_RIG,2024-01-07,2024-01-11,OTHER,False,,334.6,2026-09-23T16:00:00Z,GENERATOR,gs://well-workover-intervention-data/landing/generator/2026/09/23/well_status_history.parquet,BATCH-GELEKI-20260923-V1
EP-GK-008-003,GK-008,UNDER_WORKOVER,2024-01-12,2024-01-12,OTHER,False,WO-GK-008-003,111.5,2026-09-23T16:00:00Z,GENERATOR,gs://well-workover-intervention-data/landing/generator/2026/09/23/well_status_history.parquet,BATCH-GELEKI-20260923-V1
EP-GK-008-004,GK-008,PRODUCING,2024-01-13,2024-09-25,,,,0.0,2026-09-23T16:00:00Z,GENERATOR,gs://well-workover-intervention-data/landing/generator/2026/09/23/well_status_history.parquet,BATCH-GELEKI-20260923-V1
EP-GK-008-005,GK-008,WAITING_ON_RIG,2024-09-26,2024-10-16,TUBING_LEAK,False,,1226.8,2026-09-23T16:00:00Z,GENERATOR,gs://well-workover-intervention-data/landing/generator/2026/09/23/well_status_history.parquet,BATCH-GELEKI-20260923-V1
EP-GK-008-006,GK-008,UNDER_WORKOVER,2024-10-17,2024-10-22,TUBING_LEAK,False,WO-GK-008-006,390.4,2026-09-23T16:00:00Z,GENERATOR,gs://well-workover-intervention-data/landing/generator/2026/09/23/well_status_history.parquet,BATCH-GELEKI-20260923-V1
EP-GK-008-007,GK-008,PRODUCING,2024-10-23,2025-05-08,,,,0.0,2026-09-23T16:00:00Z,GENERATOR,gs://well-workover-intervention-data/landing/generator/2026/09/23/well_status_history.parquet,BATCH-GELEKI-20260923-V1
EP-GK-008-008,GK-008,WAITING_ON_RIG,2025-05-09,2025-09-20,PUMP_WEAR,False,,7584.1,2026-09-23T16:00:00Z,GENERATOR,gs://well-workover-intervention-data/landing/generator/2026/09/23/well_status_history.parquet,BATCH-GELEKI-20260923-V1
EP-GK-008-009,GK-008,UNDER_WORKOVER,2025-09-21,2025-11-03,PUMP_WEAR,False,WO-GK-008-009,2509.4,2026-09-23T16:00:00Z,GENERATOR,gs://well-workover-intervention-data/landing/generator/2026/09/23/well_status_history.parquet,BATCH-GELEKI-20260923-V1
EP-GK-008-010,GK-008,PRODUCING,2025-11-04,2026-04-24,,,,0.0,2026-09-23T16:00:00Z,GENERATOR,gs://well-workover-intervention-data/landing/generator/2026/09/23/well_status_history.parquet,BATCH-GELEKI-20260923-V1
EP-GK-008-011,GK-008,WAITING_ON_RIG,2026-04-25,2026-09-04,PUMP_WEAR,False,,7472.6,2026-09-23T16:00:00Z,GENERATOR,gs://well-workover-intervention-data/landing/generator/2026/09/23/well_status_history.parquet,BATCH-GELEKI-20260923-V1
EP-GK-008-012,GK-008,UNDER_WORKOVER,2026-09-05,,PUMP_WEAR,False,,0.0,2026-09-23T16:00:00Z,GENERATOR,gs://well-workover-intervention-data/landing/generator/2026/09/23/well_status_history.parquet,BATCH-GELEKI-20260923-V1
EP-GK-009-001,GK-009,WAITING_ON_RIG,2023-10-01,2023-10-05,ROD_PART,False,,1077.0,2026-09-23T16:00:00Z,GENERATOR,gs://well-workover-intervention-data/landing/generator/2026/09/23/well_status_history.parquet,BATCH-GELEKI-20260923-V1
EP-GK-009-002,GK-009,UNDER_WORKOVER,2023-10-06,2023-10-08,ROD_PART,False,WO-GK-009-002,391.7,2026-09-23T16:00:00Z,GENERATOR,gs://well-workover-intervention-data/landing/generator/2026/09/23/well_status_history.parquet,BATCH-GELEKI-20260923-V1
EP-GK-009-003,GK-009,PRODUCING,2023-10-09,2024-03-17,,,,0.0,2026-09-23T16:00:00Z,GENERATOR,gs://well-workover-intervention-data/landing/generator/2026/09/23/well_status_history.parquet,BATCH-GELEKI-20260923-V1
EP-GK-009-004,GK-009,WAITING_ON_RIG,2024-03-18,2024-05-05,TUBING_LEAK,False,,4895.6,2026-09-23T16:00:00Z,GENERATOR,gs://well-workover-intervention-data/landing/generator/2026/09/23/well_status_history.parquet,BATCH-GELEKI-20260923-V1
EP-GK-009-005,GK-009,UNDER_WORKOVER,2024-05-06,2024-05-20,TUBING_LEAK,False,WO-GK-009-005,1566.6,2026-09-23T16:00:00Z,GENERATOR,gs://well-workover-intervention-data/landing/generator/2026/09/23/well_status_history.parquet,BATCH-GELEKI-20260923-V1
EP-GK-009-006,GK-009,PRODUCING,2024-05-21,2024-09-22,,,,0.0,2026-09-23T16:00:00Z,GENERATOR,gs://well-workover-intervention-data/landing/generator/2026/09/23/well_status_history.parquet,BATCH-GELEKI-20260923-V1
EP-GK-009-007,GK-009,WAITING_ON_RIG,2024-09-23,2024-11-06,ROD_PART,False,,4504.0,2026-09-23T16:00:00Z,GENERATOR,gs://well-workover-intervention-data/landing/generator/2026/09/23/well_status_history.parquet,BATCH-GELEKI-20260923-V1
EP-GK-009-008,GK-009,UNDER_WORKOVER,2024-11-07,2024-11-21,ROD_PART,False,WO-GK-009-008,1566.6,2026-09-23T16:00:00Z,GENERATOR,gs://well-workover-intervention-data/landing/generator/2026/09/23/well_status_history.parquet,BATCH-GELEKI-20260923-V1
EP-GK-009-009,GK-009,PRODUCING,2024-11-22,2025-02-22,,,,0.0,2026-09-23T16:00:00Z,GENERATOR,gs://well-workover-intervention-data/landing/generator/2026/09/23/well_status_history.parquet,BATCH-GELEKI-20260923-V1
EP-GK-009-010,GK-009,WAITING_ON_RIG,2025-02-23,2025-02-27,ROD_PART,False,,587.5,2026-09-23T16:00:00Z,GENERATOR,gs://well-workover-intervention-data/landing/generator/2026/09/23/well_status_history.parquet,BATCH-GELEKI-20260923-V1
EP-GK-009-011,GK-009,UNDER_WORKOVER,2025-02-28,2025-02-28,ROD_PART,False,WO-GK-009-011,195.8,2026-09-23T16:00:00Z,GENERATOR,gs://well-workover-intervention-data/landing/generator/2026/09/23/well_status_history.parquet,BATCH-GELEKI-20260923-V1
EP-GK-009-012,GK-009,PRODUCING,2025-03-01,2025-07-18,,,,0.0,2026-09-23T16:00:00Z,GENERATOR,gs://well-workover-intervention-data/landing/generator/2026/09/23/well_status_history.parquet,BATCH-GELEKI-20260923-V1
EP-GK-009-013,GK-009,WAITING_ON_RIG,2025-07-19,2025-07-23,TUBING_LEAK,False,,587.5,2026-09-23T16:00:00Z,GENERATOR,gs://well-workover-intervention-data/landing/generator/2026/09/23/well_status_history.parquet,BATCH-GELEKI-20260923-V1
EP-GK-009-014,GK-009,UNDER_WORKOVER,2025-07-24,2025-07-24,TUBING_LEAK,False,WO-GK-009-014,195.8,2026-09-23T16:00:00Z,GENERATOR,gs://well-workover-intervention-data/landing/generator/2026/09/23/well_status_history.parquet,BATCH-GELEKI-20260923-V1
EP-GK-009-015,GK-009,PRODUCING,2025-07-25,2025-11-13,,,,0.0,2026-09-23T16:00:00Z,GENERATOR,gs://well-workover-intervention-data/landing/generator/2026/09/23/well_status_history.parquet,BATCH-GELEKI-20260923-V1
EP-GK-009-016,GK-009,WAITING_ON_RIG,2025-11-14,2026-04-15,PUMP_WEAR,False,,15078.6,2026-09-23T16:00:00Z,GENERATOR,gs://well-workover-intervention-data/landing/generator/2026/09/23/well_status_history.parquet,BATCH-GELEKI-20260923-V1
EP-GK-009-017,GK-009,UNDER_WORKOVER,2026-04-16,2026-06-04,PUMP_WEAR,False,WO-GK-009-017,4993.6,2026-09-23T16:00:00Z,GENERATOR,gs://well-workover-intervention-data/landing/generator/2026/09/23/well_status_history.parquet,BATCH-GELEKI-20260923-V1
EP-GK-009-018,GK-009,PRODUCING,2026-06-05,,,,,0.0,2026-09-23T16:00:00Z,GENERATOR,gs://well-workover-intervention-data/landing/generator/2026/09/23/well_status_history.parquet,BATCH-GELEKI-20260923-V1
EP-GK-010-001,GK-010,PRODUCING,2023-10-01,2023-11-10,,,,0.0,2026-09-23T16:00:00Z,GENERATOR,gs://well-workover-intervention-data/landing/generator/2026/09/23/well_status_history.parquet,BATCH-GELEKI-20260923-V1
EP-GK-010-002,GK-010,WAITING_ON_RIG,2023-11-11,2023-11-17,PUMP_WEAR,False,,914.4,2026-09-23T16:00:00Z,GENERATOR,gs://well-workover-intervention-data/landing/generator/2026/09/23/well_status_history.parquet,BATCH-GELEKI-20260923-V1
EP-GK-010-003,GK-010,UNDER_WORKOVER,2023-11-18,2023-11-19,PUMP_WEAR,False,WO-GK-010-003,342.9,2026-09-23T16:00:00Z,GENERATOR,gs://well-workover-intervention-data/landing/generator/2026/09/23/well_status_history.parquet,BATCH-GELEKI-20260923-V1
EP-GK-010-004,GK-010,PRODUCING,2023-11-20,2024-01-06,,,,0.0,2026-09-23T16:00:00Z,GENERATOR,gs://well-workover-intervention-data/landing/generator/2026/09/23/well_status_history.parquet,BATCH-GELEKI-20260923-V1
EP-GK-010-005,GK-010,WAITING_ON_RIG,2024-01-07,2024-01-31,PUMP_WEAR,False,,2971.8,2026-09-23T16:00:00Z,GENERATOR,gs://well-workover-intervention-data/landing/generator/2026/09/23/well_status_history.parquet,BATCH-GELEKI-20260923-V1
EP-GK-010-006,GK-010,UNDER_WORKOVER,2024-02-01,2024-02-08,PUMP_WEAR,False,WO-GK-010-006,1028.7,2026-09-23T16:00:00Z,GENERATOR,gs://well-workover-intervention-data/landing/generator/2026/09/23/well_status_history.parquet,BATCH-GELEKI-20260923-V1
EP-GK-010-007,GK-010,PRODUCING,2024-02-09,2024-06-09,,,,0.0,2026-09-23T16:00:00Z,GENERATOR,gs://well-workover-intervention-data/landing/generator/2026/09/23/well_status_history.parquet,BATCH-GELEKI-20260923-V1
EP-GK-010-008,GK-010,UNDER_WORKOVER,2024-06-10,2024-06-10,WAX,True,WO-GK-010-008,228.6,2026-09-23T16:00:00Z,GENERATOR,gs://well-workover-intervention-data/landing/generator/2026/09/23/well_status_history.parquet,BATCH-GELEKI-20260923-V1
EP-GK-010-009,GK-010,PRODUCING,2024-06-11,2024-09-17,,,,0.0,2026-09-23T16:00:00Z,GENERATOR,gs://well-workover-intervention-data/landing/generator/2026/09/23/well_status_history.parquet,BATCH-GELEKI-20260923-V1
EP-GK-010-010,GK-010,UNDER_WORKOVER,2024-09-18,2024-09-18,SURFACE,True,WO-GK-010-010,228.6,2026-09-23T16:00:00Z,GENERATOR,gs://well-workover-intervention-data/landing/generator/2026/09/23/well_status_history.parquet,BATCH-GELEKI-20260923-V1
EP-GK-010-011,GK-010,PRODUCING,2024-09-19,2024-10-13,,,,0.0,2026-09-23T16:00:00Z,GENERATOR,gs://well-workover-intervention-data/landing/generator/2026/09/23/well_status_history.parquet,BATCH-GELEKI-20260923-V1
EP-GK-010-012,GK-010,WAITING_ON_RIG,2024-10-14,2024-11-17,ROD_PART,False,,4114.7,2026-09-23T16:00:00Z,GENERATOR,gs://well-workover-intervention-data/landing/generator/2026/09/23/well_status_history.parquet,BATCH-GELEKI-20260923-V1
EP-GK-010-013,GK-010,UNDER_WORKOVER,2024-11-18,2024-11-28,ROD_PART,False,WO-GK-010-013,1371.6,2026-09-23T16:00:00Z,GENERATOR,gs://well-workover-intervention-data/landing/generator/2026/09/23/well_status_history.parquet,BATCH-GELEKI-20260923-V1
EP-GK-010-014,GK-010,PRODUCING,2024-11-29,2025-02-22,,,,0.0,2026-09-23T16:00:00Z,GENERATOR,gs://well-workover-intervention-data/landing/generator/2026/09/23/well_status_history.parquet,BATCH-GELEKI-20260923-V1
EP-GK-010-015,GK-010,WAITING_ON_RIG,2025-02-23,2025-02-27,ROD_PART,False,,685.8,2026-09-23T16:00:00Z,GENERATOR,gs://well-workover-intervention-data/landing/generator/2026/09/23/well_status_history.parquet,BATCH-GELEKI-20260923-V1
EP-GK-010-016,GK-010,UNDER_WORKOVER,2025-02-28,2025-02-28,ROD_PART,False,WO-GK-010-016,228.6,2026-09-23T16:00:00Z,GENERATOR,gs://well-workover-intervention-data/landing/generator/2026/09/23/well_status_history.parquet,BATCH-GELEKI-20260923-V1
EP-GK-010-017,GK-010,PRODUCING,2025-03-01,2025-05-14,,,,0.0,2026-09-23T16:00:00Z,GENERATOR,gs://well-workover-intervention-data/landing/generator/2026/09/23/well_status_history.parquet,BATCH-GELEKI-20260923-V1
EP-GK-010-018,GK-010,WAITING_ON_RIG,2025-05-15,2025-06-29,OTHER,False,,5372.0,2026-09-23T16:00:00Z,GENERATOR,gs://well-workover-intervention-data/landing/generator/2026/09/23/well_status_history.parquet,BATCH-GELEKI-20260923-V1
EP-GK-010-019,GK-010,UNDER_WORKOVER,2025-06-30,2025-07-14,OTHER,False,WO-GK-010-019,1828.8,2026-09-23T16:00:00Z,GENERATOR,gs://well-workover-intervention-data/landing/generator/2026/09/23/well_status_history.parquet,BATCH-GELEKI-20260923-V1
EP-GK-010-020,GK-010,PRODUCING,2025-07-15,2025-10-24,,,,0.0,2026-09-23T16:00:00Z,GENERATOR,gs://well-workover-intervention-data/landing/generator/2026/09/23/well_status_history.parquet,BATCH-GELEKI-20260923-V1
EP-GK-010-021,GK-010,UNDER_WORKOVER,2025-10-25,2025-10-25,SURFACE,True,WO-GK-010-021,228.6,2026-09-23T16:00:00Z,GENERATOR,gs://well-workover-intervention-data/landing/generator/2026/09/23/well_status_history.parquet,BATCH-GELEKI-20260923-V1
EP-GK-010-022,GK-010,PRODUCING,2025-10-26,2025-12-30,,,,0.0,2026-09-23T16:00:00Z,GENERATOR,gs://well-workover-intervention-data/landing/generator/2026/09/23/well_status_history.parquet,BATCH-GELEKI-20260923-V1
EP-GK-010-023,GK-010,WAITING_ON_RIG,2025-12-31,2026-02-14,PUMP_WEAR,False,,5372.0,2026-09-23T16:00:00Z,GENERATOR,gs://well-workover-intervention-data/landing/generator/2026/09/23/well_status_history.parquet,BATCH-GELEKI-20260923-V1
EP-GK-010-024,GK-010,UNDER_WORKOVER,2026-02-15,2026-03-01,PUMP_WEAR,False,WO-GK-010-024,1828.8,2026-09-23T16:00:00Z,GENERATOR,gs://well-workover-intervention-data/landing/generator/2026/09/23/well_status_history.parquet,BATCH-GELEKI-20260923-V1
EP-GK-010-025,GK-010,PRODUCING,2026-03-02,2026-05-26,,,,0.0,2026-09-23T16:00:00Z,GENERATOR,gs://well-workover-intervention-data/landing/generator/2026/09/23/well_status_history.parquet,BATCH-GELEKI-20260923-V1
EP-GK-010-026,GK-010,WAITING_ON_RIG,2026-05-27,2026-06-24,SUDDEN_MECH,False,,3428.9,2026-09-23T16:00:00Z,GENERATOR,gs://well-workover-intervention-data/landing/generator/2026/09/23/well_status_history.parquet,BATCH-GELEKI-20260923-V1
EP-GK-010-027,GK-010,UNDER_WORKOVER,2026-06-25,2026-07-03,SUDDEN_MECH,False,WO-GK-010-027,1143.0,2026-09-23T16:00:00Z,GENERATOR,gs://well-workover-intervention-data/landing/generator/2026/09/23/well_status_history.parquet,BATCH-GELEKI-20260923-V1
EP-GK-010-028,GK-010,PRODUCING,2026-07-04,2026-09-28,,,,0.0,2026-09-23T16:00:00Z,GENERATOR,gs://well-workover-intervention-data/landing/generator/2026/09/23/well_status_history.parquet,BATCH-GELEKI-20260923-V1
EP-GK-010-029,GK-010,UNDER_WORKOVER,2026-09-29,,WAX,True,,0.0,2026-09-23T16:00:00Z,GENERATOR,gs://well-workover-intervention-data/landing/generator/2026/09/23/well_status_history.parquet,BATCH-GELEKI-20260923-V1
EP-GK-011-001,GK-011,PRODUCING,2023-10-01,2024-01-24,,,,0.0,2026-09-23T16:00:00Z,GENERATOR,gs://well-workover-intervention-data/landing/generator/2026/09/23/well_status_history.parquet,BATCH-GELEKI-20260923-V1
EP-GK-011-002,GK-011,WAITING_ON_RIG,2024-01-25,2024-02-10,WAX,False,,1318.5,2026-09-23T16:00:00Z,GENERATOR,gs://well-workover-intervention-data/landing/generator/2026/09/23/well_status_history.parquet,BATCH-GELEKI-20260923-V1
EP-GK-011-003,GK-011,UNDER_WORKOVER,2024-02-11,2024-02-15,WAX,False,WO-GK-011-003,439.5,2026-09-23T16:00:00Z,GENERATOR,gs://well-workover-intervention-data/landing/generator/2026/09/23/well_status_history.parquet,BATCH-GELEKI-20260923-V1
EP-GK-011-004,GK-011,PRODUCING,2024-02-16,2024-07-04,,,,0.0,2026-09-23T16:00:00Z,GENERATOR,gs://well-workover-intervention-data/landing/generator/2026/09/23/well_status_history.parquet,BATCH-GELEKI-20260923-V1
EP-GK-011-005,GK-011,UNDER_WORKOVER,2024-07-05,2024-07-05,SURFACE,True,WO-GK-011-005,146.5,2026-09-23T16:00:00Z,GENERATOR,gs://well-workover-intervention-data/landing/generator/2026/09/23/well_status_history.parquet,BATCH-GELEKI-20260923-V1
EP-GK-011-006,GK-011,PRODUCING,2024-07-06,2024-11-11,,,,0.0,2026-09-23T16:00:00Z,GENERATOR,gs://well-workover-intervention-data/landing/generator/2026/09/23/well_status_history.parquet,BATCH-GELEKI-20260923-V1
EP-GK-011-007,GK-011,WAITING_ON_RIG,2024-11-12,2025-04-13,OTHER,False,,11280.5,2026-09-23T16:00:00Z,GENERATOR,gs://well-workover-intervention-data/landing/generator/2026/09/23/well_status_history.parquet,BATCH-GELEKI-20260923-V1
EP-GK-011-008,GK-011,UNDER_WORKOVER,2025-04-14,2025-06-02,OTHER,False,WO-GK-011-008,3735.8,2026-09-23T16:00:00Z,GENERATOR,gs://well-workover-intervention-data/landing/generator/2026/09/23/well_status_history.parquet,BATCH-GELEKI-20260923-V1
EP-GK-011-009,GK-011,PRODUCING,2025-06-03,2025-11-14,,,,0.0,2026-09-23T16:00:00Z,GENERATOR,gs://well-workover-intervention-data/landing/generator/2026/09/23/well_status_history.parquet,BATCH-GELEKI-20260923-V1
EP-GK-011-010,GK-011,UNDER_WORKOVER,2025-11-15,2025-11-15,SURFACE,True,WO-GK-011-010,146.5,2026-09-23T16:00:00Z,GENERATOR,gs://well-workover-intervention-data/landing/generator/2026/09/23/well_status_history.parquet,BATCH-GELEKI-20260923-V1
EP-GK-011-011,GK-011,PRODUCING,2025-11-16,2026-04-05,,,,0.0,2026-09-23T16:00:00Z,GENERATOR,gs://well-workover-intervention-data/landing/generator/2026/09/23/well_status_history.parquet,BATCH-GELEKI-20260923-V1
EP-GK-011-012,GK-011,UNDER_WORKOVER,2026-04-06,2026-04-06,WAX,True,WO-GK-011-012,146.5,2026-09-23T16:00:00Z,GENERATOR,gs://well-workover-intervention-data/landing/generator/2026/09/23/well_status_history.parquet,BATCH-GELEKI-20260923-V1
EP-GK-011-013,GK-011,PRODUCING,2026-04-07,2026-07-06,,,,0.0,2026-09-23T16:00:00Z,GENERATOR,gs://well-workover-intervention-data/landing/generator/2026/09/23/well_status_history.parquet,BATCH-GELEKI-20260923-V1
EP-GK-011-014,GK-011,WAITING_ON_RIG,2026-07-07,2026-07-13,TUBING_LEAK,False,,586.0,2026-09-23T16:00:00Z,GENERATOR,gs://well-workover-intervention-data/landing/generator/2026/09/23/well_status_history.parquet,BATCH-GELEKI-20260923-V1
EP-GK-011-015,GK-011,UNDER_WORKOVER,2026-07-14,2026-07-15,TUBING_LEAK,False,WO-GK-011-015,219.8,2026-09-23T16:00:00Z,GENERATOR,gs://well-workover-intervention-data/landing/generator/2026/09/23/well_status_history.parquet,BATCH-GELEKI-20260923-V1
EP-GK-011-016,GK-011,PRODUCING,2026-07-16,,,,,0.0,2026-09-23T16:00:00Z,GENERATOR,gs://well-workover-intervention-data/landing/generator/2026/09/23/well_status_history.parquet,BATCH-GELEKI-20260923-V1
EP-GK-012-001,GK-012,PRODUCING,2023-10-01,2024-02-21,,,,0.0,2026-09-23T16:00:00Z,GENERATOR,gs://well-workover-intervention-data/landing/generator/2026/09/23/well_status_history.parquet,BATCH-GELEKI-20260923-V1
EP-GK-012-002,GK-012,WAITING_ON_RIG,2024-02-22,2024-03-23,GL_INJ_ANOMALY,False,,1210.4,2026-09-23T16:00:00Z,GENERATOR,gs://well-workover-intervention-data/landing/generator/2026/09/23/well_status_history.parquet,BATCH-GELEKI-20260923-V1
EP-GK-012-003,GK-012,UNDER_WORKOVER,2024-03-24,2024-04-01,GL_INJ_ANOMALY,False,WO-GK-012-003,378.2,2026-09-23T16:00:00Z,GENERATOR,gs://well-workover-intervention-data/landing/generator/2026/09/23/well_status_history.parquet,BATCH-GELEKI-20260923-V1
EP-GK-012-004,GK-012,PRODUCING,2024-04-02,2024-12-15,,,,0.0,2026-09-23T16:00:00Z,GENERATOR,gs://well-workover-intervention-data/landing/generator/2026/09/23/well_status_history.parquet,BATCH-GELEKI-20260923-V1
EP-GK-012-005,GK-012,WAITING_ON_RIG,2024-12-16,2024-12-23,SAND,False,,340.4,2026-09-23T16:00:00Z,GENERATOR,gs://well-workover-intervention-data/landing/generator/2026/09/23/well_status_history.parquet,BATCH-GELEKI-20260923-V1
EP-GK-012-006,GK-012,UNDER_WORKOVER,2024-12-24,2024-12-25,SAND,False,WO-GK-012-006,113.5,2026-09-23T16:00:00Z,GENERATOR,gs://well-workover-intervention-data/landing/generator/2026/09/23/well_status_history.parquet,BATCH-GELEKI-20260923-V1
EP-GK-012-007,GK-012,PRODUCING,2024-12-26,2025-05-18,,,,0.0,2026-09-23T16:00:00Z,GENERATOR,gs://well-workover-intervention-data/landing/generator/2026/09/23/well_status_history.parquet,BATCH-GELEKI-20260923-V1
EP-GK-012-008,GK-012,WAITING_ON_RIG,2025-05-19,2025-06-04,GL_INJ_ANOMALY,False,,680.8,2026-09-23T16:00:00Z,GENERATOR,gs://well-workover-intervention-data/landing/generator/2026/09/23/well_status_history.parquet,BATCH-GELEKI-20260923-V1
EP-GK-012-009,GK-012,UNDER_WORKOVER,2025-06-05,2025-06-09,GL_INJ_ANOMALY,False,WO-GK-012-009,226.9,2026-09-23T16:00:00Z,GENERATOR,gs://well-workover-intervention-data/landing/generator/2026/09/23/well_status_history.parquet,BATCH-GELEKI-20260923-V1
EP-GK-012-010,GK-012,PRODUCING,2025-06-10,2025-11-02,,,,0.0,2026-09-23T16:00:00Z,GENERATOR,gs://well-workover-intervention-data/landing/generator/2026/09/23/well_status_history.parquet,BATCH-GELEKI-20260923-V1
EP-GK-012-011,GK-012,WAITING_ON_RIG,2025-11-03,2025-12-18,SAND,False,,1777.8,2026-09-23T16:00:00Z,GENERATOR,gs://well-workover-intervention-data/landing/generator/2026/09/23/well_status_history.parquet,BATCH-GELEKI-20260923-V1
EP-GK-012-012,GK-012,UNDER_WORKOVER,2025-12-19,2026-01-02,SAND,False,WO-GK-012-012,605.2,2026-09-23T16:00:00Z,GENERATOR,gs://well-workover-intervention-data/landing/generator/2026/09/23/well_status_history.parquet,BATCH-GELEKI-20260923-V1
EP-GK-012-013,GK-012,PRODUCING,2026-01-03,2026-05-08,,,,0.0,2026-09-23T16:00:00Z,GENERATOR,gs://well-workover-intervention-data/landing/generator/2026/09/23/well_status_history.parquet,BATCH-GELEKI-20260923-V1
EP-GK-012-014,GK-012,WAITING_ON_RIG,2026-05-09,2026-05-21,GL_LOADING,False,,529.5,2026-09-23T16:00:00Z,GENERATOR,gs://well-workover-intervention-data/landing/generator/2026/09/23/well_status_history.parquet,BATCH-GELEKI-20260923-V1
EP-GK-012-015,GK-012,UNDER_WORKOVER,2026-05-22,2026-05-24,GL_LOADING,False,WO-GK-012-015,151.3,2026-09-23T16:00:00Z,GENERATOR,gs://well-workover-intervention-data/landing/generator/2026/09/23/well_status_history.parquet,BATCH-GELEKI-20260923-V1
EP-GK-012-016,GK-012,PRODUCING,2026-05-25,2026-09-09,,,,0.0,2026-09-23T16:00:00Z,GENERATOR,gs://well-workover-intervention-data/landing/generator/2026/09/23/well_status_history.parquet,BATCH-GELEKI-20260923-V1
EP-GK-012-017,GK-012,UNDER_WORKOVER,2026-09-10,2026-09-10,GL_HEADING,True,WO-GK-012-017,75.6,2026-09-23T16:00:00Z,GENERATOR,gs://well-workover-intervention-data/landing/generator/2026/09/23/well_status_history.parquet,BATCH-GELEKI-20260923-V1
EP-GK-012-018,GK-012,PRODUCING,2026-09-11,,,,,0.0,2026-09-23T16:00:00Z,GENERATOR,gs://well-workover-intervention-data/landing/generator/2026/09/23/well_status_history.parquet,BATCH-GELEKI-20260923-V1
EP-GK-013-001,GK-013,PRODUCING,2023-10-01,2023-11-11,,,,0.0,2026-09-23T16:00:00Z,GENERATOR,gs://well-workover-intervention-data/landing/generator/2026/09/23/well_status_history.parquet,BATCH-GELEKI-20260923-V1
EP-GK-013-002,GK-013,WAITING_ON_RIG,2023-11-12,2023-11-18,PUMP_WEAR,False,,951.6,2026-09-23T16:00:00Z,GENERATOR,gs://well-workover-intervention-data/landing/generator/2026/09/23/well_status_history.parquet,BATCH-GELEKI-20260923-V1
EP-GK-013-003,GK-013,UNDER_WORKOVER,2023-11-19,2023-11-19,PUMP_WEAR,False,WO-GK-013-003,237.9,2026-09-23T16:00:00Z,GENERATOR,gs://well-workover-intervention-data/landing/generator/2026/09/23/well_status_history.parquet,BATCH-GELEKI-20260923-V1
EP-GK-013-004,GK-013,PRODUCING,2023-11-20,2024-03-21,,,,0.0,2026-09-23T16:00:00Z,GENERATOR,gs://well-workover-intervention-data/landing/generator/2026/09/23/well_status_history.parquet,BATCH-GELEKI-20260923-V1
EP-GK-013-005,GK-013,WAITING_ON_RIG,2024-03-22,2024-06-08,SAND,False,,9516.4,2026-09-23T16:00:00Z,GENERATOR,gs://well-workover-intervention-data/landing/generator/2026/09/23/well_status_history.parquet,BATCH-GELEKI-20260923-V1
EP-GK-013-006,GK-013,UNDER_WORKOVER,2024-06-09,2024-07-03,SAND,False,WO-GK-013-006,3092.8,2026-09-23T16:00:00Z,GENERATOR,gs://well-workover-intervention-data/landing/generator/2026/09/23/well_status_history.parquet,BATCH-GELEKI-20260923-V1
EP-GK-013-007,GK-013,PRODUCING,2024-07-04,2024-10-09,,,,0.0,2026-09-23T16:00:00Z,GENERATOR,gs://well-workover-intervention-data/landing/generator/2026/09/23/well_status_history.parquet,BATCH-GELEKI-20260923-V1
EP-GK-013-008,GK-013,WAITING_ON_RIG,2024-10-10,2024-10-14,ROD_PART,False,,713.7,2026-09-23T16:00:00Z,GENERATOR,gs://well-workover-intervention-data/landing/generator/2026/09/23/well_status_history.parquet,BATCH-GELEKI-20260923-V1
EP-GK-013-009,GK-013,UNDER_WORKOVER,2024-10-15,2024-10-15,ROD_PART,False,WO-GK-013-009,237.9,2026-09-23T16:00:00Z,GENERATOR,gs://well-workover-intervention-data/landing/generator/2026/09/23/well_status_history.parquet,BATCH-GELEKI-20260923-V1
EP-GK-013-010,GK-013,PRODUCING,2024-10-16,2024-12-20,,,,0.0,2026-09-23T16:00:00Z,GENERATOR,gs://well-workover-intervention-data/landing/generator/2026/09/23/well_status_history.parquet,BATCH-GELEKI-20260923-V1
EP-GK-013-011,GK-013,UNDER_WORKOVER,2024-12-21,2024-12-21,SURFACE,True,WO-GK-013-011,237.9,2026-09-23T16:00:00Z,GENERATOR,gs://well-workover-intervention-data/landing/generator/2026/09/23/well_status_history.parquet,BATCH-GELEKI-20260923-V1
EP-GK-013-012,GK-013,PRODUCING,2024-12-22,2025-05-14,,,,0.0,2026-09-23T16:00:00Z,GENERATOR,gs://well-workover-intervention-data/landing/generator/2026/09/23/well_status_history.parquet,BATCH-GELEKI-20260923-V1
EP-GK-013-013,GK-013,UNDER_WORKOVER,2025-05-15,2025-05-15,SURFACE,True,WO-GK-013-013,237.9,2026-09-23T16:00:00Z,GENERATOR,gs://well-workover-intervention-data/landing/generator/2026/09/23/well_status_history.parquet,BATCH-GELEKI-20260923-V1
EP-GK-013-014,GK-013,PRODUCING,2025-05-16,2025-10-06,,,,0.0,2026-09-23T16:00:00Z,GENERATOR,gs://well-workover-intervention-data/landing/generator/2026/09/23/well_status_history.parquet,BATCH-GELEKI-20260923-V1
EP-GK-013-015,GK-013,UNDER_WORKOVER,2025-10-07,2025-10-07,WAX,True,WO-GK-013-015,237.9,2026-09-23T16:00:00Z,GENERATOR,gs://well-workover-intervention-data/landing/generator/2026/09/23/well_status_history.parquet,BATCH-GELEKI-20260923-V1
EP-GK-013-016,GK-013,PRODUCING,2025-10-08,2026-01-17,,,,0.0,2026-09-23T16:00:00Z,GENERATOR,gs://well-workover-intervention-data/landing/generator/2026/09/23/well_status_history.parquet,BATCH-GELEKI-20260923-V1
EP-GK-013-017,GK-013,WAITING_ON_RIG,2026-01-18,2026-01-23,ROD_PART,False,,832.7,2026-09-23T16:00:00Z,GENERATOR,gs://well-workover-intervention-data/landing/generator/2026/09/23/well_status_history.parquet,BATCH-GELEKI-20260923-V1
EP-GK-013-018,GK-013,UNDER_WORKOVER,2026-01-24,2026-01-24,ROD_PART,False,WO-GK-013-018,237.9,2026-09-23T16:00:00Z,GENERATOR,gs://well-workover-intervention-data/landing/generator/2026/09/23/well_status_history.parquet,BATCH-GELEKI-20260923-V1
EP-GK-013-019,GK-013,PRODUCING,2026-01-25,2026-05-12,,,,0.0,2026-09-23T16:00:00Z,GENERATOR,gs://well-workover-intervention-data/landing/generator/2026/09/23/well_status_history.parquet,BATCH-GELEKI-20260923-V1
EP-GK-013-020,GK-013,UNDER_WORKOVER,2026-05-13,2026-05-14,WAX,True,WO-GK-013-020,356.9,2026-09-23T16:00:00Z,GENERATOR,gs://well-workover-intervention-data/landing/generator/2026/09/23/well_status_history.parquet,BATCH-GELEKI-20260923-V1
EP-GK-013-021,GK-013,PRODUCING,2026-05-15,2026-06-15,,,,0.0,2026-09-23T16:00:00Z,GENERATOR,gs://well-workover-intervention-data/landing/generator/2026/09/23/well_status_history.parquet,BATCH-GELEKI-20260923-V1
EP-GK-013-022,GK-013,UNDER_WORKOVER,2026-06-16,2026-06-16,WAX,True,WO-GK-013-022,237.9,2026-09-23T16:00:00Z,GENERATOR,gs://well-workover-intervention-data/landing/generator/2026/09/23/well_status_history.parquet,BATCH-GELEKI-20260923-V1
EP-GK-013-023,GK-013,PRODUCING,2026-06-17,2026-09-10,,,,0.0,2026-09-23T16:00:00Z,GENERATOR,gs://well-workover-intervention-data/landing/generator/2026/09/23/well_status_history.parquet,BATCH-GELEKI-20260923-V1
EP-GK-013-024,GK-013,WAITING_ON_RIG,2026-09-11,2026-09-23,ROD_PART,False,,1665.4,2026-09-23T16:00:00Z,GENERATOR,gs://well-workover-intervention-data/landing/generator/2026/09/23/well_status_history.parquet,BATCH-GELEKI-20260923-V1
EP-GK-013-025,GK-013,UNDER_WORKOVER,2026-09-24,2026-09-26,ROD_PART,False,WO-GK-013-025,475.8,2026-09-23T16:00:00Z,GENERATOR,gs://well-workover-intervention-data/landing/generator/2026/09/23/well_status_history.parquet,BATCH-GELEKI-20260923-V1
EP-GK-013-026,GK-013,PRODUCING,2026-09-27,,,,,0.0,2026-09-23T16:00:00Z,GENERATOR,gs://well-workover-intervention-data/landing/generator/2026/09/23/well_status_history.parquet,BATCH-GELEKI-20260923-V1
EP-GK-014-001,GK-014,PRODUCING,2023-10-01,2023-11-22,,,,0.0,2026-09-23T16:00:00Z,GENERATOR,gs://well-workover-intervention-data/landing/generator/2026/09/23/well_status_history.parquet,BATCH-GELEKI-20260923-V1
EP-GK-014-002,GK-014,WAITING_ON_RIG,2023-11-23,2023-11-27,GL_LOADING,False,,590.9,2026-09-23T16:00:00Z,GENERATOR,gs://well-workover-intervention-data/landing/generator/2026/09/23/well_status_history.parquet,BATCH-GELEKI-20260923-V1
EP-GK-014-003,GK-014,UNDER_WORKOVER,2023-11-28,2023-11-28,GL_LOADING,False,WO-GK-014-003,197.0,2026-09-23T16:00:00Z,GENERATOR,gs://well-workover-intervention-data/landing/generator/2026/09/23/well_status_history.parquet,BATCH-GELEKI-20260923-V1
EP-GK-014-004,GK-014,PRODUCING,2023-11-29,2024-05-16,,,,0.0,2026-09-23T16:00:00Z,GENERATOR,gs://well-workover-intervention-data/landing/generator/2026/09/23/well_status_history.parquet,BATCH-GELEKI-20260923-V1
EP-GK-014-005,GK-014,WAITING_ON_RIG,2024-05-17,2024-06-04,WAX,False,,1969.5,2026-09-23T16:00:00Z,GENERATOR,gs://well-workover-intervention-data/landing/generator/2026/09/23/well_status_history.parquet,BATCH-GELEKI-20260923-V1
EP-GK-014-006,GK-014,UNDER_WORKOVER,2024-06-05,2024-06-10,WAX,False,WO-GK-014-006,689.3,2026-09-23T16:00:00Z,GENERATOR,gs://well-workover-intervention-data/landing/generator/2026/09/23/well_status_history.parquet,BATCH-GELEKI-20260923-V1
EP-GK-014-007,GK-014,PRODUCING,2024-06-11,2024-11-24,,,,0.0,2026-09-23T16:00:00Z,GENERATOR,gs://well-workover-intervention-data/landing/generator/2026/09/23/well_status_history.parquet,BATCH-GELEKI-20260923-V1
EP-GK-014-008,GK-014,WAITING_ON_RIG,2024-11-25,2024-12-15,GL_INJ_ANOMALY,False,,2166.5,2026-09-23T16:00:00Z,GENERATOR,gs://well-workover-intervention-data/landing/generator/2026/09/23/well_status_history.parquet,BATCH-GELEKI-20260923-V1
EP-GK-014-009,GK-014,UNDER_WORKOVER,2024-12-16,2024-12-21,GL_INJ_ANOMALY,False,WO-GK-014-009,689.3,2026-09-23T16:00:00Z,GENERATOR,gs://well-workover-intervention-data/landing/generator/2026/09/23/well_status_history.parquet,BATCH-GELEKI-20260923-V1
EP-GK-014-010,GK-014,PRODUCING,2024-12-22,2025-03-16,,,,0.0,2026-09-23T16:00:00Z,GENERATOR,gs://well-workover-intervention-data/landing/generator/2026/09/23/well_status_history.parquet,BATCH-GELEKI-20260923-V1
EP-GK-014-011,GK-014,WAITING_ON_RIG,2025-03-17,2025-04-16,SAND,False,,3151.2,2026-09-23T16:00:00Z,GENERATOR,gs://well-workover-intervention-data/landing/generator/2026/09/23/well_status_history.parquet,BATCH-GELEKI-20260923-V1
EP-GK-014-012,GK-014,UNDER_WORKOVER,2025-04-17,2025-04-26,SAND,False,WO-GK-014-012,1083.2,2026-09-23T16:00:00Z,GENERATOR,gs://well-workover-intervention-data/landing/generator/2026/09/23/well_status_history.parquet,BATCH-GELEKI-20260923-V1
EP-GK-014-013,GK-014,PRODUCING,2025-04-27,2025-08-21,,,,0.0,2026-09-23T16:00:00Z,GENERATOR,gs://well-workover-intervention-data/landing/generator/2026/09/23/well_status_history.parquet,BATCH-GELEKI-20260923-V1
EP-GK-014-014,GK-014,WAITING_ON_RIG,2025-08-22,2025-09-11,GL_INJ_ANOMALY,False,,2166.5,2026-09-23T16:00:00Z,GENERATOR,gs://well-workover-intervention-data/landing/generator/2026/09/23/well_status_history.parquet,BATCH-GELEKI-20260923-V1
EP-GK-014-015,GK-014,UNDER_WORKOVER,2025-09-12,2025-09-17,GL_INJ_ANOMALY,False,WO-GK-014-015,689.3,2026-09-23T16:00:00Z,GENERATOR,gs://well-workover-intervention-data/landing/generator/2026/09/23/well_status_history.parquet,BATCH-GELEKI-20260923-V1
EP-GK-014-016,GK-014,PRODUCING,2025-09-18,2026-04-03,,,,0.0,2026-09-23T16:00:00Z,GENERATOR,gs://well-workover-intervention-data/landing/generator/2026/09/23/well_status_history.parquet,BATCH-GELEKI-20260923-V1
EP-GK-014-017,GK-014,WAITING_ON_RIG,2026-04-04,2026-05-08,GL_INJ_ANOMALY,False,,3545.2,2026-09-23T16:00:00Z,GENERATOR,gs://well-workover-intervention-data/landing/generator/2026/09/23/well_status_history.parquet,BATCH-GELEKI-20260923-V1
EP-GK-014-018,GK-014,UNDER_WORKOVER,2026-05-09,2026-05-19,GL_INJ_ANOMALY,False,WO-GK-014-018,1181.7,2026-09-23T16:00:00Z,GENERATOR,gs://well-workover-intervention-data/landing/generator/2026/09/23/well_status_history.parquet,BATCH-GELEKI-20260923-V1
EP-GK-014-019,GK-014,PRODUCING,2026-05-20,2026-09-23,,,,0.0,2026-09-23T16:00:00Z,GENERATOR,gs://well-workover-intervention-data/landing/generator/2026/09/23/well_status_history.parquet,BATCH-GELEKI-20260923-V1
EP-GK-014-020,GK-014,WAITING_ON_RIG,2026-09-24,,SAND,False,,0.0,2026-09-23T16:00:00Z,GENERATOR,gs://well-workover-intervention-data/landing/generator/2026/09/23/well_status_history.parquet,BATCH-GELEKI-20260923-V1
EP-GK-015-001,GK-015,PRODUCING,2023-10-01,2024-05-14,,,,0.0,2026-09-23T16:00:00Z,GENERATOR,gs://well-workover-intervention-data/landing/generator/2026/09/23/well_status_history.parquet,BATCH-GELEKI-20260923-V1
EP-GK-015-002,GK-015,WAITING_ON_RIG,2024-05-15,2024-05-28,ROD_PART,False,,624.0,2026-09-23T16:00:00Z,GENERATOR,gs://well-workover-intervention-data/landing/generator/2026/09/23/well_status_history.parquet,BATCH-GELEKI-20260923-V1
EP-GK-015-003,GK-015,UNDER_WORKOVER,2024-05-29,2024-06-01,ROD_PART,False,WO-GK-015-003,208.0,2026-09-23T16:00:00Z,GENERATOR,gs://well-workover-intervention-data/landing/generator/2026/09/23/well_status_history.parquet,BATCH-GELEKI-20260923-V1
EP-GK-015-004,GK-015,PRODUCING,2024-06-02,2025-01-13,,,,0.0,2026-09-23T16:00:00Z,GENERATOR,gs://well-workover-intervention-data/landing/generator/2026/09/23/well_status_history.parquet,BATCH-GELEKI-20260923-V1
EP-GK-015-005,GK-015,WAITING_ON_RIG,2025-01-14,2025-01-26,TUBING_LEAK,False,,582.4,2026-09-23T16:00:00Z,GENERATOR,gs://well-workover-intervention-data/landing/generator/2026/09/23/well_status_history.parquet,BATCH-GELEKI-20260923-V1
EP-GK-015-006,GK-015,UNDER_WORKOVER,2025-01-27,2025-01-30,TUBING_LEAK,False,WO-GK-015-006,208.0,2026-09-23T16:00:00Z,GENERATOR,gs://well-workover-intervention-data/landing/generator/2026/09/23/well_status_history.parquet,BATCH-GELEKI-20260923-V1
EP-GK-015-007,GK-015,PRODUCING,2025-01-31,2025-07-10,,,,0.0,2026-09-23T16:00:00Z,GENERATOR,gs://well-workover-intervention-data/landing/generator/2026/09/23/well_status_history.parquet,BATCH-GELEKI-20260923-V1
EP-GK-015-008,GK-015,WAITING_ON_RIG,2025-07-11,2025-08-05,PUMP_WEAR,False,,1123.2,2026-09-23T16:00:00Z,GENERATOR,gs://well-workover-intervention-data/landing/generator/2026/09/23/well_status_history.parquet,BATCH-GELEKI-20260923-V1
EP-GK-015-009,GK-015,UNDER_WORKOVER,2025-08-06,2025-08-13,PUMP_WEAR,False,WO-GK-015-009,374.4,2026-09-23T16:00:00Z,GENERATOR,gs://well-workover-intervention-data/landing/generator/2026/09/23/well_status_history.parquet,BATCH-GELEKI-20260923-V1
EP-GK-015-010,GK-015,PRODUCING,2025-08-14,2026-02-20,,,,0.0,2026-09-23T16:00:00Z,GENERATOR,gs://well-workover-intervention-data/landing/generator/2026/09/23/well_status_history.parquet,BATCH-GELEKI-20260923-V1
EP-GK-015-011,GK-015,WAITING_ON_RIG,2026-02-21,2026-03-31,PUMP_WEAR,False,,1664.0,2026-09-23T16:00:00Z,GENERATOR,gs://well-workover-intervention-data/landing/generator/2026/09/23/well_status_history.parquet,BATCH-GELEKI-20260923-V1
EP-GK-015-012,GK-015,UNDER_WORKOVER,2026-04-01,2026-04-12,PUMP_WEAR,False,WO-GK-015-012,540.8,2026-09-23T16:00:00Z,GENERATOR,gs://well-workover-intervention-data/landing/generator/2026/09/23/well_status_history.parquet,BATCH-GELEKI-20260923-V1
EP-GK-015-013,GK-015,PRODUCING,2026-04-13,,,,,0.0,2026-09-23T16:00:00Z,GENERATOR,gs://well-workover-intervention-data/landing/generator/2026/09/23/well_status_history.parquet,BATCH-GELEKI-20260923-V1
EP-GK-016-001,GK-016,PRODUCING,2023-10-01,2023-12-12,,,,0.0,2026-09-23T16:00:00Z,GENERATOR,gs://well-workover-intervention-data/landing/generator/2026/09/23/well_status_history.parquet,BATCH-GELEKI-20260923-V1
EP-GK-016-002,GK-016,WAITING_ON_RIG,2023-12-13,2024-01-08,GL_INJ_ANOMALY,False,,2630.1,2026-09-23T16:00:00Z,GENERATOR,gs://well-workover-intervention-data/landing/generator/2026/09/23/well_status_history.parquet,BATCH-GELEKI-20260923-V1
EP-GK-016-003,GK-016,UNDER_WORKOVER,2024-01-09,2024-01-17,GL_INJ_ANOMALY,False,WO-GK-016-003,939.3,2026-09-23T16:00:00Z,GENERATOR,gs://well-workover-intervention-data/landing/generator/2026/09/23/well_status_history.parquet,BATCH-GELEKI-20260923-V1
EP-GK-016-004,GK-016,PRODUCING,2024-01-18,2024-05-19,,,,0.0,2026-09-23T16:00:00Z,GENERATOR,gs://well-workover-intervention-data/landing/generator/2026/09/23/well_status_history.parquet,BATCH-GELEKI-20260923-V1
EP-GK-016-005,GK-016,WAITING_ON_RIG,2024-05-20,2024-05-25,GL_LOADING,False,,657.5,2026-09-23T16:00:00Z,GENERATOR,gs://well-workover-intervention-data/landing/generator/2026/09/23/well_status_history.parquet,BATCH-GELEKI-20260923-V1
EP-GK-016-006,GK-016,UNDER_WORKOVER,2024-05-26,2024-05-26,GL_LOADING,False,WO-GK-016-006,187.9,2026-09-23T16:00:00Z,GENERATOR,gs://well-workover-intervention-data/landing/generator/2026/09/23/well_status_history.parquet,BATCH-GELEKI-20260923-V1
EP-GK-016-007,GK-016,PRODUCING,2024-05-27,2024-10-25,,,,0.0,2026-09-23T16:00:00Z,GENERATOR,gs://well-workover-intervention-data/landing/generator/2026/09/23/well_status_history.parquet,BATCH-GELEKI-20260923-V1
EP-GK-016-008,GK-016,UNDER_WORKOVER,2024-10-26,2024-10-27,WAX,True,WO-GK-016-008,281.8,2026-09-23T16:00:00Z,GENERATOR,gs://well-workover-intervention-data/landing/generator/2026/09/23/well_status_history.parquet,BATCH-GELEKI-20260923-V1
EP-GK-016-009,GK-016,PRODUCING,2024-10-28,2025-04-16,,,,0.0,2026-09-23T16:00:00Z,GENERATOR,gs://well-workover-intervention-data/landing/generator/2026/09/23/well_status_history.parquet,BATCH-GELEKI-20260923-V1
EP-GK-016-010,GK-016,WAITING_ON_RIG,2025-04-17,2025-04-28,WAX,False,,1221.1,2026-09-23T16:00:00Z,GENERATOR,gs://well-workover-intervention-data/landing/generator/2026/09/23/well_status_history.parquet,BATCH-GELEKI-20260923-V1
EP-GK-016-011,GK-016,UNDER_WORKOVER,2025-04-29,2025-05-01,WAX,False,WO-GK-016-011,375.7,2026-09-23T16:00:00Z,GENERATOR,gs://well-workover-intervention-data/landing/generator/2026/09/23/well_status_history.parquet,BATCH-GELEKI-20260923-V1
EP-GK-016-012,GK-016,PRODUCING,2025-05-02,2025-10-12,,,,0.0,2026-09-23T16:00:00Z,GENERATOR,gs://well-workover-intervention-data/landing/generator/2026/09/23/well_status_history.parquet,BATCH-GELEKI-20260923-V1
EP-GK-016-013,GK-016,WAITING_ON_RIG,2025-10-13,2026-03-14,TUBING_LEAK,False,,14465.7,2026-09-23T16:00:00Z,GENERATOR,gs://well-workover-intervention-data/landing/generator/2026/09/23/well_status_history.parquet,BATCH-GELEKI-20260923-V1
EP-GK-016-014,GK-016,UNDER_WORKOVER,2026-03-15,2026-05-03,TUBING_LEAK,False,WO-GK-016-014,4790.6,2026-09-23T16:00:00Z,GENERATOR,gs://well-workover-intervention-data/landing/generator/2026/09/23/well_status_history.parquet,BATCH-GELEKI-20260923-V1
EP-GK-016-015,GK-016,PRODUCING,2026-05-04,,,,,0.0,2026-09-23T16:00:00Z,GENERATOR,gs://well-workover-intervention-data/landing/generator/2026/09/23/well_status_history.parquet,BATCH-GELEKI-20260923-V1
EP-GK-017-001,GK-017,PRODUCING,2023-10-01,2024-01-07,,,,0.0,2026-09-23T16:00:00Z,GENERATOR,gs://well-workover-intervention-data/landing/generator/2026/09/23/well_status_history.parquet,BATCH-GELEKI-20260923-V1
EP-GK-017-002,GK-017,UNDER_WORKOVER,2024-01-08,2024-01-09,SURFACE,True,WO-GK-017-002,89.6,2026-09-23T16:00:00Z,GENERATOR,gs://well-workover-intervention-data/landing/generator/2026/09/23/well_status_history.parquet,BATCH-GELEKI-20260923-V1
EP-GK-017-003,GK-017,PRODUCING,2024-01-10,2024-04-05,,,,0.0,2026-09-23T16:00:00Z,GENERATOR,gs://well-workover-intervention-data/landing/generator/2026/09/23/well_status_history.parquet,BATCH-GELEKI-20260923-V1
EP-GK-017-004,GK-017,WAITING_ON_RIG,2024-04-06,2024-05-10,ROD_PART,False,,1074.8,2026-09-23T16:00:00Z,GENERATOR,gs://well-workover-intervention-data/landing/generator/2026/09/23/well_status_history.parquet,BATCH-GELEKI-20260923-V1
EP-GK-017-005,GK-017,UNDER_WORKOVER,2024-05-11,2024-05-21,ROD_PART,False,WO-GK-017-005,358.3,2026-09-23T16:00:00Z,GENERATOR,gs://well-workover-intervention-data/landing/generator/2026/09/23/well_status_history.parquet,BATCH-GELEKI-20260923-V1
EP-GK-017-006,GK-017,PRODUCING,2024-05-22,2025-01-12,,,,0.0,2026-09-23T16:00:00Z,GENERATOR,gs://well-workover-intervention-data/landing/generator/2026/09/23/well_status_history.parquet,BATCH-GELEKI-20260923-V1
EP-GK-017-007,GK-017,WAITING_ON_RIG,2025-01-13,2025-01-21,SUDDEN_MECH,False,,298.6,2026-09-23T16:00:00Z,GENERATOR,gs://well-workover-intervention-data/landing/generator/2026/09/23/well_status_history.parquet,BATCH-GELEKI-20260923-V1
EP-GK-017-008,GK-017,UNDER_WORKOVER,2025-01-22,2025-01-24,SUDDEN_MECH,False,WO-GK-017-008,119.4,2026-09-23T16:00:00Z,GENERATOR,gs://well-workover-intervention-data/landing/generator/2026/09/23/well_status_history.parquet,BATCH-GELEKI-20260923-V1
EP-GK-017-009,GK-017,PRODUCING,2025-01-25,2025-07-24,,,,0.0,2026-09-23T16:00:00Z,GENERATOR,gs://well-workover-intervention-data/landing/generator/2026/09/23/well_status_history.parquet,BATCH-GELEKI-20260923-V1
EP-GK-017-010,GK-017,UNDER_WORKOVER,2025-07-25,2025-07-25,SURFACE,True,WO-GK-017-010,59.7,2026-09-23T16:00:00Z,GENERATOR,gs://well-workover-intervention-data/landing/generator/2026/09/23/well_status_history.parquet,BATCH-GELEKI-20260923-V1
EP-GK-017-011,GK-017,PRODUCING,2025-07-26,2025-12-21,,,,0.0,2026-09-23T16:00:00Z,GENERATOR,gs://well-workover-intervention-data/landing/generator/2026/09/23/well_status_history.parquet,BATCH-GELEKI-20260923-V1
EP-GK-017-012,GK-017,WAITING_ON_RIG,2025-12-22,2026-01-02,PUMP_WEAR,False,,388.1,2026-09-23T16:00:00Z,GENERATOR,gs://well-workover-intervention-data/landing/generator/2026/09/23/well_status_history.parquet,BATCH-GELEKI-20260923-V1
EP-GK-017-013,GK-017,UNDER_WORKOVER,2026-01-03,2026-01-05,PUMP_WEAR,False,WO-GK-017-013,119.4,2026-09-23T16:00:00Z,GENERATOR,gs://well-workover-intervention-data/landing/generator/2026/09/23/well_status_history.parquet,BATCH-GELEKI-20260923-V1
EP-GK-017-014,GK-017,PRODUCING,2026-01-06,2026-06-13,,,,0.0,2026-09-23T16:00:00Z,GENERATOR,gs://well-workover-intervention-data/landing/generator/2026/09/23/well_status_history.parquet,BATCH-GELEKI-20260923-V1
EP-GK-017-015,GK-017,UNDER_WORKOVER,2026-06-14,2026-06-14,SCALE,True,WO-GK-017-015,59.7,2026-09-23T16:00:00Z,GENERATOR,gs://well-workover-intervention-data/landing/generator/2026/09/23/well_status_history.parquet,BATCH-GELEKI-20260923-V1
EP-GK-017-016,GK-017,PRODUCING,2026-06-15,,,,,0.0,2026-09-23T16:00:00Z,GENERATOR,gs://well-workover-intervention-data/landing/generator/2026/09/23/well_status_history.parquet,BATCH-GELEKI-20260923-V1
EP-GK-018-001,GK-018,PRODUCING,2023-10-01,2023-11-11,,,,0.0,2026-09-23T16:00:00Z,GENERATOR,gs://well-workover-intervention-data/landing/generator/2026/09/23/well_status_history.parquet,BATCH-GELEKI-20260923-V1
EP-GK-018-002,GK-018,WAITING_ON_RIG,2023-11-12,2023-11-16,TUBING_LEAK,False,,249.6,2026-09-23T16:00:00Z,GENERATOR,gs://well-workover-intervention-data/landing/generator/2026/09/23/well_status_history.parquet,BATCH-GELEKI-20260923-V1
EP-GK-018-003,GK-018,UNDER_WORKOVER,2023-11-17,2023-11-17,TUBING_LEAK,False,WO-GK-018-003,83.2,2026-09-23T16:00:00Z,GENERATOR,gs://well-workover-intervention-data/landing/generator/2026/09/23/well_status_history.parquet,BATCH-GELEKI-20260923-V1
EP-GK-018-004,GK-018,PRODUCING,2023-11-18,2024-02-25,,,,0.0,2026-09-23T16:00:00Z,GENERATOR,gs://well-workover-intervention-data/landing/generator/2026/09/23/well_status_history.parquet,BATCH-GELEKI-20260923-V1
EP-GK-018-005,GK-018,WAITING_ON_RIG,2024-02-26,2024-04-22,ROD_PART,False,,2412.8,2026-09-23T16:00:00Z,GENERATOR,gs://well-workover-intervention-data/landing/generator/2026/09/23/well_status_history.parquet,BATCH-GELEKI-20260923-V1
EP-GK-018-006,GK-018,UNDER_WORKOVER,2024-04-23,2024-05-10,ROD_PART,False,WO-GK-018-006,790.4,2026-09-23T16:00:00Z,GENERATOR,gs://well-workover-intervention-data/landing/generator/2026/09/23/well_status_history.parquet,BATCH-GELEKI-20260923-V1
EP-GK-018-007,GK-018,PRODUCING,2024-05-11,2024-08-22,,,,0.0,2026-09-23T16:00:00Z,GENERATOR,gs://well-workover-intervention-data/landing/generator/2026/09/23/well_status_history.parquet,BATCH-GELEKI-20260923-V1
EP-GK-018-008,GK-018,UNDER_WORKOVER,2024-08-23,2024-08-24,WAX,True,WO-GK-018-008,124.8,2026-09-23T16:00:00Z,GENERATOR,gs://well-workover-intervention-data/landing/generator/2026/09/23/well_status_history.parquet,BATCH-GELEKI-20260923-V1
EP-GK-018-009,GK-018,PRODUCING,2024-08-25,2025-04-10,,,,0.0,2026-09-23T16:00:00Z,GENERATOR,gs://well-workover-intervention-data/landing/generator/2026/09/23/well_status_history.parquet,BATCH-GELEKI-20260923-V1
EP-GK-018-010,GK-018,WAITING_ON_RIG,2025-04-11,2025-04-25,WAX,False,,665.6,2026-09-23T16:00:00Z,GENERATOR,gs://well-workover-intervention-data/landing/generator/2026/09/23/well_status_history.parquet,BATCH-GELEKI-20260923-V1
EP-GK-018-011,GK-018,UNDER_WORKOVER,2025-04-26,2025-04-30,WAX,False,WO-GK-018-011,249.6,2026-09-23T16:00:00Z,GENERATOR,gs://well-workover-intervention-data/landing/generator/2026/09/23/well_status_history.parquet,BATCH-GELEKI-20260923-V1
EP-GK-018-012,GK-018,PRODUCING,2025-05-01,2025-12-16,,,,0.0,2026-09-23T16:00:00Z,GENERATOR,gs://well-workover-intervention-data/landing/generator/2026/09/23/well_status_history.parquet,BATCH-GELEKI-20260923-V1
EP-GK-018-013,GK-018,WAITING_ON_RIG,2025-12-17,2026-01-06,SAND,False,,915.2,2026-09-23T16:00:00Z,GENERATOR,gs://well-workover-intervention-data/landing/generator/2026/09/23/well_status_history.parquet,BATCH-GELEKI-20260923-V1
EP-GK-018-014,GK-018,UNDER_WORKOVER,2026-01-07,2026-01-12,SAND,False,WO-GK-018-014,291.2,2026-09-23T16:00:00Z,GENERATOR,gs://well-workover-intervention-data/landing/generator/2026/09/23/well_status_history.parquet,BATCH-GELEKI-20260923-V1
EP-GK-018-015,GK-018,PRODUCING,2026-01-13,,,,,0.0,2026-09-23T16:00:00Z,GENERATOR,gs://well-workover-intervention-data/landing/generator/2026/09/23/well_status_history.parquet,BATCH-GELEKI-20260923-V1
EP-GK-019-001,GK-019,PRODUCING,2023-10-01,2023-12-15,,,,0.0,2026-09-23T16:00:00Z,GENERATOR,gs://well-workover-intervention-data/landing/generator/2026/09/23/well_status_history.parquet,BATCH-GELEKI-20260923-V1
EP-GK-019-002,GK-019,WAITING_ON_RIG,2023-12-16,2024-04-30,ROD_PART,False,,12395.3,2026-09-23T16:00:00Z,GENERATOR,gs://well-workover-intervention-data/landing/generator/2026/09/23/well_status_history.parquet,BATCH-GELEKI-20260923-V1
EP-GK-019-003,GK-019,UNDER_WORKOVER,2024-05-01,2024-06-14,ROD_PART,False,WO-GK-019-003,4131.8,2026-09-23T16:00:00Z,GENERATOR,gs://well-workover-intervention-data/landing/generator/2026/09/23/well_status_history.parquet,BATCH-GELEKI-20260923-V1
EP-GK-019-004,GK-019,PRODUCING,2024-06-15,2024-11-22,,,,0.0,2026-09-23T16:00:00Z,GENERATOR,gs://well-workover-intervention-data/landing/generator/2026/09/23/well_status_history.parquet,BATCH-GELEKI-20260923-V1
EP-GK-019-005,GK-019,UNDER_WORKOVER,2024-11-23,2024-11-24,SURFACE,True,WO-GK-019-005,269.5,2026-09-23T16:00:00Z,GENERATOR,gs://well-workover-intervention-data/landing/generator/2026/09/23/well_status_history.parquet,BATCH-GELEKI-20260923-V1
EP-GK-019-006,GK-019,PRODUCING,2024-11-25,2025-05-20,,,,0.0,2026-09-23T16:00:00Z,GENERATOR,gs://well-workover-intervention-data/landing/generator/2026/09/23/well_status_history.parquet,BATCH-GELEKI-20260923-V1
EP-GK-019-007,GK-019,WAITING_ON_RIG,2025-05-21,2025-06-12,ROD_PART,False,,2155.7,2026-09-23T16:00:00Z,GENERATOR,gs://well-workover-intervention-data/landing/generator/2026/09/23/well_status_history.parquet,BATCH-GELEKI-20260923-V1
EP-GK-019-008,GK-019,UNDER_WORKOVER,2025-06-13,2025-06-19,ROD_PART,False,WO-GK-019-008,718.6,2026-09-23T16:00:00Z,GENERATOR,gs://well-workover-intervention-data/landing/generator/2026/09/23/well_status_history.parquet,BATCH-GELEKI-20260923-V1
EP-GK-019-009,GK-019,PRODUCING,2025-06-20,2025-09-06,,,,0.0,2026-09-23T16:00:00Z,GENERATOR,gs://well-workover-intervention-data/landing/generator/2026/09/23/well_status_history.parquet,BATCH-GELEKI-20260923-V1
EP-GK-019-010,GK-019,WAITING_ON_RIG,2025-09-07,2025-10-01,TUBING_LEAK,False,,2335.3,2026-09-23T16:00:00Z,GENERATOR,gs://well-workover-intervention-data/landing/generator/2026/09/23/well_status_history.parquet,BATCH-GELEKI-20260923-V1
EP-GK-019-011,GK-019,UNDER_WORKOVER,2025-10-02,2025-10-08,TUBING_LEAK,False,WO-GK-019-011,718.6,2026-09-23T16:00:00Z,GENERATOR,gs://well-workover-intervention-data/landing/generator/2026/09/23/well_status_history.parquet,BATCH-GELEKI-20260923-V1
EP-GK-019-012,GK-019,PRODUCING,2025-10-09,2025-12-02,,,,0.0,2026-09-23T16:00:00Z,GENERATOR,gs://well-workover-intervention-data/landing/generator/2026/09/23/well_status_history.parquet,BATCH-GELEKI-20260923-V1
EP-GK-019-013,GK-019,WAITING_ON_RIG,2025-12-03,2026-02-21,TUBING_LEAK,False,,7365.3,2026-09-23T16:00:00Z,GENERATOR,gs://well-workover-intervention-data/landing/generator/2026/09/23/well_status_history.parquet,BATCH-GELEKI-20260923-V1
EP-GK-019-014,GK-019,UNDER_WORKOVER,2026-02-22,2026-03-20,TUBING_LEAK,False,WO-GK-019-014,2515.0,2026-09-23T16:00:00Z,GENERATOR,gs://well-workover-intervention-data/landing/generator/2026/09/23/well_status_history.parquet,BATCH-GELEKI-20260923-V1
EP-GK-019-015,GK-019,PRODUCING,2026-03-21,,,,,0.0,2026-09-23T16:00:00Z,GENERATOR,gs://well-workover-intervention-data/landing/generator/2026/09/23/well_status_history.parquet,BATCH-GELEKI-20260923-V1
EP-GK-020-001,GK-020,PRODUCING,2023-10-01,2024-06-24,,,,0.0,2026-09-23T16:00:00Z,GENERATOR,gs://well-workover-intervention-data/landing/generator/2026/09/23/well_status_history.parquet,BATCH-GELEKI-20260923-V1
EP-GK-020-002,GK-020,WAITING_ON_RIG,2024-06-25,2024-09-29,SAND,False,,2959.5,2026-09-23T16:00:00Z,GENERATOR,gs://well-workover-intervention-data/landing/generator/2026/09/23/well_status_history.parquet,BATCH-GELEKI-20260923-V1
EP-GK-020-003,GK-020,UNDER_WORKOVER,2024-09-30,2024-10-31,SAND,False,WO-GK-020-003,996.6,2026-09-23T16:00:00Z,GENERATOR,gs://well-workover-intervention-data/landing/generator/2026/09/23/well_status_history.parquet,BATCH-GELEKI-20260923-V1
EP-GK-020-004,GK-020,PRODUCING,2024-11-01,2025-09-17,,,,0.0,2026-09-23T16:00:00Z,GENERATOR,gs://well-workover-intervention-data/landing/generator/2026/09/23/well_status_history.parquet,BATCH-GELEKI-20260923-V1
EP-GK-020-005,GK-020,WAITING_ON_RIG,2025-09-18,2025-10-19,SAND,False,,996.6,2026-09-23T16:00:00Z,GENERATOR,gs://well-workover-intervention-data/landing/generator/2026/09/23/well_status_history.parquet,BATCH-GELEKI-20260923-V1
EP-GK-020-006,GK-020,UNDER_WORKOVER,2025-10-20,2025-10-29,SAND,False,WO-GK-020-006,332.2,2026-09-23T16:00:00Z,GENERATOR,gs://well-workover-intervention-data/landing/generator/2026/09/23/well_status_history.parquet,BATCH-GELEKI-20260923-V1
EP-GK-020-007,GK-020,PRODUCING,2025-10-30,2026-08-17,,,,0.0,2026-09-23T16:00:00Z,GENERATOR,gs://well-workover-intervention-data/landing/generator/2026/09/23/well_status_history.parquet,BATCH-GELEKI-20260923-V1
EP-GK-020-008,GK-020,UNDER_WORKOVER,2026-08-18,2026-08-18,SCALE,True,WO-GK-020-008,60.4,2026-09-23T16:00:00Z,GENERATOR,gs://well-workover-intervention-data/landing/generator/2026/09/23/well_status_history.parquet,BATCH-GELEKI-20260923-V1
EP-GK-020-009,GK-020,PRODUCING,2026-08-19,,,,,0.0,2026-09-23T16:00:00Z,GENERATOR,gs://well-workover-intervention-data/landing/generator/2026/09/23/well_status_history.parquet,BATCH-GELEKI-20260923-V1
EP-GK-021-001,GK-021,PRODUCING,2023-10-01,2024-01-22,,,,0.0,2026-09-23T16:00:00Z,GENERATOR,gs://well-workover-intervention-data/landing/generator/2026/09/23/well_status_history.parquet,BATCH-GELEKI-20260923-V1
EP-GK-021-002,GK-021,WAITING_ON_RIG,2024-01-23,2024-06-12,TUBING_LEAK,False,,16662.0,2026-09-23T16:00:00Z,GENERATOR,gs://well-workover-intervention-data/landing/generator/2026/09/23/well_status_history.parquet,BATCH-GELEKI-20260923-V1
EP-GK-021-003,GK-021,UNDER_WORKOVER,2024-06-13,2024-07-29,TUBING_LEAK,False,WO-GK-021-003,5592.8,2026-09-23T16:00:00Z,GENERATOR,gs://well-workover-intervention-data/landing/generator/2026/09/23/well_status_history.parquet,BATCH-GELEKI-20260923-V1
EP-GK-021-004,GK-021,PRODUCING,2024-07-30,2025-02-03,,,,0.0,2026-09-23T16:00:00Z,GENERATOR,gs://well-workover-intervention-data/landing/generator/2026/09/23/well_status_history.parquet,BATCH-GELEKI-20260923-V1
EP-GK-021-005,GK-021,WAITING_ON_RIG,2025-02-04,2025-02-08,SAND,False,,699.1,2026-09-23T16:00:00Z,GENERATOR,gs://well-workover-intervention-data/landing/generator/2026/09/23/well_status_history.parquet,BATCH-GELEKI-20260923-V1
EP-GK-021-006,GK-021,UNDER_WORKOVER,2025-02-09,2025-02-09,SAND,False,WO-GK-021-006,233.0,2026-09-23T16:00:00Z,GENERATOR,gs://well-workover-intervention-data/landing/generator/2026/09/23/well_status_history.parquet,BATCH-GELEKI-20260923-V1
EP-GK-021-007,GK-021,PRODUCING,2025-02-10,2025-05-16,,,,0.0,2026-09-23T16:00:00Z,GENERATOR,gs://well-workover-intervention-data/landing/generator/2026/09/23/well_status_history.parquet,BATCH-GELEKI-20260923-V1
EP-GK-021-008,GK-021,WAITING_ON_RIG,2025-05-17,2025-06-06,TUBING_LEAK,False,,2563.4,2026-09-23T16:00:00Z,GENERATOR,gs://well-workover-intervention-data/landing/generator/2026/09/23/well_status_history.parquet,BATCH-GELEKI-20260923-V1
EP-GK-021-009,GK-021,UNDER_WORKOVER,2025-06-07,2025-06-12,TUBING_LEAK,False,WO-GK-021-009,815.6,2026-09-23T16:00:00Z,GENERATOR,gs://well-workover-intervention-data/landing/generator/2026/09/23/well_status_history.parquet,BATCH-GELEKI-20260923-V1
EP-GK-021-010,GK-021,PRODUCING,2025-06-13,2025-11-25,,,,0.0,2026-09-23T16:00:00Z,GENERATOR,gs://well-workover-intervention-data/landing/generator/2026/09/23/well_status_history.parquet,BATCH-GELEKI-20260923-V1
EP-GK-021-011,GK-021,WAITING_ON_RIG,2025-11-26,2025-12-13,PUMP_WEAR,False,,2213.8,2026-09-23T16:00:00Z,GENERATOR,gs://well-workover-intervention-data/landing/generator/2026/09/23/well_status_history.parquet,BATCH-GELEKI-20260923-V1
EP-GK-021-012,GK-021,UNDER_WORKOVER,2025-12-14,2025-12-18,PUMP_WEAR,False,WO-GK-021-012,699.1,2026-09-23T16:00:00Z,GENERATOR,gs://well-workover-intervention-data/landing/generator/2026/09/23/well_status_history.parquet,BATCH-GELEKI-20260923-V1
EP-GK-021-013,GK-021,PRODUCING,2025-12-19,2026-05-04,,,,0.0,2026-09-23T16:00:00Z,GENERATOR,gs://well-workover-intervention-data/landing/generator/2026/09/23/well_status_history.parquet,BATCH-GELEKI-20260923-V1
EP-GK-021-014,GK-021,UNDER_WORKOVER,2026-05-05,2026-05-05,WAX,True,WO-GK-021-014,233.0,2026-09-23T16:00:00Z,GENERATOR,gs://well-workover-intervention-data/landing/generator/2026/09/23/well_status_history.parquet,BATCH-GELEKI-20260923-V1
EP-GK-021-015,GK-021,PRODUCING,2026-05-06,,,,,0.0,2026-09-23T16:00:00Z,GENERATOR,gs://well-workover-intervention-data/landing/generator/2026/09/23/well_status_history.parquet,BATCH-GELEKI-20260923-V1
EP-GK-022-001,GK-022,PRODUCING,2023-10-01,2023-11-20,,,,0.0,2026-09-23T16:00:00Z,GENERATOR,gs://well-workover-intervention-data/landing/generator/2026/09/23/well_status_history.parquet,BATCH-GELEKI-20260923-V1
EP-GK-022-002,GK-022,WAITING_ON_RIG,2023-11-21,2023-11-25,SAND,False,,688.1,2026-09-23T16:00:00Z,GENERATOR,gs://well-workover-intervention-data/landing/generator/2026/09/23/well_status_history.parquet,BATCH-GELEKI-20260923-V1
EP-GK-022-003,GK-022,UNDER_WORKOVER,2023-11-26,2023-11-26,SAND,False,WO-GK-022-003,229.4,2026-09-23T16:00:00Z,GENERATOR,gs://well-workover-intervention-data/landing/generator/2026/09/23/well_status_history.parquet,BATCH-GELEKI-20260923-V1
EP-GK-022-004,GK-022,PRODUCING,2023-11-27,2024-02-17,,,,0.0,2026-09-23T16:00:00Z,GENERATOR,gs://well-workover-intervention-data/landing/generator/2026/09/23/well_status_history.parquet,BATCH-GELEKI-20260923-V1
EP-GK-022-005,GK-022,WAITING_ON_RIG,2024-02-18,2024-04-17,ROD_PART,False,,6995.5,2026-09-23T16:00:00Z,GENERATOR,gs://well-workover-intervention-data/landing/generator/2026/09/23/well_status_history.parquet,BATCH-GELEKI-20260923-V1
EP-GK-022-006,GK-022,UNDER_WORKOVER,2024-04-18,2024-05-06,ROD_PART,False,WO-GK-022-006,2293.6,2026-09-23T16:00:00Z,GENERATOR,gs://well-workover-intervention-data/landing/generator/2026/09/23/well_status_history.parquet,BATCH-GELEKI-20260923-V1
EP-GK-022-007,GK-022,PRODUCING,2024-05-07,2024-08-12,,,,0.0,2026-09-23T16:00:00Z,GENERATOR,gs://well-workover-intervention-data/landing/generator/2026/09/23/well_status_history.parquet,BATCH-GELEKI-20260923-V1
EP-GK-022-008,GK-022,WAITING_ON_RIG,2024-08-13,2024-09-24,PUMP_WEAR,False,,5045.9,2026-09-23T16:00:00Z,GENERATOR,gs://well-workover-intervention-data/landing/generator/2026/09/23/well_status_history.parquet,BATCH-GELEKI-20260923-V1
EP-GK-022-009,GK-022,UNDER_WORKOVER,2024-09-25,2024-10-07,PUMP_WEAR,False,WO-GK-022-009,1605.5,2026-09-23T16:00:00Z,GENERATOR,gs://well-workover-intervention-data/landing/generator/2026/09/23/well_status_history.parquet,BATCH-GELEKI-20260923-V1
EP-GK-022-010,GK-022,PRODUCING,2024-10-08,2025-03-13,,,,0.0,2026-09-23T16:00:00Z,GENERATOR,gs://well-workover-intervention-data/landing/generator/2026/09/23/well_status_history.parquet,BATCH-GELEKI-20260923-V1
EP-GK-022-011,GK-022,WAITING_ON_RIG,2025-03-14,2025-03-20,PUMP_WEAR,False,,917.4,2026-09-23T16:00:00Z,GENERATOR,gs://well-workover-intervention-data/landing/generator/2026/09/23/well_status_history.parquet,BATCH-GELEKI-20260923-V1
EP-GK-022-012,GK-022,UNDER_WORKOVER,2025-03-21,2025-03-21,PUMP_WEAR,False,WO-GK-022-012,229.4,2026-09-23T16:00:00Z,GENERATOR,gs://well-workover-intervention-data/landing/generator/2026/09/23/well_status_history.parquet,BATCH-GELEKI-20260923-V1
EP-GK-022-013,GK-022,PRODUCING,2025-03-22,2025-08-01,,,,0.0,2026-09-23T16:00:00Z,GENERATOR,gs://well-workover-intervention-data/landing/generator/2026/09/23/well_status_history.parquet,BATCH-GELEKI-20260923-V1
EP-GK-022-014,GK-022,WAITING_ON_RIG,2025-08-02,2025-08-28,ROD_PART,False,,3211.0,2026-09-23T16:00:00Z,GENERATOR,gs://well-workover-intervention-data/landing/generator/2026/09/23/well_status_history.parquet,BATCH-GELEKI-20260923-V1
EP-GK-022-015,GK-022,UNDER_WORKOVER,2025-08-29,2025-09-05,ROD_PART,False,WO-GK-022-015,1032.1,2026-09-23T16:00:00Z,GENERATOR,gs://well-workover-intervention-data/landing/generator/2026/09/23/well_status_history.parquet,BATCH-GELEKI-20260923-V1
EP-GK-022-016,GK-022,PRODUCING,2025-09-06,2026-03-10,,,,0.0,2026-09-23T16:00:00Z,GENERATOR,gs://well-workover-intervention-data/landing/generator/2026/09/23/well_status_history.parquet,BATCH-GELEKI-20260923-V1
EP-GK-022-017,GK-022,WAITING_ON_RIG,2026-03-11,2026-04-25,ROD_PART,False,,5389.9,2026-09-23T16:00:00Z,GENERATOR,gs://well-workover-intervention-data/landing/generator/2026/09/23/well_status_history.parquet,BATCH-GELEKI-20260923-V1
EP-GK-022-018,GK-022,UNDER_WORKOVER,2026-04-26,2026-05-10,ROD_PART,False,WO-GK-022-018,1834.9,2026-09-23T16:00:00Z,GENERATOR,gs://well-workover-intervention-data/landing/generator/2026/09/23/well_status_history.parquet,BATCH-GELEKI-20260923-V1
EP-GK-022-019,GK-022,PRODUCING,2026-05-11,,,,,0.0,2026-09-23T16:00:00Z,GENERATOR,gs://well-workover-intervention-data/landing/generator/2026/09/23/well_status_history.parquet,BATCH-GELEKI-20260923-V1
EP-GK-023-001,GK-023,PRODUCING,2023-10-01,2023-10-24,,,,0.0,2026-09-23T16:00:00Z,GENERATOR,gs://well-workover-intervention-data/landing/generator/2026/09/23/well_status_history.parquet,BATCH-GELEKI-20260923-V1
EP-GK-023-002,GK-023,WAITING_ON_RIG,2023-10-25,2023-10-29,ROD_PART,False,,654.1,2026-09-23T16:00:00Z,GENERATOR,gs://well-workover-intervention-data/landing/generator/2026/09/23/well_status_history.parquet,BATCH-GELEKI-20260923-V1
EP-GK-023-003,GK-023,UNDER_WORKOVER,2023-10-30,2023-10-30,ROD_PART,False,WO-GK-023-003,218.0,2026-09-23T16:00:00Z,GENERATOR,gs://well-workover-intervention-data/landing/generator/2026/09/23/well_status_history.parquet,BATCH-GELEKI-20260923-V1
EP-GK-023-004,GK-023,PRODUCING,2023-10-31,2024-04-24,,,,0.0,2026-09-23T16:00:00Z,GENERATOR,gs://well-workover-intervention-data/landing/generator/2026/09/23/well_status_history.parquet,BATCH-GELEKI-20260923-V1
EP-GK-023-005,GK-023,WAITING_ON_RIG,2024-04-25,2024-05-06,SUDDEN_MECH,False,,1417.2,2026-09-23T16:00:00Z,GENERATOR,gs://well-workover-intervention-data/landing/generator/2026/09/23/well_status_history.parquet,BATCH-GELEKI-20260923-V1
EP-GK-023-006,GK-023,UNDER_WORKOVER,2024-05-07,2024-05-09,SUDDEN_MECH,False,WO-GK-023-006,436.1,2026-09-23T16:00:00Z,GENERATOR,gs://well-workover-intervention-data/landing/generator/2026/09/23/well_status_history.parquet,BATCH-GELEKI-20260923-V1
EP-GK-023-007,GK-023,PRODUCING,2024-05-10,2024-08-13,,,,0.0,2026-09-23T16:00:00Z,GENERATOR,gs://well-workover-intervention-data/landing/generator/2026/09/23/well_status_history.parquet,BATCH-GELEKI-20260923-V1
EP-GK-023-008,GK-023,WAITING_ON_RIG,2024-08-14,2024-09-30,ROD_PART,False,,5341.8,2026-09-23T16:00:00Z,GENERATOR,gs://well-workover-intervention-data/landing/generator/2026/09/23/well_status_history.parquet,BATCH-GELEKI-20260923-V1
EP-GK-023-009,GK-023,UNDER_WORKOVER,2024-10-01,2024-10-15,ROD_PART,False,WO-GK-023-009,1744.2,2026-09-23T16:00:00Z,GENERATOR,gs://well-workover-intervention-data/landing/generator/2026/09/23/well_status_history.parquet,BATCH-GELEKI-20260923-V1
EP-GK-023-010,GK-023,PRODUCING,2024-10-16,2025-03-21,,,,0.0,2026-09-23T16:00:00Z,GENERATOR,gs://well-workover-intervention-data/landing/generator/2026/09/23/well_status_history.parquet,BATCH-GELEKI-20260923-V1
EP-GK-023-011,GK-023,UNDER_WORKOVER,2025-03-22,2025-03-22,SCALE,True,WO-GK-023-011,218.0,2026-09-23T16:00:00Z,GENERATOR,gs://well-workover-intervention-data/landing/generator/2026/09/23/well_status_history.parquet,BATCH-GELEKI-20260923-V1
EP-GK-023-012,GK-023,PRODUCING,2025-03-23,2025-09-24,,,,0.0,2026-09-23T16:00:00Z,GENERATOR,gs://well-workover-intervention-data/landing/generator/2026/09/23/well_status_history.parquet,BATCH-GELEKI-20260923-V1
EP-GK-023-013,GK-023,WAITING_ON_RIG,2025-09-25,2025-10-09,TUBING_LEAK,False,,1744.2,2026-09-23T16:00:00Z,GENERATOR,gs://well-workover-intervention-data/landing/generator/2026/09/23/well_status_history.parquet,BATCH-GELEKI-20260923-V1
EP-GK-023-014,GK-023,UNDER_WORKOVER,2025-10-10,2025-10-14,TUBING_LEAK,False,WO-GK-023-014,654.1,2026-09-23T16:00:00Z,GENERATOR,gs://well-workover-intervention-data/landing/generator/2026/09/23/well_status_history.parquet,BATCH-GELEKI-20260923-V1
EP-GK-023-015,GK-023,PRODUCING,2025-10-15,2026-01-15,,,,0.0,2026-09-23T16:00:00Z,GENERATOR,gs://well-workover-intervention-data/landing/generator/2026/09/23/well_status_history.parquet,BATCH-GELEKI-20260923-V1
EP-GK-023-016,GK-023,UNDER_WORKOVER,2026-01-16,2026-01-17,SURFACE,True,WO-GK-023-016,327.0,2026-09-23T16:00:00Z,GENERATOR,gs://well-workover-intervention-data/landing/generator/2026/09/23/well_status_history.parquet,BATCH-GELEKI-20260923-V1
EP-GK-023-017,GK-023,PRODUCING,2026-01-18,2026-06-13,,,,0.0,2026-09-23T16:00:00Z,GENERATOR,gs://well-workover-intervention-data/landing/generator/2026/09/23/well_status_history.parquet,BATCH-GELEKI-20260923-V1
EP-GK-023-018,GK-023,WAITING_ON_RIG,2026-06-14,2026-07-16,PUMP_WEAR,False,,3706.5,2026-09-23T16:00:00Z,GENERATOR,gs://well-workover-intervention-data/landing/generator/2026/09/23/well_status_history.parquet,BATCH-GELEKI-20260923-V1
EP-GK-023-019,GK-023,UNDER_WORKOVER,2026-07-17,2026-07-27,PUMP_WEAR,False,WO-GK-023-019,1308.2,2026-09-23T16:00:00Z,GENERATOR,gs://well-workover-intervention-data/landing/generator/2026/09/23/well_status_history.parquet,BATCH-GELEKI-20260923-V1
EP-GK-023-020,GK-023,PRODUCING,2026-07-28,,,,,0.0,2026-09-23T16:00:00Z,GENERATOR,gs://well-workover-intervention-data/landing/generator/2026/09/23/well_status_history.parquet,BATCH-GELEKI-20260923-V1
EP-GK-024-001,GK-024,PRODUCING,2023-10-01,2024-01-17,,,,0.0,2026-09-23T16:00:00Z,GENERATOR,gs://well-workover-intervention-data/landing/generator/2026/09/23/well_status_history.parquet,BATCH-GELEKI-20260923-V1
EP-GK-024-002,GK-024,UNDER_WORKOVER,2024-01-18,2024-01-19,SCALE,True,WO-GK-024-002,214.1,2026-09-23T16:00:00Z,GENERATOR,gs://well-workover-intervention-data/landing/generator/2026/09/23/well_status_history.parquet,BATCH-GELEKI-20260923-V1
EP-GK-024-003,GK-024,PRODUCING,2024-01-20,2024-09-07,,,,0.0,2026-09-23T16:00:00Z,GENERATOR,gs://well-workover-intervention-data/landing/generator/2026/09/23/well_status_history.parquet,BATCH-GELEKI-20260923-V1
EP-GK-024-004,GK-024,UNDER_WORKOVER,2024-09-08,2024-09-09,WAX,True,WO-GK-024-004,214.1,2026-09-23T16:00:00Z,GENERATOR,gs://well-workover-intervention-data/landing/generator/2026/09/23/well_status_history.parquet,BATCH-GELEKI-20260923-V1
EP-GK-024-005,GK-024,PRODUCING,2024-09-10,2025-04-07,,,,0.0,2026-09-23T16:00:00Z,GENERATOR,gs://well-workover-intervention-data/landing/generator/2026/09/23/well_status_history.parquet,BATCH-GELEKI-20260923-V1
EP-GK-024-006,GK-024,UNDER_WORKOVER,2025-04-08,2025-04-09,WAX,True,WO-GK-024-006,214.1,2026-09-23T16:00:00Z,GENERATOR,gs://well-workover-intervention-data/landing/generator/2026/09/23/well_status_history.parquet,BATCH-GELEKI-20260923-V1
EP-GK-024-007,GK-024,PRODUCING,2025-04-10,2025-10-18,,,,0.0,2026-09-23T16:00:00Z,GENERATOR,gs://well-workover-intervention-data/landing/generator/2026/09/23/well_status_history.parquet,BATCH-GELEKI-20260923-V1
EP-GK-024-008,GK-024,UNDER_WORKOVER,2025-10-19,2025-10-19,GL_HEADING,True,WO-GK-024-008,142.7,2026-09-23T16:00:00Z,GENERATOR,gs://well-workover-intervention-data/landing/generator/2026/09/23/well_status_history.parquet,BATCH-GELEKI-20260923-V1
EP-GK-024-009,GK-024,PRODUCING,2025-10-20,2026-01-26,,,,0.0,2026-09-23T16:00:00Z,GENERATOR,gs://well-workover-intervention-data/landing/generator/2026/09/23/well_status_history.parquet,BATCH-GELEKI-20260923-V1
EP-GK-024-010,GK-024,WAITING_ON_RIG,2026-01-27,2026-02-07,SAND,False,,927.6,2026-09-23T16:00:00Z,GENERATOR,gs://well-workover-intervention-data/landing/generator/2026/09/23/well_status_history.parquet,BATCH-GELEKI-20260923-V1
EP-GK-024-011,GK-024,UNDER_WORKOVER,2026-02-08,2026-02-10,SAND,False,WO-GK-024-011,285.4,2026-09-23T16:00:00Z,GENERATOR,gs://well-workover-intervention-data/landing/generator/2026/09/23/well_status_history.parquet,BATCH-GELEKI-20260923-V1
EP-GK-024-012,GK-024,PRODUCING,2026-02-11,2026-06-11,,,,0.0,2026-09-23T16:00:00Z,GENERATOR,gs://well-workover-intervention-data/landing/generator/2026/09/23/well_status_history.parquet,BATCH-GELEKI-20260923-V1
EP-GK-024-013,GK-024,UNDER_WORKOVER,2026-06-12,2026-06-13,GL_HEADING,True,WO-GK-024-013,214.1,2026-09-23T16:00:00Z,GENERATOR,gs://well-workover-intervention-data/landing/generator/2026/09/23/well_status_history.parquet,BATCH-GELEKI-20260923-V1
EP-GK-024-014,GK-024,PRODUCING,2026-06-14,,,,,0.0,2026-09-23T16:00:00Z,GENERATOR,gs://well-workover-intervention-data/landing/generator/2026/09/23/well_status_history.parquet,BATCH-GELEKI-20260923-V1
EP-GK-025-001,GK-025,PRODUCING,2023-10-01,2023-12-16,,,,0.0,2026-09-23T16:00:00Z,GENERATOR,gs://well-workover-intervention-data/landing/generator/2026/09/23/well_status_history.parquet,BATCH-GELEKI-20260923-V1
EP-GK-025-002,GK-025,UNDER_WORKOVER,2023-12-17,2023-12-18,SURFACE,True,WO-GK-025-002,234.0,2026-09-23T16:00:00Z,GENERATOR,gs://well-workover-intervention-data/landing/generator/2026/09/23/well_status_history.parquet,BATCH-GELEKI-20260923-V1
EP-GK-025-003,GK-025,PRODUCING,2023-12-19,2024-05-02,,,,0.0,2026-09-23T16:00:00Z,GENERATOR,gs://well-workover-intervention-data/landing/generator/2026/09/23/well_status_history.parquet,BATCH-GELEKI-20260923-V1
EP-GK-025-004,GK-025,UNDER_WORKOVER,2024-05-03,2024-05-03,SURFACE,True,WO-GK-025-004,156.0,2026-09-23T16:00:00Z,GENERATOR,gs://well-workover-intervention-data/landing/generator/2026/09/23/well_status_history.parquet,BATCH-GELEKI-20260923-V1
EP-GK-025-005,GK-025,PRODUCING,2024-05-04,2024-09-04,,,,0.0,2026-09-23T16:00:00Z,GENERATOR,gs://well-workover-intervention-data/landing/generator/2026/09/23/well_status_history.parquet,BATCH-GELEKI-20260923-V1
EP-GK-025-006,GK-025,WAITING_ON_RIG,2024-09-05,2024-09-09,PUMP_WEAR,False,,468.1,2026-09-23T16:00:00Z,GENERATOR,gs://well-workover-intervention-data/landing/generator/2026/09/23/well_status_history.parquet,BATCH-GELEKI-20260923-V1
EP-GK-025-007,GK-025,UNDER_WORKOVER,2024-09-10,2024-09-10,PUMP_WEAR,False,WO-GK-025-007,156.0,2026-09-23T16:00:00Z,GENERATOR,gs://well-workover-intervention-data/landing/generator/2026/09/23/well_status_history.parquet,BATCH-GELEKI-20260923-V1
EP-GK-025-008,GK-025,PRODUCING,2024-09-11,2025-02-23,,,,0.0,2026-09-23T16:00:00Z,GENERATOR,gs://well-workover-intervention-data/landing/generator/2026/09/23/well_status_history.parquet,BATCH-GELEKI-20260923-V1
EP-GK-025-009,GK-025,WAITING_ON_RIG,2025-02-24,2025-03-14,WAX,False,,1560.3,2026-09-23T16:00:00Z,GENERATOR,gs://well-workover-intervention-data/landing/generator/2026/09/23/well_status_history.parquet,BATCH-GELEKI-20260923-V1
EP-GK-025-010,GK-025,UNDER_WORKOVER,2025-03-15,2025-03-19,WAX,False,WO-GK-025-010,468.1,2026-09-23T16:00:00Z,GENERATOR,gs://well-workover-intervention-data/landing/generator/2026/09/23/well_status_history.parquet,BATCH-GELEKI-20260923-V1
EP-GK-025-011,GK-025,PRODUCING,2025-03-20,2025-07-24,,,,0.0,2026-09-23T16:00:00Z,GENERATOR,gs://well-workover-intervention-data/landing/generator/2026/09/23/well_status_history.parquet,BATCH-GELEKI-20260923-V1
EP-GK-025-012,GK-025,WAITING_ON_RIG,2025-07-25,2025-08-22,TUBING_LEAK,False,,2340.4,2026-09-23T16:00:00Z,GENERATOR,gs://well-workover-intervention-data/landing/generator/2026/09/23/well_status_history.parquet,BATCH-GELEKI-20260923-V1
EP-GK-025-013,GK-025,UNDER_WORKOVER,2025-08-23,2025-08-31,TUBING_LEAK,False,WO-GK-025-013,780.1,2026-09-23T16:00:00Z,GENERATOR,gs://well-workover-intervention-data/landing/generator/2026/09/23/well_status_history.parquet,BATCH-GELEKI-20260923-V1
EP-GK-025-014,GK-025,PRODUCING,2025-09-01,2025-12-11,,,,0.0,2026-09-23T16:00:00Z,GENERATOR,gs://well-workover-intervention-data/landing/generator/2026/09/23/well_status_history.parquet,BATCH-GELEKI-20260923-V1
EP-GK-025-015,GK-025,WAITING_ON_RIG,2025-12-12,2026-01-18,SUDDEN_MECH,False,,3042.6,2026-09-23T16:00:00Z,GENERATOR,gs://well-workover-intervention-data/landing/generator/2026/09/23/well_status_history.parquet,BATCH-GELEKI-20260923-V1
EP-GK-025-016,GK-025,UNDER_WORKOVER,2026-01-19,2026-01-30,SUDDEN_MECH,False,WO-GK-025-016,1014.2,2026-09-23T16:00:00Z,GENERATOR,gs://well-workover-intervention-data/landing/generator/2026/09/23/well_status_history.parquet,BATCH-GELEKI-20260923-V1
EP-GK-025-017,GK-025,PRODUCING,2026-01-31,2026-06-25,,,,0.0,2026-09-23T16:00:00Z,GENERATOR,gs://well-workover-intervention-data/landing/generator/2026/09/23/well_status_history.parquet,BATCH-GELEKI-20260923-V1
EP-GK-025-018,GK-025,WAITING_ON_RIG,2026-06-26,2026-07-28,PUMP_WEAR,False,,2652.5,2026-09-23T16:00:00Z,GENERATOR,gs://well-workover-intervention-data/landing/generator/2026/09/23/well_status_history.parquet,BATCH-GELEKI-20260923-V1
EP-GK-025-019,GK-025,UNDER_WORKOVER,2026-07-29,2026-08-07,PUMP_WEAR,False,WO-GK-025-019,858.2,2026-09-23T16:00:00Z,GENERATOR,gs://well-workover-intervention-data/landing/generator/2026/09/23/well_status_history.parquet,BATCH-GELEKI-20260923-V1
EP-GK-025-020,GK-025,PRODUCING,2026-08-08,,,,,0.0,2026-09-23T16:00:00Z,GENERATOR,gs://well-workover-intervention-data/landing/generator/2026/09/23/well_status_history.parquet,BATCH-GELEKI-20260923-V1
EP-GK-026-001,GK-026,PRODUCING,2023-10-01,2024-04-29,,,,0.0,2026-09-23T16:00:00Z,GENERATOR,gs://well-workover-intervention-data/landing/generator/2026/09/23/well_status_history.parquet,BATCH-GELEKI-20260923-V1
EP-GK-026-002,GK-026,WAITING_ON_RIG,2024-04-30,2024-05-12,PUMP_WEAR,False,,686.7,2026-09-23T16:00:00Z,GENERATOR,gs://well-workover-intervention-data/landing/generator/2026/09/23/well_status_history.parquet,BATCH-GELEKI-20260923-V1
EP-GK-026-003,GK-026,UNDER_WORKOVER,2024-05-13,2024-05-15,PUMP_WEAR,False,WO-GK-026-003,196.2,2026-09-23T16:00:00Z,GENERATOR,gs://well-workover-intervention-data/landing/generator/2026/09/23/well_status_history.parquet,BATCH-GELEKI-20260923-V1
EP-GK-026-004,GK-026,PRODUCING,2024-05-16,2025-01-30,,,,0.0,2026-09-23T16:00:00Z,GENERATOR,gs://well-workover-intervention-data/landing/generator/2026/09/23/well_status_history.parquet,BATCH-GELEKI-20260923-V1
EP-GK-026-005,GK-026,WAITING_ON_RIG,2025-01-31,2025-07-02,ROD_PART,False,,7553.7,2026-09-23T16:00:00Z,GENERATOR,gs://well-workover-intervention-data/landing/generator/2026/09/23/well_status_history.parquet,BATCH-GELEKI-20260923-V1
EP-GK-026-006,GK-026,UNDER_WORKOVER,2025-07-03,2025-08-21,ROD_PART,False,WO-GK-026-006,2501.6,2026-09-23T16:00:00Z,GENERATOR,gs://well-workover-intervention-data/landing/generator/2026/09/23/well_status_history.parquet,BATCH-GELEKI-20260923-V1
EP-GK-026-007,GK-026,PRODUCING,2025-08-22,2026-03-19,,,,0.0,2026-09-23T16:00:00Z,GENERATOR,gs://well-workover-intervention-data/landing/generator/2026/09/23/well_status_history.parquet,BATCH-GELEKI-20260923-V1
EP-GK-026-008,GK-026,WAITING_ON_RIG,2026-03-20,2026-04-18,PUMP_WEAR,False,,1520.6,2026-09-23T16:00:00Z,GENERATOR,gs://well-workover-intervention-data/landing/generator/2026/09/23/well_status_history.parquet,BATCH-GELEKI-20260923-V1
EP-GK-026-009,GK-026,UNDER_WORKOVER,2026-04-19,2026-04-27,PUMP_WEAR,False,WO-GK-026-009,490.5,2026-09-23T16:00:00Z,GENERATOR,gs://well-workover-intervention-data/landing/generator/2026/09/23/well_status_history.parquet,BATCH-GELEKI-20260923-V1
EP-GK-026-010,GK-026,PRODUCING,2026-04-28,,,,,0.0,2026-09-23T16:00:00Z,GENERATOR,gs://well-workover-intervention-data/landing/generator/2026/09/23/well_status_history.parquet,BATCH-GELEKI-20260923-V1
EP-GK-027-001,GK-027,PRODUCING,2023-10-01,2023-12-16,,,,0.0,2026-09-23T16:00:00Z,GENERATOR,gs://well-workover-intervention-data/landing/generator/2026/09/23/well_status_history.parquet,BATCH-GELEKI-20260923-V1
EP-GK-027-002,GK-027,WAITING_ON_RIG,2023-12-17,2024-02-17,PUMP_WEAR,False,,7122.7,2026-09-23T16:00:00Z,GENERATOR,gs://well-workover-intervention-data/landing/generator/2026/09/23/well_status_history.parquet,BATCH-GELEKI-20260923-V1
EP-GK-027-003,GK-027,UNDER_WORKOVER,2024-02-18,2024-03-08,PUMP_WEAR,False,WO-GK-027-003,2337.1,2026-09-23T16:00:00Z,GENERATOR,gs://well-workover-intervention-data/landing/generator/2026/09/23/well_status_history.parquet,BATCH-GELEKI-20260923-V1
EP-GK-027-004,GK-027,PRODUCING,2024-03-09,2024-06-10,,,,0.0,2026-09-23T16:00:00Z,GENERATOR,gs://well-workover-intervention-data/landing/generator/2026/09/23/well_status_history.parquet,BATCH-GELEKI-20260923-V1
EP-GK-027-005,GK-027,UNDER_WORKOVER,2024-06-11,2024-06-11,SURFACE,True,WO-GK-027-005,222.6,2026-09-23T16:00:00Z,GENERATOR,gs://well-workover-intervention-data/landing/generator/2026/09/23/well_status_history.parquet,BATCH-GELEKI-20260923-V1
EP-GK-027-006,GK-027,PRODUCING,2024-06-12,2024-10-09,,,,0.0,2026-09-23T16:00:00Z,GENERATOR,gs://well-workover-intervention-data/landing/generator/2026/09/23/well_status_history.parquet,BATCH-GELEKI-20260923-V1
EP-GK-027-007,GK-027,UNDER_WORKOVER,2024-10-10,2024-10-10,SURFACE,True,WO-GK-027-007,222.6,2026-09-23T16:00:00Z,GENERATOR,gs://well-workover-intervention-data/landing/generator/2026/09/23/well_status_history.parquet,BATCH-GELEKI-20260923-V1
EP-GK-027-008,GK-027,PRODUCING,2024-10-11,2024-12-07,,,,0.0,2026-09-23T16:00:00Z,GENERATOR,gs://well-workover-intervention-data/landing/generator/2026/09/23/well_status_history.parquet,BATCH-GELEKI-20260923-V1
EP-GK-027-009,GK-027,UNDER_WORKOVER,2024-12-08,2024-12-09,WAX,True,WO-GK-027-009,333.9,2026-09-23T16:00:00Z,GENERATOR,gs://well-workover-intervention-data/landing/generator/2026/09/23/well_status_history.parquet,BATCH-GELEKI-20260923-V1
EP-GK-027-010,GK-027,PRODUCING,2024-12-10,2025-03-01,,,,0.0,2026-09-23T16:00:00Z,GENERATOR,gs://well-workover-intervention-data/landing/generator/2026/09/23/well_status_history.parquet,BATCH-GELEKI-20260923-V1
EP-GK-027-011,GK-027,WAITING_ON_RIG,2025-03-02,2025-03-06,WAX,False,,667.8,2026-09-23T16:00:00Z,GENERATOR,gs://well-workover-intervention-data/landing/generator/2026/09/23/well_status_history.parquet,BATCH-GELEKI-20260923-V1
EP-GK-027-012,GK-027,UNDER_WORKOVER,2025-03-07,2025-03-07,WAX,False,WO-GK-027-012,222.6,2026-09-23T16:00:00Z,GENERATOR,gs://well-workover-intervention-data/landing/generator/2026/09/23/well_status_history.parquet,BATCH-GELEKI-20260923-V1
EP-GK-027-013,GK-027,PRODUCING,2025-03-08,2025-04-12,,,,0.0,2026-09-23T16:00:00Z,GENERATOR,gs://well-workover-intervention-data/landing/generator/2026/09/23/well_status_history.parquet,BATCH-GELEKI-20260923-V1
EP-GK-027-014,GK-027,WAITING_ON_RIG,2025-04-13,2025-04-24,TUBING_LEAK,False,,1446.8,2026-09-23T16:00:00Z,GENERATOR,gs://well-workover-intervention-data/landing/generator/2026/09/23/well_status_history.parquet,BATCH-GELEKI-20260923-V1
EP-GK-027-015,GK-027,UNDER_WORKOVER,2025-04-25,2025-04-27,TUBING_LEAK,False,WO-GK-027-015,445.2,2026-09-23T16:00:00Z,GENERATOR,gs://well-workover-intervention-data/landing/generator/2026/09/23/well_status_history.parquet,BATCH-GELEKI-20260923-V1
EP-GK-027-016,GK-027,PRODUCING,2025-04-28,2025-08-24,,,,0.0,2026-09-23T16:00:00Z,GENERATOR,gs://well-workover-intervention-data/landing/generator/2026/09/23/well_status_history.parquet,BATCH-GELEKI-20260923-V1
EP-GK-027-017,GK-027,UNDER_WORKOVER,2025-08-25,2025-08-26,SURFACE,True,WO-GK-027-017,333.9,2026-09-23T16:00:00Z,GENERATOR,gs://well-workover-intervention-data/landing/generator/2026/09/23/well_status_history.parquet,BATCH-GELEKI-20260923-V1
EP-GK-027-018,GK-027,PRODUCING,2025-08-27,2025-11-04,,,,0.0,2026-09-23T16:00:00Z,GENERATOR,gs://well-workover-intervention-data/landing/generator/2026/09/23/well_status_history.parquet,BATCH-GELEKI-20260923-V1
EP-GK-027-019,GK-027,WAITING_ON_RIG,2025-11-05,2026-04-06,PUMP_WEAR,False,,17139.0,2026-09-23T16:00:00Z,GENERATOR,gs://well-workover-intervention-data/landing/generator/2026/09/23/well_status_history.parquet,BATCH-GELEKI-20260923-V1
EP-GK-027-020,GK-027,UNDER_WORKOVER,2026-04-07,2026-05-26,PUMP_WEAR,False,WO-GK-027-020,5675.9,2026-09-23T16:00:00Z,GENERATOR,gs://well-workover-intervention-data/landing/generator/2026/09/23/well_status_history.parquet,BATCH-GELEKI-20260923-V1
EP-GK-027-021,GK-027,PRODUCING,2026-05-27,2026-09-08,,,,0.0,2026-09-23T16:00:00Z,GENERATOR,gs://well-workover-intervention-data/landing/generator/2026/09/23/well_status_history.parquet,BATCH-GELEKI-20260923-V1
EP-GK-027-022,GK-027,WAITING_ON_RIG,2026-09-09,2026-09-14,SUDDEN_MECH,False,,779.0,2026-09-23T16:00:00Z,GENERATOR,gs://well-workover-intervention-data/landing/generator/2026/09/23/well_status_history.parquet,BATCH-GELEKI-20260923-V1
EP-GK-027-023,GK-027,UNDER_WORKOVER,2026-09-15,2026-09-15,SUDDEN_MECH,False,WO-GK-027-023,222.6,2026-09-23T16:00:00Z,GENERATOR,gs://well-workover-intervention-data/landing/generator/2026/09/23/well_status_history.parquet,BATCH-GELEKI-20260923-V1
EP-GK-027-024,GK-027,PRODUCING,2026-09-16,,,,,0.0,2026-09-23T16:00:00Z,GENERATOR,gs://well-workover-intervention-data/landing/generator/2026/09/23/well_status_history.parquet,BATCH-GELEKI-20260923-V1
EP-GK-028-001,GK-028,PRODUCING,2023-10-01,2024-01-30,,,,0.0,2026-09-23T16:00:00Z,GENERATOR,gs://well-workover-intervention-data/landing/generator/2026/09/23/well_status_history.parquet,BATCH-GELEKI-20260923-V1
EP-GK-028-002,GK-028,WAITING_ON_RIG,2024-01-31,2024-06-25,WAX,False,,12954.9,2026-09-23T16:00:00Z,GENERATOR,gs://well-workover-intervention-data/landing/generator/2026/09/23/well_status_history.parquet,BATCH-GELEKI-20260923-V1
EP-GK-028-003,GK-028,UNDER_WORKOVER,2024-06-26,2024-08-12,WAX,False,WO-GK-028-003,4289.1,2026-09-23T16:00:00Z,GENERATOR,gs://well-workover-intervention-data/landing/generator/2026/09/23/well_status_history.parquet,BATCH-GELEKI-20260923-V1
EP-GK-028-004,GK-028,PRODUCING,2024-08-13,2024-11-30,,,,0.0,2026-09-23T16:00:00Z,GENERATOR,gs://well-workover-intervention-data/landing/generator/2026/09/23/well_status_history.parquet,BATCH-GELEKI-20260923-V1
EP-GK-028-005,GK-028,UNDER_WORKOVER,2024-12-01,2024-12-01,SURFACE,True,WO-GK-028-005,175.1,2026-09-23T16:00:00Z,GENERATOR,gs://well-workover-intervention-data/landing/generator/2026/09/23/well_status_history.parquet,BATCH-GELEKI-20260923-V1
EP-GK-028-006,GK-028,PRODUCING,2024-12-02,2025-05-08,,,,0.0,2026-09-23T16:00:00Z,GENERATOR,gs://well-workover-intervention-data/landing/generator/2026/09/23/well_status_history.parquet,BATCH-GELEKI-20260923-V1
EP-GK-028-007,GK-028,WAITING_ON_RIG,2025-05-09,2025-07-29,SAND,False,,7265.2,2026-09-23T16:00:00Z,GENERATOR,gs://well-workover-intervention-data/landing/generator/2026/09/23/well_status_history.parquet,BATCH-GELEKI-20260923-V1
EP-GK-028-008,GK-028,UNDER_WORKOVER,2025-07-30,2025-08-25,SAND,False,WO-GK-028-008,2450.9,2026-09-23T16:00:00Z,GENERATOR,gs://well-workover-intervention-data/landing/generator/2026/09/23/well_status_history.parquet,BATCH-GELEKI-20260923-V1
EP-GK-028-009,GK-028,PRODUCING,2025-08-26,2026-02-06,,,,0.0,2026-09-23T16:00:00Z,GENERATOR,gs://well-workover-intervention-data/landing/generator/2026/09/23/well_status_history.parquet,BATCH-GELEKI-20260923-V1
EP-GK-028-010,GK-028,WAITING_ON_RIG,2026-02-07,2026-02-19,WAX,False,,1225.5,2026-09-23T16:00:00Z,GENERATOR,gs://well-workover-intervention-data/landing/generator/2026/09/23/well_status_history.parquet,BATCH-GELEKI-20260923-V1
EP-GK-028-011,GK-028,UNDER_WORKOVER,2026-02-20,2026-02-23,WAX,False,WO-GK-028-011,437.7,2026-09-23T16:00:00Z,GENERATOR,gs://well-workover-intervention-data/landing/generator/2026/09/23/well_status_history.parquet,BATCH-GELEKI-20260923-V1
EP-GK-028-012,GK-028,PRODUCING,2026-02-24,2026-05-19,,,,0.0,2026-09-23T16:00:00Z,GENERATOR,gs://well-workover-intervention-data/landing/generator/2026/09/23/well_status_history.parquet,BATCH-GELEKI-20260923-V1
EP-GK-028-013,GK-028,WAITING_ON_RIG,2026-05-20,2026-05-28,WAX,False,,875.3,2026-09-23T16:00:00Z,GENERATOR,gs://well-workover-intervention-data/landing/generator/2026/09/23/well_status_history.parquet,BATCH-GELEKI-20260923-V1
EP-GK-028-014,GK-028,UNDER_WORKOVER,2026-05-29,2026-05-31,WAX,False,WO-GK-028-014,350.1,2026-09-23T16:00:00Z,GENERATOR,gs://well-workover-intervention-data/landing/generator/2026/09/23/well_status_history.parquet,BATCH-GELEKI-20260923-V1
EP-GK-028-015,GK-028,PRODUCING,2026-06-01,2026-08-31,,,,0.0,2026-09-23T16:00:00Z,GENERATOR,gs://well-workover-intervention-data/landing/generator/2026/09/23/well_status_history.parquet,BATCH-GELEKI-20260923-V1
EP-GK-028-016,GK-028,WAITING_ON_RIG,2026-09-01,2026-09-18,OTHER,False,,1663.1,2026-09-23T16:00:00Z,GENERATOR,gs://well-workover-intervention-data/landing/generator/2026/09/23/well_status_history.parquet,BATCH-GELEKI-20260923-V1
EP-GK-028-017,GK-028,UNDER_WORKOVER,2026-09-19,2026-09-23,OTHER,False,WO-GK-028-017,525.2,2026-09-23T16:00:00Z,GENERATOR,gs://well-workover-intervention-data/landing/generator/2026/09/23/well_status_history.parquet,BATCH-GELEKI-20260923-V1
EP-GK-028-018,GK-028,PRODUCING,2026-09-24,,,,,0.0,2026-09-23T16:00:00Z,GENERATOR,gs://well-workover-intervention-data/landing/generator/2026/09/23/well_status_history.parquet,BATCH-GELEKI-20260923-V1
EP-GK-029-001,GK-029,PRODUCING,2023-10-01,2024-03-27,,,,0.0,2026-09-23T16:00:00Z,GENERATOR,gs://well-workover-intervention-data/landing/generator/2026/09/23/well_status_history.parquet,BATCH-GELEKI-20260923-V1
EP-GK-029-002,GK-029,WAITING_ON_RIG,2024-03-28,2024-04-08,TUBING_LEAK,False,,482.6,2026-09-23T16:00:00Z,GENERATOR,gs://well-workover-intervention-data/landing/generator/2026/09/23/well_status_history.parquet,BATCH-GELEKI-20260923-V1
EP-GK-029-003,GK-029,UNDER_WORKOVER,2024-04-09,2024-04-11,TUBING_LEAK,False,WO-GK-029-003,148.5,2026-09-23T16:00:00Z,GENERATOR,gs://well-workover-intervention-data/landing/generator/2026/09/23/well_status_history.parquet,BATCH-GELEKI-20260923-V1
EP-GK-029-004,GK-029,PRODUCING,2024-04-12,2025-03-21,,,,0.0,2026-09-23T16:00:00Z,GENERATOR,gs://well-workover-intervention-data/landing/generator/2026/09/23/well_status_history.parquet,BATCH-GELEKI-20260923-V1
EP-GK-029-005,GK-029,WAITING_ON_RIG,2025-03-22,2025-06-11,ROD_PART,False,,3081.1,2026-09-23T16:00:00Z,GENERATOR,gs://well-workover-intervention-data/landing/generator/2026/09/23/well_status_history.parquet,BATCH-GELEKI-20260923-V1
EP-GK-029-006,GK-029,UNDER_WORKOVER,2025-06-12,2025-07-08,ROD_PART,False,WO-GK-029-006,1039.4,2026-09-23T16:00:00Z,GENERATOR,gs://well-workover-intervention-data/landing/generator/2026/09/23/well_status_history.parquet,BATCH-GELEKI-20260923-V1
EP-GK-029-007,GK-029,PRODUCING,2025-07-09,2026-05-18,,,,0.0,2026-09-23T16:00:00Z,GENERATOR,gs://well-workover-intervention-data/landing/generator/2026/09/23/well_status_history.parquet,BATCH-GELEKI-20260923-V1
EP-GK-029-008,GK-029,WAITING_ON_RIG,2026-05-19,2026-05-26,PUMP_WEAR,False,,334.1,2026-09-23T16:00:00Z,GENERATOR,gs://well-workover-intervention-data/landing/generator/2026/09/23/well_status_history.parquet,BATCH-GELEKI-20260923-V1
EP-GK-029-009,GK-029,UNDER_WORKOVER,2026-05-27,2026-05-28,PUMP_WEAR,False,WO-GK-029-009,111.4,2026-09-23T16:00:00Z,GENERATOR,gs://well-workover-intervention-data/landing/generator/2026/09/23/well_status_history.parquet,BATCH-GELEKI-20260923-V1
EP-GK-029-010,GK-029,PRODUCING,2026-05-29,,,,,0.0,2026-09-23T16:00:00Z,GENERATOR,gs://well-workover-intervention-data/landing/generator/2026/09/23/well_status_history.parquet,BATCH-GELEKI-20260923-V1
EP-GK-030-001,GK-030,WAITING_ON_RIG,2023-10-01,2023-09-30,ROD_PART,False,,1331.7,2026-09-23T16:00:00Z,GENERATOR,gs://well-workover-intervention-data/landing/generator/2026/09/23/well_status_history.parquet,BATCH-GELEKI-20260923-V1
EP-GK-030-002,GK-030,UNDER_WORKOVER,2023-10-01,2023-10-08,ROD_PART,False,WO-GK-030-002,399.5,2026-09-23T16:00:00Z,GENERATOR,gs://well-workover-intervention-data/landing/generator/2026/09/23/well_status_history.parquet,BATCH-GELEKI-20260923-V1
EP-GK-030-003,GK-030,PRODUCING,2023-10-09,2024-01-24,,,,0.0,2026-09-23T16:00:00Z,GENERATOR,gs://well-workover-intervention-data/landing/generator/2026/09/23/well_status_history.parquet,BATCH-GELEKI-20260923-V1
EP-GK-030-004,GK-030,WAITING_ON_RIG,2024-01-25,2024-01-29,ROD_PART,False,,266.3,2026-09-23T16:00:00Z,GENERATOR,gs://well-workover-intervention-data/landing/generator/2026/09/23/well_status_history.parquet,BATCH-GELEKI-20260923-V1
EP-GK-030-005,GK-030,UNDER_WORKOVER,2024-01-30,2024-01-30,ROD_PART,False,WO-GK-030-005,88.8,2026-09-23T16:00:00Z,GENERATOR,gs://well-workover-intervention-data/landing/generator/2026/09/23/well_status_history.parquet,BATCH-GELEKI-20260923-V1
EP-GK-030-006,GK-030,PRODUCING,2024-01-31,2024-09-06,,,,0.0,2026-09-23T16:00:00Z,GENERATOR,gs://well-workover-intervention-data/landing/generator/2026/09/23/well_status_history.parquet,BATCH-GELEKI-20260923-V1
EP-GK-030-007,GK-030,WAITING_ON_RIG,2024-09-07,2025-02-06,TUBING_LEAK,False,,6836.3,2026-09-23T16:00:00Z,GENERATOR,gs://well-workover-intervention-data/landing/generator/2026/09/23/well_status_history.parquet,BATCH-GELEKI-20260923-V1
EP-GK-030-008,GK-030,UNDER_WORKOVER,2025-02-07,2025-03-28,TUBING_LEAK,False,WO-GK-030-008,2264.0,2026-09-23T16:00:00Z,GENERATOR,gs://well-workover-intervention-data/landing/generator/2026/09/23/well_status_history.parquet,BATCH-GELEKI-20260923-V1
EP-GK-030-009,GK-030,PRODUCING,2025-03-29,2025-10-19,,,,0.0,2026-09-23T16:00:00Z,GENERATOR,gs://well-workover-intervention-data/landing/generator/2026/09/23/well_status_history.parquet,BATCH-GELEKI-20260923-V1
EP-GK-030-010,GK-030,WAITING_ON_RIG,2025-10-20,2025-11-03,TUBING_LEAK,False,,710.3,2026-09-23T16:00:00Z,GENERATOR,gs://well-workover-intervention-data/landing/generator/2026/09/23/well_status_history.parquet,BATCH-GELEKI-20260923-V1
EP-GK-030-011,GK-030,UNDER_WORKOVER,2025-11-04,2025-11-08,TUBING_LEAK,False,WO-GK-030-011,266.3,2026-09-23T16:00:00Z,GENERATOR,gs://well-workover-intervention-data/landing/generator/2026/09/23/well_status_history.parquet,BATCH-GELEKI-20260923-V1
EP-GK-030-012,GK-030,PRODUCING,2025-11-09,2026-09-11,,,,0.0,2026-09-23T16:00:00Z,GENERATOR,gs://well-workover-intervention-data/landing/generator/2026/09/23/well_status_history.parquet,BATCH-GELEKI-20260923-V1
EP-GK-030-013,GK-030,WAITING_ON_RIG,2026-09-12,2026-09-22,PUMP_WEAR,False,,532.7,2026-09-23T16:00:00Z,GENERATOR,gs://well-workover-intervention-data/landing/generator/2026/09/23/well_status_history.parquet,BATCH-GELEKI-20260923-V1
EP-GK-030-014,GK-030,UNDER_WORKOVER,2026-09-23,2026-09-25,PUMP_WEAR,False,WO-GK-030-014,177.6,2026-09-23T16:00:00Z,GENERATOR,gs://well-workover-intervention-data/landing/generator/2026/09/23/well_status_history.parquet,BATCH-GELEKI-20260923-V1
EP-GK-030-015,GK-030,PRODUCING,2026-09-26,,,,,0.0,2026-09-23T16:00:00Z,GENERATOR,gs://well-workover-intervention-data/landing/generator/2026/09/23/well_status_history.parquet,BATCH-GELEKI-20260923-V1
EP-GK-031-001,GK-031,PRODUCING,2023-10-01,2023-12-15,,,,0.0,2026-09-23T16:00:00Z,GENERATOR,gs://well-workover-intervention-data/landing/generator/2026/09/23/well_status_history.parquet,BATCH-GELEKI-20260923-V1
EP-GK-031-002,GK-031,UNDER_WORKOVER,2023-12-16,2023-12-16,SURFACE,True,WO-GK-031-002,134.3,2026-09-23T16:00:00Z,GENERATOR,gs://well-workover-intervention-data/landing/generator/2026/09/23/well_status_history.parquet,BATCH-GELEKI-20260923-V1
EP-GK-031-003,GK-031,PRODUCING,2023-12-17,2024-04-15,,,,0.0,2026-09-23T16:00:00Z,GENERATOR,gs://well-workover-intervention-data/landing/generator/2026/09/23/well_status_history.parquet,BATCH-GELEKI-20260923-V1
EP-GK-031-004,GK-031,WAITING_ON_RIG,2024-04-16,2024-04-20,WAX,False,,402.8,2026-09-23T16:00:00Z,GENERATOR,gs://well-workover-intervention-data/landing/generator/2026/09/23/well_status_history.parquet,BATCH-GELEKI-20260923-V1
EP-GK-031-005,GK-031,UNDER_WORKOVER,2024-04-21,2024-04-21,WAX,False,WO-GK-031-005,134.3,2026-09-23T16:00:00Z,GENERATOR,gs://well-workover-intervention-data/landing/generator/2026/09/23/well_status_history.parquet,BATCH-GELEKI-20260923-V1
EP-GK-031-006,GK-031,PRODUCING,2024-04-22,2024-09-23,,,,0.0,2026-09-23T16:00:00Z,GENERATOR,gs://well-workover-intervention-data/landing/generator/2026/09/23/well_status_history.parquet,BATCH-GELEKI-20260923-V1
EP-GK-031-007,GK-031,WAITING_ON_RIG,2024-09-24,2024-10-01,WAX,False,,604.3,2026-09-23T16:00:00Z,GENERATOR,gs://well-workover-intervention-data/landing/generator/2026/09/23/well_status_history.parquet,BATCH-GELEKI-20260923-V1
EP-GK-031-008,GK-031,UNDER_WORKOVER,2024-10-02,2024-10-03,WAX,False,WO-GK-031-008,201.4,2026-09-23T16:00:00Z,GENERATOR,gs://well-workover-intervention-data/landing/generator/2026/09/23/well_status_history.parquet,BATCH-GELEKI-20260923-V1
EP-GK-031-009,GK-031,PRODUCING,2024-10-04,2025-03-03,,,,0.0,2026-09-23T16:00:00Z,GENERATOR,gs://well-workover-intervention-data/landing/generator/2026/09/23/well_status_history.parquet,BATCH-GELEKI-20260923-V1
EP-GK-031-010,GK-031,WAITING_ON_RIG,2025-03-04,2025-03-15,WAX,False,,872.8,2026-09-23T16:00:00Z,GENERATOR,gs://well-workover-intervention-data/landing/generator/2026/09/23/well_status_history.parquet,BATCH-GELEKI-20260923-V1
EP-GK-031-011,GK-031,UNDER_WORKOVER,2025-03-16,2025-03-18,WAX,False,WO-GK-031-011,268.6,2026-09-23T16:00:00Z,GENERATOR,gs://well-workover-intervention-data/landing/generator/2026/09/23/well_status_history.parquet,BATCH-GELEKI-20260923-V1
EP-GK-031-012,GK-031,PRODUCING,2025-03-19,2025-06-28,,,,0.0,2026-09-23T16:00:00Z,GENERATOR,gs://well-workover-intervention-data/landing/generator/2026/09/23/well_status_history.parquet,BATCH-GELEKI-20260923-V1
EP-GK-031-013,GK-031,WAITING_ON_RIG,2025-06-29,2025-07-29,WAX,False,,2148.5,2026-09-23T16:00:00Z,GENERATOR,gs://well-workover-intervention-data/landing/generator/2026/09/23/well_status_history.parquet,BATCH-GELEKI-20260923-V1
EP-GK-031-014,GK-031,UNDER_WORKOVER,2025-07-30,2025-08-08,WAX,False,WO-GK-031-014,738.6,2026-09-23T16:00:00Z,GENERATOR,gs://well-workover-intervention-data/landing/generator/2026/09/23/well_status_history.parquet,BATCH-GELEKI-20260923-V1
EP-GK-031-015,GK-031,PRODUCING,2025-08-09,2026-01-04,,,,0.0,2026-09-23T16:00:00Z,GENERATOR,gs://well-workover-intervention-data/landing/generator/2026/09/23/well_status_history.parquet,BATCH-GELEKI-20260923-V1
EP-GK-031-016,GK-031,WAITING_ON_RIG,2026-01-05,2026-02-06,WAX,False,,2282.8,2026-09-23T16:00:00Z,GENERATOR,gs://well-workover-intervention-data/landing/generator/2026/09/23/well_status_history.parquet,BATCH-GELEKI-20260923-V1
EP-GK-031-017,GK-031,UNDER_WORKOVER,2026-02-07,2026-02-17,WAX,False,WO-GK-031-017,805.7,2026-09-23T16:00:00Z,GENERATOR,gs://well-workover-intervention-data/landing/generator/2026/09/23/well_status_history.parquet,BATCH-GELEKI-20260923-V1
EP-GK-031-018,GK-031,PRODUCING,2026-02-18,2026-06-15,,,,0.0,2026-09-23T16:00:00Z,GENERATOR,gs://well-workover-intervention-data/landing/generator/2026/09/23/well_status_history.parquet,BATCH-GELEKI-20260923-V1
EP-GK-031-019,GK-031,WAITING_ON_RIG,2026-06-16,2026-09-09,SAND,False,,5841.3,2026-09-23T16:00:00Z,GENERATOR,gs://well-workover-intervention-data/landing/generator/2026/09/23/well_status_history.parquet,BATCH-GELEKI-20260923-V1
EP-GK-031-020,GK-031,UNDER_WORKOVER,2026-09-10,,SAND,False,,0.0,2026-09-23T16:00:00Z,GENERATOR,gs://well-workover-intervention-data/landing/generator/2026/09/23/well_status_history.parquet,BATCH-GELEKI-20260923-V1
EP-GK-032-001,GK-032,PRODUCING,2023-10-01,2024-03-16,,,,0.0,2026-09-23T16:00:00Z,GENERATOR,gs://well-workover-intervention-data/landing/generator/2026/09/23/well_status_history.parquet,BATCH-GELEKI-20260923-V1
EP-GK-032-002,GK-032,WAITING_ON_RIG,2024-03-17,2024-04-09,SAND,False,,732.0,2026-09-23T16:00:00Z,GENERATOR,gs://well-workover-intervention-data/landing/generator/2026/09/23/well_status_history.parquet,BATCH-GELEKI-20260923-V1
EP-GK-032-003,GK-032,UNDER_WORKOVER,2024-04-10,2024-04-16,SAND,False,WO-GK-032-003,234.2,2026-09-23T16:00:00Z,GENERATOR,gs://well-workover-intervention-data/landing/generator/2026/09/23/well_status_history.parquet,BATCH-GELEKI-20260923-V1
EP-GK-032-004,GK-032,PRODUCING,2024-04-17,2024-12-06,,,,0.0,2026-09-23T16:00:00Z,GENERATOR,gs://well-workover-intervention-data/landing/generator/2026/09/23/well_status_history.parquet,BATCH-GELEKI-20260923-V1
EP-GK-032-005,GK-032,WAITING_ON_RIG,2024-12-07,2025-01-02,OTHER,False,,819.8,2026-09-23T16:00:00Z,GENERATOR,gs://well-workover-intervention-data/landing/generator/2026/09/23/well_status_history.parquet,BATCH-GELEKI-20260923-V1
EP-GK-032-006,GK-032,UNDER_WORKOVER,2025-01-03,2025-01-11,OTHER,False,WO-GK-032-006,292.8,2026-09-23T16:00:00Z,GENERATOR,gs://well-workover-intervention-data/landing/generator/2026/09/23/well_status_history.parquet,BATCH-GELEKI-20260923-V1
EP-GK-032-007,GK-032,PRODUCING,2025-01-12,2025-06-24,,,,0.0,2026-09-23T16:00:00Z,GENERATOR,gs://well-workover-intervention-data/landing/generator/2026/09/23/well_status_history.parquet,BATCH-GELEKI-20260923-V1
EP-GK-032-008,GK-032,UNDER_WORKOVER,2025-06-25,2025-06-26,SURFACE,True,WO-GK-032-008,87.8,2026-09-23T16:00:00Z,GENERATOR,gs://well-workover-intervention-data/landing/generator/2026/09/23/well_status_history.parquet,BATCH-GELEKI-20260923-V1
EP-GK-032-009,GK-032,PRODUCING,2025-06-27,2026-04-11,,,,0.0,2026-09-23T16:00:00Z,GENERATOR,gs://well-workover-intervention-data/landing/generator/2026/09/23/well_status_history.parquet,BATCH-GELEKI-20260923-V1
EP-GK-032-010,GK-032,WAITING_ON_RIG,2026-04-12,2026-04-24,ROD_PART,False,,409.9,2026-09-23T16:00:00Z,GENERATOR,gs://well-workover-intervention-data/landing/generator/2026/09/23/well_status_history.parquet,BATCH-GELEKI-20260923-V1
EP-GK-032-011,GK-032,UNDER_WORKOVER,2026-04-25,2026-04-28,ROD_PART,False,WO-GK-032-011,146.4,2026-09-23T16:00:00Z,GENERATOR,gs://well-workover-intervention-data/landing/generator/2026/09/23/well_status_history.parquet,BATCH-GELEKI-20260923-V1
EP-GK-032-012,GK-032,PRODUCING,2026-04-29,,,,,0.0,2026-09-23T16:00:00Z,GENERATOR,gs://well-workover-intervention-data/landing/generator/2026/09/23/well_status_history.parquet,BATCH-GELEKI-20260923-V1
EP-GK-033-001,GK-033,PRODUCING,2023-10-01,2023-12-16,,,,0.0,2026-09-23T16:00:00Z,GENERATOR,gs://well-workover-intervention-data/landing/generator/2026/09/23/well_status_history.parquet,BATCH-GELEKI-20260923-V1
EP-GK-033-002,GK-033,WAITING_ON_RIG,2023-12-17,2024-04-29,TUBING_LEAK,False,,15645.1,2026-09-23T16:00:00Z,GENERATOR,gs://well-workover-intervention-data/landing/generator/2026/09/23/well_status_history.parquet,BATCH-GELEKI-20260923-V1
EP-GK-033-003,GK-033,UNDER_WORKOVER,2024-04-30,2024-06-13,TUBING_LEAK,False,WO-GK-033-003,5291.7,2026-09-23T16:00:00Z,GENERATOR,gs://well-workover-intervention-data/landing/generator/2026/09/23/well_status_history.parquet,BATCH-GELEKI-20260923-V1
EP-GK-033-004,GK-033,PRODUCING,2024-06-14,2024-08-23,,,,0.0,2026-09-23T16:00:00Z,GENERATOR,gs://well-workover-intervention-data/landing/generator/2026/09/23/well_status_history.parquet,BATCH-GELEKI-20260923-V1
EP-GK-033-005,GK-033,UNDER_WORKOVER,2024-08-24,2024-08-24,WAX,True,WO-GK-033-005,230.1,2026-09-23T16:00:00Z,GENERATOR,gs://well-workover-intervention-data/landing/generator/2026/09/23/well_status_history.parquet,BATCH-GELEKI-20260923-V1
EP-GK-033-006,GK-033,PRODUCING,2024-08-25,2024-11-10,,,,0.0,2026-09-23T16:00:00Z,GENERATOR,gs://well-workover-intervention-data/landing/generator/2026/09/23/well_status_history.parquet,BATCH-GELEKI-20260923-V1
EP-GK-033-007,GK-033,UNDER_WORKOVER,2024-11-11,2024-11-11,SURFACE,True,WO-GK-033-007,230.1,2026-09-23T16:00:00Z,GENERATOR,gs://well-workover-intervention-data/landing/generator/2026/09/23/well_status_history.parquet,BATCH-GELEKI-20260923-V1
EP-GK-033-008,GK-033,PRODUCING,2024-11-12,2025-05-01,,,,0.0,2026-09-23T16:00:00Z,GENERATOR,gs://well-workover-intervention-data/landing/generator/2026/09/23/well_status_history.parquet,BATCH-GELEKI-20260923-V1
EP-GK-033-009,GK-033,WAITING_ON_RIG,2025-05-02,2025-06-20,PUMP_WEAR,False,,5866.9,2026-09-23T16:00:00Z,GENERATOR,gs://well-workover-intervention-data/landing/generator/2026/09/23/well_status_history.parquet,BATCH-GELEKI-20260923-V1
EP-GK-033-010,GK-033,UNDER_WORKOVER,2025-06-21,2025-07-06,PUMP_WEAR,False,WO-GK-033-010,1955.6,2026-09-23T16:00:00Z,GENERATOR,gs://well-workover-intervention-data/landing/generator/2026/09/23/well_status_history.parquet,BATCH-GELEKI-20260923-V1
EP-GK-033-011,GK-033,PRODUCING,2025-07-07,2025-10-17,,,,0.0,2026-09-23T16:00:00Z,GENERATOR,gs://well-workover-intervention-data/landing/generator/2026/09/23/well_status_history.parquet,BATCH-GELEKI-20260923-V1
EP-GK-033-012,GK-033,WAITING_ON_RIG,2025-10-18,2025-10-22,SUDDEN_MECH,False,,690.2,2026-09-23T16:00:00Z,GENERATOR,gs://well-workover-intervention-data/landing/generator/2026/09/23/well_status_history.parquet,BATCH-GELEKI-20260923-V1
EP-GK-033-013,GK-033,UNDER_WORKOVER,2025-10-23,2025-10-23,SUDDEN_MECH,False,WO-GK-033-013,230.1,2026-09-23T16:00:00Z,GENERATOR,gs://well-workover-intervention-data/landing/generator/2026/09/23/well_status_history.parquet,BATCH-GELEKI-20260923-V1
EP-GK-033-014,GK-033,PRODUCING,2025-10-24,2025-11-24,,,,0.0,2026-09-23T16:00:00Z,GENERATOR,gs://well-workover-intervention-data/landing/generator/2026/09/23/well_status_history.parquet,BATCH-GELEKI-20260923-V1
EP-GK-033-015,GK-033,UNDER_WORKOVER,2025-11-25,2025-11-25,SURFACE,True,WO-GK-033-015,230.1,2026-09-23T16:00:00Z,GENERATOR,gs://well-workover-intervention-data/landing/generator/2026/09/23/well_status_history.parquet,BATCH-GELEKI-20260923-V1
EP-GK-033-016,GK-033,PRODUCING,2025-11-26,2026-05-21,,,,0.0,2026-09-23T16:00:00Z,GENERATOR,gs://well-workover-intervention-data/landing/generator/2026/09/23/well_status_history.parquet,BATCH-GELEKI-20260923-V1
EP-GK-033-017,GK-033,WAITING_ON_RIG,2026-05-22,2026-07-17,OTHER,False,,6672.2,2026-09-23T16:00:00Z,GENERATOR,gs://well-workover-intervention-data/landing/generator/2026/09/23/well_status_history.parquet,BATCH-GELEKI-20260923-V1
EP-GK-033-018,GK-033,UNDER_WORKOVER,2026-07-18,2026-08-05,OTHER,False,WO-GK-033-018,2300.7,2026-09-23T16:00:00Z,GENERATOR,gs://well-workover-intervention-data/landing/generator/2026/09/23/well_status_history.parquet,BATCH-GELEKI-20260923-V1
EP-GK-033-019,GK-033,PRODUCING,2026-08-06,,,,,0.0,2026-09-23T16:00:00Z,GENERATOR,gs://well-workover-intervention-data/landing/generator/2026/09/23/well_status_history.parquet,BATCH-GELEKI-20260923-V1
EP-GK-034-001,GK-034,WAITING_ON_RIG,2023-10-01,2023-10-01,SUDDEN_MECH,False,,1958.1,2026-09-23T16:00:00Z,GENERATOR,gs://well-workover-intervention-data/landing/generator/2026/09/23/well_status_history.parquet,BATCH-GELEKI-20260923-V1
EP-GK-034-002,GK-034,UNDER_WORKOVER,2023-10-02,2023-10-06,SUDDEN_MECH,False,WO-GK-034-002,652.7,2026-09-23T16:00:00Z,GENERATOR,gs://well-workover-intervention-data/landing/generator/2026/09/23/well_status_history.parquet,BATCH-GELEKI-20260923-V1
EP-GK-034-003,GK-034,PRODUCING,2023-10-07,2024-01-05,,,,0.0,2026-09-23T16:00:00Z,GENERATOR,gs://well-workover-intervention-data/landing/generator/2026/09/23/well_status_history.parquet,BATCH-GELEKI-20260923-V1
EP-GK-034-004,GK-034,UNDER_WORKOVER,2024-01-06,2024-01-07,WAX,True,WO-GK-034-004,326.4,2026-09-23T16:00:00Z,GENERATOR,gs://well-workover-intervention-data/landing/generator/2026/09/23/well_status_history.parquet,BATCH-GELEKI-20260923-V1
EP-GK-034-005,GK-034,PRODUCING,2024-01-08,2024-08-28,,,,0.0,2026-09-23T16:00:00Z,GENERATOR,gs://well-workover-intervention-data/landing/generator/2026/09/23/well_status_history.parquet,BATCH-GELEKI-20260923-V1
EP-GK-034-006,GK-034,UNDER_WORKOVER,2024-08-29,2024-08-29,SURFACE,True,WO-GK-034-006,217.6,2026-09-23T16:00:00Z,GENERATOR,gs://well-workover-intervention-data/landing/generator/2026/09/23/well_status_history.parquet,BATCH-GELEKI-20260923-V1
EP-GK-034-007,GK-034,PRODUCING,2024-08-30,2025-01-30,,,,0.0,2026-09-23T16:00:00Z,GENERATOR,gs://well-workover-intervention-data/landing/generator/2026/09/23/well_status_history.parquet,BATCH-GELEKI-20260923-V1
EP-GK-034-008,GK-034,UNDER_WORKOVER,2025-01-31,2025-02-01,WAX,True,WO-GK-034-008,326.4,2026-09-23T16:00:00Z,GENERATOR,gs://well-workover-intervention-data/landing/generator/2026/09/23/well_status_history.parquet,BATCH-GELEKI-20260923-V1
EP-GK-034-009,GK-034,PRODUCING,2025-02-02,2025-03-12,,,,0.0,2026-09-23T16:00:00Z,GENERATOR,gs://well-workover-intervention-data/landing/generator/2026/09/23/well_status_history.parquet,BATCH-GELEKI-20260923-V1
EP-GK-034-010,GK-034,UNDER_WORKOVER,2025-03-13,2025-03-13,WAX,True,WO-GK-034-010,217.6,2026-09-23T16:00:00Z,GENERATOR,gs://well-workover-intervention-data/landing/generator/2026/09/23/well_status_history.parquet,BATCH-GELEKI-20260923-V1
EP-GK-034-011,GK-034,PRODUCING,2025-03-14,2025-07-23,,,,0.0,2026-09-23T16:00:00Z,GENERATOR,gs://well-workover-intervention-data/landing/generator/2026/09/23/well_status_history.parquet,BATCH-GELEKI-20260923-V1
EP-GK-034-012,GK-034,WAITING_ON_RIG,2025-07-24,2025-08-26,ROD_PART,False,,3807.4,2026-09-23T16:00:00Z,GENERATOR,gs://well-workover-intervention-data/landing/generator/2026/09/23/well_status_history.parquet,BATCH-GELEKI-20260923-V1
EP-GK-034-013,GK-034,UNDER_WORKOVER,2025-08-27,2025-09-06,ROD_PART,False,WO-GK-034-013,1305.4,2026-09-23T16:00:00Z,GENERATOR,gs://well-workover-intervention-data/landing/generator/2026/09/23/well_status_history.parquet,BATCH-GELEKI-20260923-V1
EP-GK-034-014,GK-034,PRODUCING,2025-09-07,2026-02-20,,,,0.0,2026-09-23T16:00:00Z,GENERATOR,gs://well-workover-intervention-data/landing/generator/2026/09/23/well_status_history.parquet,BATCH-GELEKI-20260923-V1
EP-GK-034-015,GK-034,WAITING_ON_RIG,2026-02-21,2026-03-07,WAX,False,,1740.5,2026-09-23T16:00:00Z,GENERATOR,gs://well-workover-intervention-data/landing/generator/2026/09/23/well_status_history.parquet,BATCH-GELEKI-20260923-V1
EP-GK-034-016,GK-034,UNDER_WORKOVER,2026-03-08,2026-03-11,WAX,False,WO-GK-034-016,543.9,2026-09-23T16:00:00Z,GENERATOR,gs://well-workover-intervention-data/landing/generator/2026/09/23/well_status_history.parquet,BATCH-GELEKI-20260923-V1
EP-GK-034-017,GK-034,PRODUCING,2026-03-12,2026-06-12,,,,0.0,2026-09-23T16:00:00Z,GENERATOR,gs://well-workover-intervention-data/landing/generator/2026/09/23/well_status_history.parquet,BATCH-GELEKI-20260923-V1
EP-GK-034-018,GK-034,UNDER_WORKOVER,2026-06-13,2026-06-13,SURFACE,True,WO-GK-034-018,217.6,2026-09-23T16:00:00Z,GENERATOR,gs://well-workover-intervention-data/landing/generator/2026/09/23/well_status_history.parquet,BATCH-GELEKI-20260923-V1
EP-GK-034-019,GK-034,PRODUCING,2026-06-14,,,,,0.0,2026-09-23T16:00:00Z,GENERATOR,gs://well-workover-intervention-data/landing/generator/2026/09/23/well_status_history.parquet,BATCH-GELEKI-20260923-V1
EP-GK-035-001,GK-035,PRODUCING,2023-10-01,2024-01-29,,,,0.0,2026-09-23T16:00:00Z,GENERATOR,gs://well-workover-intervention-data/landing/generator/2026/09/23/well_status_history.parquet,BATCH-GELEKI-20260923-V1
EP-GK-035-002,GK-035,UNDER_WORKOVER,2024-01-30,2024-01-30,WAX,True,WO-GK-035-002,67.9,2026-09-23T16:00:00Z,GENERATOR,gs://well-workover-intervention-data/landing/generator/2026/09/23/well_status_history.parquet,BATCH-GELEKI-20260923-V1
EP-GK-035-003,GK-035,PRODUCING,2024-01-31,2024-10-09,,,,0.0,2026-09-23T16:00:00Z,GENERATOR,gs://well-workover-intervention-data/landing/generator/2026/09/23/well_status_history.parquet,BATCH-GELEKI-20260923-V1
EP-GK-035-004,GK-035,WAITING_ON_RIG,2024-10-10,2024-10-19,SUDDEN_MECH,False,,373.5,2026-09-23T16:00:00Z,GENERATOR,gs://well-workover-intervention-data/landing/generator/2026/09/23/well_status_history.parquet,BATCH-GELEKI-20260923-V1
EP-GK-035-005,GK-035,UNDER_WORKOVER,2024-10-20,2024-10-22,SUDDEN_MECH,False,WO-GK-035-005,135.8,2026-09-23T16:00:00Z,GENERATOR,gs://well-workover-intervention-data/landing/generator/2026/09/23/well_status_history.parquet,BATCH-GELEKI-20260923-V1
EP-GK-035-006,GK-035,PRODUCING,2024-10-23,2025-03-19,,,,0.0,2026-09-23T16:00:00Z,GENERATOR,gs://well-workover-intervention-data/landing/generator/2026/09/23/well_status_history.parquet,BATCH-GELEKI-20260923-V1
EP-GK-035-007,GK-035,WAITING_ON_RIG,2025-03-20,2025-03-24,ROD_PART,False,,203.7,2026-09-23T16:00:00Z,GENERATOR,gs://well-workover-intervention-data/landing/generator/2026/09/23/well_status_history.parquet,BATCH-GELEKI-20260923-V1
EP-GK-035-008,GK-035,UNDER_WORKOVER,2025-03-25,2025-03-25,ROD_PART,False,WO-GK-035-008,67.9,2026-09-23T16:00:00Z,GENERATOR,gs://well-workover-intervention-data/landing/generator/2026/09/23/well_status_history.parquet,BATCH-GELEKI-20260923-V1
EP-GK-035-009,GK-035,PRODUCING,2025-03-26,2025-12-10,,,,0.0,2026-09-23T16:00:00Z,GENERATOR,gs://well-workover-intervention-data/landing/generator/2026/09/23/well_status_history.parquet,BATCH-GELEKI-20260923-V1
EP-GK-035-010,GK-035,WAITING_ON_RIG,2025-12-11,2025-12-15,ROD_PART,False,,203.7,2026-09-23T16:00:00Z,GENERATOR,gs://well-workover-intervention-data/landing/generator/2026/09/23/well_status_history.parquet,BATCH-GELEKI-20260923-V1
EP-GK-035-011,GK-035,UNDER_WORKOVER,2025-12-16,2025-12-16,ROD_PART,False,WO-GK-035-011,67.9,2026-09-23T16:00:00Z,GENERATOR,gs://well-workover-intervention-data/landing/generator/2026/09/23/well_status_history.parquet,BATCH-GELEKI-20260923-V1
EP-GK-035-012,GK-035,PRODUCING,2025-12-17,2026-08-29,,,,0.0,2026-09-23T16:00:00Z,GENERATOR,gs://well-workover-intervention-data/landing/generator/2026/09/23/well_status_history.parquet,BATCH-GELEKI-20260923-V1
EP-GK-035-013,GK-035,WAITING_ON_RIG,2026-08-30,,TUBING_LEAK,False,,0.0,2026-09-23T16:00:00Z,GENERATOR,gs://well-workover-intervention-data/landing/generator/2026/09/23/well_status_history.parquet,BATCH-GELEKI-20260923-V1
EP-GK-036-001,GK-036,WAITING_ON_RIG,2023-10-01,2023-09-30,SAND,False,,3495.5,2026-09-23T16:00:00Z,GENERATOR,gs://well-workover-intervention-data/landing/generator/2026/09/23/well_status_history.parquet,BATCH-GELEKI-20260923-V1
EP-GK-036-002,GK-036,UNDER_WORKOVER,2023-10-01,2023-10-07,SAND,False,WO-GK-036-002,932.1,2026-09-23T16:00:00Z,GENERATOR,gs://well-workover-intervention-data/landing/generator/2026/09/23/well_status_history.parquet,BATCH-GELEKI-20260923-V1
EP-GK-036-003,GK-036,PRODUCING,2023-10-08,2024-01-20,,,,0.0,2026-09-23T16:00:00Z,GENERATOR,gs://well-workover-intervention-data/landing/generator/2026/09/23/well_status_history.parquet,BATCH-GELEKI-20260923-V1
EP-GK-036-004,GK-036,WAITING_ON_RIG,2024-01-21,2024-02-17,OTHER,False,,3379.0,2026-09-23T16:00:00Z,GENERATOR,gs://well-workover-intervention-data/landing/generator/2026/09/23/well_status_history.parquet,BATCH-GELEKI-20260923-V1
EP-GK-036-005,GK-036,UNDER_WORKOVER,2024-02-18,2024-02-26,OTHER,False,WO-GK-036-005,1165.2,2026-09-23T16:00:00Z,GENERATOR,gs://well-workover-intervention-data/landing/generator/2026/09/23/well_status_history.parquet,BATCH-GELEKI-20260923-V1
EP-GK-036-006,GK-036,PRODUCING,2024-02-27,2024-09-01,,,,0.0,2026-09-23T16:00:00Z,GENERATOR,gs://well-workover-intervention-data/landing/generator/2026/09/23/well_status_history.parquet,BATCH-GELEKI-20260923-V1
EP-GK-036-007,GK-036,WAITING_ON_RIG,2024-09-02,2024-09-18,TUBING_LEAK,False,,2097.3,2026-09-23T16:00:00Z,GENERATOR,gs://well-workover-intervention-data/landing/generator/2026/09/23/well_status_history.parquet,BATCH-GELEKI-20260923-V1
EP-GK-036-008,GK-036,UNDER_WORKOVER,2024-09-19,2024-09-23,TUBING_LEAK,False,WO-GK-036-008,699.1,2026-09-23T16:00:00Z,GENERATOR,gs://well-workover-intervention-data/landing/generator/2026/09/23/well_status_history.parquet,BATCH-GELEKI-20260923-V1
EP-GK-036-009,GK-036,PRODUCING,2024-09-24,2025-06-13,,,,0.0,2026-09-23T16:00:00Z,GENERATOR,gs://well-workover-intervention-data/landing/generator/2026/09/23/well_status_history.parquet,BATCH-GELEKI-20260923-V1
EP-GK-036-010,GK-036,WAITING_ON_RIG,2025-06-14,2025-07-20,ROD_PART,False,,4427.7,2026-09-23T16:00:00Z,GENERATOR,gs://well-workover-intervention-data/landing/generator/2026/09/23/well_status_history.parquet,BATCH-GELEKI-20260923-V1
EP-GK-036-011,GK-036,UNDER_WORKOVER,2025-07-21,2025-07-31,ROD_PART,False,WO-GK-036-011,1398.2,2026-09-23T16:00:00Z,GENERATOR,gs://well-workover-intervention-data/landing/generator/2026/09/23/well_status_history.parquet,BATCH-GELEKI-20260923-V1
EP-GK-036-012,GK-036,PRODUCING,2025-08-01,2025-12-16,,,,0.0,2026-09-23T16:00:00Z,GENERATOR,gs://well-workover-intervention-data/landing/generator/2026/09/23/well_status_history.parquet,BATCH-GELEKI-20260923-V1
EP-GK-036-013,GK-036,WAITING_ON_RIG,2025-12-17,2026-02-03,SUDDEN_MECH,False,,5825.9,2026-09-23T16:00:00Z,GENERATOR,gs://well-workover-intervention-data/landing/generator/2026/09/23/well_status_history.parquet,BATCH-GELEKI-20260923-V1
EP-GK-036-014,GK-036,UNDER_WORKOVER,2026-02-04,2026-02-19,SUDDEN_MECH,False,WO-GK-036-014,1980.8,2026-09-23T16:00:00Z,GENERATOR,gs://well-workover-intervention-data/landing/generator/2026/09/23/well_status_history.parquet,BATCH-GELEKI-20260923-V1
EP-GK-036-015,GK-036,PRODUCING,2026-02-20,2026-08-05,,,,0.0,2026-09-23T16:00:00Z,GENERATOR,gs://well-workover-intervention-data/landing/generator/2026/09/23/well_status_history.parquet,BATCH-GELEKI-20260923-V1
EP-GK-036-016,GK-036,WAITING_ON_RIG,2026-08-06,2026-08-10,ROD_PART,False,,699.1,2026-09-23T16:00:00Z,GENERATOR,gs://well-workover-intervention-data/landing/generator/2026/09/23/well_status_history.parquet,BATCH-GELEKI-20260923-V1
EP-GK-036-017,GK-036,UNDER_WORKOVER,2026-08-11,2026-08-11,ROD_PART,False,WO-GK-036-017,233.0,2026-09-23T16:00:00Z,GENERATOR,gs://well-workover-intervention-data/landing/generator/2026/09/23/well_status_history.parquet,BATCH-GELEKI-20260923-V1
EP-GK-036-018,GK-036,PRODUCING,2026-08-12,,,,,0.0,2026-09-23T16:00:00Z,GENERATOR,gs://well-workover-intervention-data/landing/generator/2026/09/23/well_status_history.parquet,BATCH-GELEKI-20260923-V1
EP-GK-037-001,GK-037,PRODUCING,2023-10-01,2024-01-05,,,,0.0,2026-09-23T16:00:00Z,GENERATOR,gs://well-workover-intervention-data/landing/generator/2026/09/23/well_status_history.parquet,BATCH-GELEKI-20260923-V1
EP-GK-037-002,GK-037,WAITING_ON_RIG,2024-01-06,2024-03-29,SAND,False,,10195.8,2026-09-23T16:00:00Z,GENERATOR,gs://well-workover-intervention-data/landing/generator/2026/09/23/well_status_history.parquet,BATCH-GELEKI-20260923-V1
EP-GK-037-003,GK-037,UNDER_WORKOVER,2024-03-30,2024-04-25,SAND,False,WO-GK-037-003,3358.6,2026-09-23T16:00:00Z,GENERATOR,gs://well-workover-intervention-data/landing/generator/2026/09/23/well_status_history.parquet,BATCH-GELEKI-20260923-V1
EP-GK-037-004,GK-037,PRODUCING,2024-04-26,2024-09-04,,,,0.0,2026-09-23T16:00:00Z,GENERATOR,gs://well-workover-intervention-data/landing/generator/2026/09/23/well_status_history.parquet,BATCH-GELEKI-20260923-V1
EP-GK-037-005,GK-037,UNDER_WORKOVER,2024-09-05,2024-09-05,SCALE,True,WO-GK-037-005,239.9,2026-09-23T16:00:00Z,GENERATOR,gs://well-workover-intervention-data/landing/generator/2026/09/23/well_status_history.parquet,BATCH-GELEKI-20260923-V1
EP-GK-037-006,GK-037,PRODUCING,2024-09-06,2025-01-27,,,,0.0,2026-09-23T16:00:00Z,GENERATOR,gs://well-workover-intervention-data/landing/generator/2026/09/23/well_status_history.parquet,BATCH-GELEKI-20260923-V1
EP-GK-037-007,GK-037,WAITING_ON_RIG,2025-01-28,2025-04-09,ROD_PART,False,,8756.4,2026-09-23T16:00:00Z,GENERATOR,gs://well-workover-intervention-data/landing/generator/2026/09/23/well_status_history.parquet,BATCH-GELEKI-20260923-V1
EP-GK-037-008,GK-037,UNDER_WORKOVER,2025-04-10,2025-05-02,ROD_PART,False,WO-GK-037-008,2878.8,2026-09-23T16:00:00Z,GENERATOR,gs://well-workover-intervention-data/landing/generator/2026/09/23/well_status_history.parquet,BATCH-GELEKI-20260923-V1
EP-GK-037-009,GK-037,PRODUCING,2025-05-03,2025-12-02,,,,0.0,2026-09-23T16:00:00Z,GENERATOR,gs://well-workover-intervention-data/landing/generator/2026/09/23/well_status_history.parquet,BATCH-GELEKI-20260923-V1
EP-GK-037-010,GK-037,UNDER_WORKOVER,2025-12-03,2025-12-04,WAX,True,WO-GK-037-010,359.9,2026-09-23T16:00:00Z,GENERATOR,gs://well-workover-intervention-data/landing/generator/2026/09/23/well_status_history.parquet,BATCH-GELEKI-20260923-V1
EP-GK-037-011,GK-037,PRODUCING,2025-12-05,2026-05-16,,,,0.0,2026-09-23T16:00:00Z,GENERATOR,gs://well-workover-intervention-data/landing/generator/2026/09/23/well_status_history.parquet,BATCH-GELEKI-20260923-V1
EP-GK-037-012,GK-037,WAITING_ON_RIG,2026-05-17,2026-05-27,ROD_PART,False,,1439.4,2026-09-23T16:00:00Z,GENERATOR,gs://well-workover-intervention-data/landing/generator/2026/09/23/well_status_history.parquet,BATCH-GELEKI-20260923-V1
EP-GK-037-013,GK-037,UNDER_WORKOVER,2026-05-28,2026-05-30,ROD_PART,False,WO-GK-037-013,479.8,2026-09-23T16:00:00Z,GENERATOR,gs://well-workover-intervention-data/landing/generator/2026/09/23/well_status_history.parquet,BATCH-GELEKI-20260923-V1
EP-GK-037-014,GK-037,PRODUCING,2026-05-31,,,,,0.0,2026-09-23T16:00:00Z,GENERATOR,gs://well-workover-intervention-data/landing/generator/2026/09/23/well_status_history.parquet,BATCH-GELEKI-20260923-V1
EP-GK-038-001,GK-038,PRODUCING,2023-10-01,2024-02-03,,,,0.0,2026-09-23T16:00:00Z,GENERATOR,gs://well-workover-intervention-data/landing/generator/2026/09/23/well_status_history.parquet,BATCH-GELEKI-20260923-V1
EP-GK-038-002,GK-038,UNDER_WORKOVER,2024-02-04,2024-02-04,GL_HEADING,True,WO-GK-038-002,86.2,2026-09-23T16:00:00Z,GENERATOR,gs://well-workover-intervention-data/landing/generator/2026/09/23/well_status_history.parquet,BATCH-GELEKI-20260923-V1
EP-GK-038-003,GK-038,PRODUCING,2024-02-05,2024-10-23,,,,0.0,2026-09-23T16:00:00Z,GENERATOR,gs://well-workover-intervention-data/landing/generator/2026/09/23/well_status_history.parquet,BATCH-GELEKI-20260923-V1
EP-GK-038-004,GK-038,WAITING_ON_RIG,2024-10-24,2024-11-05,GL_INJ_ANOMALY,False,,603.3,2026-09-23T16:00:00Z,GENERATOR,gs://well-workover-intervention-data/landing/generator/2026/09/23/well_status_history.parquet,BATCH-GELEKI-20260923-V1
EP-GK-038-005,GK-038,UNDER_WORKOVER,2024-11-06,2024-11-09,GL_INJ_ANOMALY,False,WO-GK-038-005,215.5,2026-09-23T16:00:00Z,GENERATOR,gs://well-workover-intervention-data/landing/generator/2026/09/23/well_status_history.parquet,BATCH-GELEKI-20260923-V1
EP-GK-038-006,GK-038,PRODUCING,2024-11-10,2025-04-01,,,,0.0,2026-09-23T16:00:00Z,GENERATOR,gs://well-workover-intervention-data/landing/generator/2026/09/23/well_status_history.parquet,BATCH-GELEKI-20260923-V1
EP-GK-038-007,GK-038,WAITING_ON_RIG,2025-04-02,2025-04-06,TUBING_LEAK,False,,258.6,2026-09-23T16:00:00Z,GENERATOR,gs://well-workover-intervention-data/landing/generator/2026/09/23/well_status_history.parquet,BATCH-GELEKI-20260923-V1
EP-GK-038-008,GK-038,UNDER_WORKOVER,2025-04-07,2025-04-07,TUBING_LEAK,False,WO-GK-038-008,86.2,2026-09-23T16:00:00Z,GENERATOR,gs://well-workover-intervention-data/landing/generator/2026/09/23/well_status_history.parquet,BATCH-GELEKI-20260923-V1
EP-GK-038-009,GK-038,PRODUCING,2025-04-08,2025-09-07,,,,0.0,2026-09-23T16:00:00Z,GENERATOR,gs://well-workover-intervention-data/landing/generator/2026/09/23/well_status_history.parquet,BATCH-GELEKI-20260923-V1
EP-GK-038-010,GK-038,WAITING_ON_RIG,2025-09-08,2025-09-16,GL_INJ_ANOMALY,False,,430.9,2026-09-23T16:00:00Z,GENERATOR,gs://well-workover-intervention-data/landing/generator/2026/09/23/well_status_history.parquet,BATCH-GELEKI-20260923-V1
EP-GK-038-011,GK-038,UNDER_WORKOVER,2025-09-17,2025-09-19,GL_INJ_ANOMALY,False,WO-GK-038-011,172.4,2026-09-23T16:00:00Z,GENERATOR,gs://well-workover-intervention-data/landing/generator/2026/09/23/well_status_history.parquet,BATCH-GELEKI-20260923-V1
EP-GK-038-012,GK-038,PRODUCING,2025-09-20,2026-04-13,,,,0.0,2026-09-23T16:00:00Z,GENERATOR,gs://well-workover-intervention-data/landing/generator/2026/09/23/well_status_history.parquet,BATCH-GELEKI-20260923-V1
EP-GK-038-013,GK-038,WAITING_ON_RIG,2026-04-14,2026-09-13,GL_LOADING,False,,6636.4,2026-09-23T16:00:00Z,GENERATOR,gs://well-workover-intervention-data/landing/generator/2026/09/23/well_status_history.parquet,BATCH-GELEKI-20260923-V1
EP-GK-038-014,GK-038,UNDER_WORKOVER,2026-09-14,,GL_LOADING,False,,0.0,2026-09-23T16:00:00Z,GENERATOR,gs://well-workover-intervention-data/landing/generator/2026/09/23/well_status_history.parquet,BATCH-GELEKI-20260923-V1
EP-GK-039-001,GK-039,PRODUCING,2023-10-01,2024-01-21,,,,0.0,2026-09-23T16:00:00Z,GENERATOR,gs://well-workover-intervention-data/landing/generator/2026/09/23/well_status_history.parquet,BATCH-GELEKI-20260923-V1
EP-GK-039-002,GK-039,WAITING_ON_RIG,2024-01-22,2024-02-10,SAND,False,,1623.6,2026-09-23T16:00:00Z,GENERATOR,gs://well-workover-intervention-data/landing/generator/2026/09/23/well_status_history.parquet,BATCH-GELEKI-20260923-V1
EP-GK-039-003,GK-039,UNDER_WORKOVER,2024-02-11,2024-02-16,SAND,False,WO-GK-039-003,541.2,2026-09-23T16:00:00Z,GENERATOR,gs://well-workover-intervention-data/landing/generator/2026/09/23/well_status_history.parquet,BATCH-GELEKI-20260923-V1
EP-GK-039-004,GK-039,PRODUCING,2024-02-17,2024-08-14,,,,0.0,2026-09-23T16:00:00Z,GENERATOR,gs://well-workover-intervention-data/landing/generator/2026/09/23/well_status_history.parquet,BATCH-GELEKI-20260923-V1
EP-GK-039-005,GK-039,WAITING_ON_RIG,2024-08-15,2024-09-02,GL_INJ_ANOMALY,False,,1546.3,2026-09-23T16:00:00Z,GENERATOR,gs://well-workover-intervention-data/landing/generator/2026/09/23/well_status_history.parquet,BATCH-GELEKI-20260923-V1
EP-GK-039-006,GK-039,UNDER_WORKOVER,2024-09-03,2024-09-08,GL_INJ_ANOMALY,False,WO-GK-039-006,541.2,2026-09-23T16:00:00Z,GENERATOR,gs://well-workover-intervention-data/landing/generator/2026/09/23/well_status_history.parquet,BATCH-GELEKI-20260923-V1
EP-GK-039-007,GK-039,PRODUCING,2024-09-09,2025-01-17,,,,0.0,2026-09-23T16:00:00Z,GENERATOR,gs://well-workover-intervention-data/landing/generator/2026/09/23/well_status_history.parquet,BATCH-GELEKI-20260923-V1
EP-GK-039-008,GK-039,WAITING_ON_RIG,2025-01-18,2025-01-30,GL_INJ_ANOMALY,False,,1082.4,2026-09-23T16:00:00Z,GENERATOR,gs://well-workover-intervention-data/landing/generator/2026/09/23/well_status_history.parquet,BATCH-GELEKI-20260923-V1
EP-GK-039-009,GK-039,UNDER_WORKOVER,2025-01-31,2025-02-02,GL_INJ_ANOMALY,False,WO-GK-039-009,309.3,2026-09-23T16:00:00Z,GENERATOR,gs://well-workover-intervention-data/landing/generator/2026/09/23/well_status_history.parquet,BATCH-GELEKI-20260923-V1
EP-GK-039-010,GK-039,PRODUCING,2025-02-03,2025-05-16,,,,0.0,2026-09-23T16:00:00Z,GENERATOR,gs://well-workover-intervention-data/landing/generator/2026/09/23/well_status_history.parquet,BATCH-GELEKI-20260923-V1
EP-GK-039-011,GK-039,UNDER_WORKOVER,2025-05-17,2025-05-18,GL_HEADING,True,WO-GK-039-011,231.9,2026-09-23T16:00:00Z,GENERATOR,gs://well-workover-intervention-data/landing/generator/2026/09/23/well_status_history.parquet,BATCH-GELEKI-20260923-V1
EP-GK-039-012,GK-039,PRODUCING,2025-05-19,2025-11-27,,,,0.0,2026-09-23T16:00:00Z,GENERATOR,gs://well-workover-intervention-data/landing/generator/2026/09/23/well_status_history.parquet,BATCH-GELEKI-20260923-V1
EP-GK-039-013,GK-039,WAITING_ON_RIG,2025-11-28,2026-01-18,GL_INJ_ANOMALY,False,,4097.6,2026-09-23T16:00:00Z,GENERATOR,gs://well-workover-intervention-data/landing/generator/2026/09/23/well_status_history.parquet,BATCH-GELEKI-20260923-V1
EP-GK-039-014,GK-039,UNDER_WORKOVER,2026-01-19,2026-02-04,GL_INJ_ANOMALY,False,WO-GK-039-014,1391.6,2026-09-23T16:00:00Z,GENERATOR,gs://well-workover-intervention-data/landing/generator/2026/09/23/well_status_history.parquet,BATCH-GELEKI-20260923-V1
EP-GK-039-015,GK-039,PRODUCING,2026-02-05,,,,,0.0,2026-09-23T16:00:00Z,GENERATOR,gs://well-workover-intervention-data/landing/generator/2026/09/23/well_status_history.parquet,BATCH-GELEKI-20260923-V1
EP-GK-040-001,GK-040,PRODUCING,2023-10-01,2024-07-19,,,,0.0,2026-09-23T16:00:00Z,GENERATOR,gs://well-workover-intervention-data/landing/generator/2026/09/23/well_status_history.parquet,BATCH-GELEKI-20260923-V1
EP-GK-040-002,GK-040,WAITING_ON_RIG,2024-07-20,2024-07-26,TUBING_LEAK,False,,405.1,2026-09-23T16:00:00Z,GENERATOR,gs://well-workover-intervention-data/landing/generator/2026/09/23/well_status_history.parquet,BATCH-GELEKI-20260923-V1
EP-GK-040-003,GK-040,UNDER_WORKOVER,2024-07-27,2024-07-27,TUBING_LEAK,False,WO-GK-040-003,101.3,2026-09-23T16:00:00Z,GENERATOR,gs://well-workover-intervention-data/landing/generator/2026/09/23/well_status_history.parquet,BATCH-GELEKI-20260923-V1
EP-GK-040-004,GK-040,PRODUCING,2024-07-28,2025-05-02,,,,0.0,2026-09-23T16:00:00Z,GENERATOR,gs://well-workover-intervention-data/landing/generator/2026/09/23/well_status_history.parquet,BATCH-GELEKI-20260923-V1
EP-GK-040-005,GK-040,WAITING_ON_RIG,2025-05-03,2025-05-21,TUBING_LEAK,False,,1012.7,2026-09-23T16:00:00Z,GENERATOR,gs://well-workover-intervention-data/landing/generator/2026/09/23/well_status_history.parquet,BATCH-GELEKI-20260923-V1
EP-GK-040-006,GK-040,UNDER_WORKOVER,2025-05-22,2025-05-27,TUBING_LEAK,False,WO-GK-040-006,354.4,2026-09-23T16:00:00Z,GENERATOR,gs://well-workover-intervention-data/landing/generator/2026/09/23/well_status_history.parquet,BATCH-GELEKI-20260923-V1
EP-GK-040-007,GK-040,PRODUCING,2025-05-28,2026-05-11,,,,0.0,2026-09-23T16:00:00Z,GENERATOR,gs://well-workover-intervention-data/landing/generator/2026/09/23/well_status_history.parquet,BATCH-GELEKI-20260923-V1
EP-GK-040-008,GK-040,WAITING_ON_RIG,2026-05-12,2026-07-19,SAND,False,,3544.3,2026-09-23T16:00:00Z,GENERATOR,gs://well-workover-intervention-data/landing/generator/2026/09/23/well_status_history.parquet,BATCH-GELEKI-20260923-V1
EP-GK-040-009,GK-040,UNDER_WORKOVER,2026-07-20,2026-08-10,SAND,False,WO-GK-040-009,1164.6,2026-09-23T16:00:00Z,GENERATOR,gs://well-workover-intervention-data/landing/generator/2026/09/23/well_status_history.parquet,BATCH-GELEKI-20260923-V1
EP-GK-040-010,GK-040,PRODUCING,2026-08-11,,,,,0.0,2026-09-23T16:00:00Z,GENERATOR,gs://well-workover-intervention-data/landing/generator/2026/09/23/well_status_history.parquet,BATCH-GELEKI-20260923-V1
EP-GK-041-001,GK-041,PRODUCING,2023-10-01,2024-02-18,,,,0.0,2026-09-23T16:00:00Z,GENERATOR,gs://well-workover-intervention-data/landing/generator/2026/09/23/well_status_history.parquet,BATCH-GELEKI-20260923-V1
EP-GK-041-002,GK-041,WAITING_ON_RIG,2024-02-19,2024-03-01,ROD_PART,False,,1246.1,2026-09-23T16:00:00Z,GENERATOR,gs://well-workover-intervention-data/landing/generator/2026/09/23/well_status_history.parquet,BATCH-GELEKI-20260923-V1
EP-GK-041-003,GK-041,UNDER_WORKOVER,2024-03-02,2024-03-04,ROD_PART,False,WO-GK-041-003,383.4,2026-09-23T16:00:00Z,GENERATOR,gs://well-workover-intervention-data/landing/generator/2026/09/23/well_status_history.parquet,BATCH-GELEKI-20260923-V1
EP-GK-041-004,GK-041,PRODUCING,2024-03-05,2024-08-09,,,,0.0,2026-09-23T16:00:00Z,GENERATOR,gs://well-workover-intervention-data/landing/generator/2026/09/23/well_status_history.parquet,BATCH-GELEKI-20260923-V1
EP-GK-041-005,GK-041,WAITING_ON_RIG,2024-08-10,2024-09-10,ROD_PART,False,,3163.2,2026-09-23T16:00:00Z,GENERATOR,gs://well-workover-intervention-data/landing/generator/2026/09/23/well_status_history.parquet,BATCH-GELEKI-20260923-V1
EP-GK-041-006,GK-041,UNDER_WORKOVER,2024-09-11,2024-09-20,ROD_PART,False,WO-GK-041-006,1054.4,2026-09-23T16:00:00Z,GENERATOR,gs://well-workover-intervention-data/landing/generator/2026/09/23/well_status_history.parquet,BATCH-GELEKI-20260923-V1
EP-GK-041-007,GK-041,PRODUCING,2024-09-21,2024-12-22,,,,0.0,2026-09-23T16:00:00Z,GENERATOR,gs://well-workover-intervention-data/landing/generator/2026/09/23/well_status_history.parquet,BATCH-GELEKI-20260923-V1
EP-GK-041-008,GK-041,UNDER_WORKOVER,2024-12-23,2024-12-23,WAX,True,WO-GK-041-008,191.7,2026-09-23T16:00:00Z,GENERATOR,gs://well-workover-intervention-data/landing/generator/2026/09/23/well_status_history.parquet,BATCH-GELEKI-20260923-V1
EP-GK-041-009,GK-041,PRODUCING,2024-12-24,2025-05-13,,,,0.0,2026-09-23T16:00:00Z,GENERATOR,gs://well-workover-intervention-data/landing/generator/2026/09/23/well_status_history.parquet,BATCH-GELEKI-20260923-V1
EP-GK-041-010,GK-041,UNDER_WORKOVER,2025-05-14,2025-05-15,WAX,True,WO-GK-041-010,287.6,2026-09-23T16:00:00Z,GENERATOR,gs://well-workover-intervention-data/landing/generator/2026/09/23/well_status_history.parquet,BATCH-GELEKI-20260923-V1
EP-GK-041-011,GK-041,PRODUCING,2025-05-16,2025-06-26,,,,0.0,2026-09-23T16:00:00Z,GENERATOR,gs://well-workover-intervention-data/landing/generator/2026/09/23/well_status_history.parquet,BATCH-GELEKI-20260923-V1
EP-GK-041-012,GK-041,WAITING_ON_RIG,2025-06-27,2025-07-05,OTHER,False,,958.5,2026-09-23T16:00:00Z,GENERATOR,gs://well-workover-intervention-data/landing/generator/2026/09/23/well_status_history.parquet,BATCH-GELEKI-20260923-V1
EP-GK-041-013,GK-041,UNDER_WORKOVER,2025-07-06,2025-07-07,OTHER,False,WO-GK-041-013,287.6,2026-09-23T16:00:00Z,GENERATOR,gs://well-workover-intervention-data/landing/generator/2026/09/23/well_status_history.parquet,BATCH-GELEKI-20260923-V1
EP-GK-041-014,GK-041,PRODUCING,2025-07-08,2025-09-04,,,,0.0,2026-09-23T16:00:00Z,GENERATOR,gs://well-workover-intervention-data/landing/generator/2026/09/23/well_status_history.parquet,BATCH-GELEKI-20260923-V1
EP-GK-041-015,GK-041,WAITING_ON_RIG,2025-09-05,2025-09-09,ROD_PART,False,,575.1,2026-09-23T16:00:00Z,GENERATOR,gs://well-workover-intervention-data/landing/generator/2026/09/23/well_status_history.parquet,BATCH-GELEKI-20260923-V1
EP-GK-041-016,GK-041,UNDER_WORKOVER,2025-09-10,2025-09-10,ROD_PART,False,WO-GK-041-016,191.7,2026-09-23T16:00:00Z,GENERATOR,gs://well-workover-intervention-data/landing/generator/2026/09/23/well_status_history.parquet,BATCH-GELEKI-20260923-V1
EP-GK-041-017,GK-041,PRODUCING,2025-09-11,2025-10-24,,,,0.0,2026-09-23T16:00:00Z,GENERATOR,gs://well-workover-intervention-data/landing/generator/2026/09/23/well_status_history.parquet,BATCH-GELEKI-20260923-V1
EP-GK-041-018,GK-041,WAITING_ON_RIG,2025-10-25,2025-10-29,WAX,False,,575.1,2026-09-23T16:00:00Z,GENERATOR,gs://well-workover-intervention-data/landing/generator/2026/09/23/well_status_history.parquet,BATCH-GELEKI-20260923-V1
EP-GK-041-019,GK-041,UNDER_WORKOVER,2025-10-30,2025-10-30,WAX,False,WO-GK-041-019,191.7,2026-09-23T16:00:00Z,GENERATOR,gs://well-workover-intervention-data/landing/generator/2026/09/23/well_status_history.parquet,BATCH-GELEKI-20260923-V1
EP-GK-041-020,GK-041,PRODUCING,2025-10-31,2026-02-13,,,,0.0,2026-09-23T16:00:00Z,GENERATOR,gs://well-workover-intervention-data/landing/generator/2026/09/23/well_status_history.parquet,BATCH-GELEKI-20260923-V1
EP-GK-041-021,GK-041,WAITING_ON_RIG,2026-02-14,2026-05-29,SAND,False,,10160.4,2026-09-23T16:00:00Z,GENERATOR,gs://well-workover-intervention-data/landing/generator/2026/09/23/well_status_history.parquet,BATCH-GELEKI-20260923-V1
EP-GK-041-022,GK-041,UNDER_WORKOVER,2026-05-30,2026-07-03,SAND,False,WO-GK-041-022,3450.7,2026-09-23T16:00:00Z,GENERATOR,gs://well-workover-intervention-data/landing/generator/2026/09/23/well_status_history.parquet,BATCH-GELEKI-20260923-V1
EP-GK-041-023,GK-041,PRODUCING,2026-07-04,,,,,0.0,2026-09-23T16:00:00Z,GENERATOR,gs://well-workover-intervention-data/landing/generator/2026/09/23/well_status_history.parquet,BATCH-GELEKI-20260923-V1
EP-GK-042-001,GK-042,PRODUCING,2023-10-01,2024-02-04,,,,0.0,2026-09-23T16:00:00Z,GENERATOR,gs://well-workover-intervention-data/landing/generator/2026/09/23/well_status_history.parquet,BATCH-GELEKI-20260923-V1
EP-GK-042-002,GK-042,UNDER_WORKOVER,2024-02-05,2024-02-05,SURFACE,True,WO-GK-042-002,247.6,2026-09-23T16:00:00Z,GENERATOR,gs://well-workover-intervention-data/landing/generator/2026/09/23/well_status_history.parquet,BATCH-GELEKI-20260923-V1
EP-GK-042-003,GK-042,PRODUCING,2024-02-06,2024-05-20,,,,0.0,2026-09-23T16:00:00Z,GENERATOR,gs://well-workover-intervention-data/landing/generator/2026/09/23/well_status_history.parquet,BATCH-GELEKI-20260923-V1
EP-GK-042-004,GK-042,WAITING_ON_RIG,2024-05-21,2024-06-14,PUMP_WEAR,False,,3218.5,2026-09-23T16:00:00Z,GENERATOR,gs://well-workover-intervention-data/landing/generator/2026/09/23/well_status_history.parquet,BATCH-GELEKI-20260923-V1
EP-GK-042-005,GK-042,UNDER_WORKOVER,2024-06-15,2024-06-21,PUMP_WEAR,False,WO-GK-042-005,990.3,2026-09-23T16:00:00Z,GENERATOR,gs://well-workover-intervention-data/landing/generator/2026/09/23/well_status_history.parquet,BATCH-GELEKI-20260923-V1
EP-GK-042-006,GK-042,PRODUCING,2024-06-22,2024-10-20,,,,0.0,2026-09-23T16:00:00Z,GENERATOR,gs://well-workover-intervention-data/landing/generator/2026/09/23/well_status_history.parquet,BATCH-GELEKI-20260923-V1
EP-GK-042-007,GK-042,WAITING_ON_RIG,2024-10-21,2025-02-26,SUDDEN_MECH,False,,16092.7,2026-09-23T16:00:00Z,GENERATOR,gs://well-workover-intervention-data/landing/generator/2026/09/23/well_status_history.parquet,BATCH-GELEKI-20260923-V1
EP-GK-042-008,GK-042,UNDER_WORKOVER,2025-02-27,2025-04-10,SUDDEN_MECH,False,WO-GK-042-008,5446.8,2026-09-23T16:00:00Z,GENERATOR,gs://well-workover-intervention-data/landing/generator/2026/09/23/well_status_history.parquet,BATCH-GELEKI-20260923-V1
EP-GK-042-009,GK-042,PRODUCING,2025-04-11,2025-06-19,,,,0.0,2026-09-23T16:00:00Z,GENERATOR,gs://well-workover-intervention-data/landing/generator/2026/09/23/well_status_history.parquet,BATCH-GELEKI-20260923-V1
EP-GK-042-010,GK-042,WAITING_ON_RIG,2025-06-20,2025-06-25,TUBING_LEAK,False,,866.5,2026-09-23T16:00:00Z,GENERATOR,gs://well-workover-intervention-data/landing/generator/2026/09/23/well_status_history.parquet,BATCH-GELEKI-20260923-V1
EP-GK-042-011,GK-042,UNDER_WORKOVER,2025-06-26,2025-06-26,TUBING_LEAK,False,WO-GK-042-011,247.6,2026-09-23T16:00:00Z,GENERATOR,gs://well-workover-intervention-data/landing/generator/2026/09/23/well_status_history.parquet,BATCH-GELEKI-20260923-V1
EP-GK-042-012,GK-042,PRODUCING,2025-06-27,2025-09-17,,,,0.0,2026-09-23T16:00:00Z,GENERATOR,gs://well-workover-intervention-data/landing/generator/2026/09/23/well_status_history.parquet,BATCH-GELEKI-20260923-V1
EP-GK-042-013,GK-042,WAITING_ON_RIG,2025-09-18,2025-09-22,TUBING_LEAK,False,,742.7,2026-09-23T16:00:00Z,GENERATOR,gs://well-workover-intervention-data/landing/generator/2026/09/23/well_status_history.parquet,BATCH-GELEKI-20260923-V1
EP-GK-042-014,GK-042,UNDER_WORKOVER,2025-09-23,2025-09-23,TUBING_LEAK,False,WO-GK-042-014,247.6,2026-09-23T16:00:00Z,GENERATOR,gs://well-workover-intervention-data/landing/generator/2026/09/23/well_status_history.parquet,BATCH-GELEKI-20260923-V1
EP-GK-042-015,GK-042,PRODUCING,2025-09-24,2026-02-20,,,,0.0,2026-09-23T16:00:00Z,GENERATOR,gs://well-workover-intervention-data/landing/generator/2026/09/23/well_status_history.parquet,BATCH-GELEKI-20260923-V1
EP-GK-042-016,GK-042,WAITING_ON_RIG,2026-02-21,2026-02-25,TUBING_LEAK,False,,742.7,2026-09-23T16:00:00Z,GENERATOR,gs://well-workover-intervention-data/landing/generator/2026/09/23/well_status_history.parquet,BATCH-GELEKI-20260923-V1
EP-GK-042-017,GK-042,UNDER_WORKOVER,2026-02-26,2026-02-26,TUBING_LEAK,False,WO-GK-042-017,247.6,2026-09-23T16:00:00Z,GENERATOR,gs://well-workover-intervention-data/landing/generator/2026/09/23/well_status_history.parquet,BATCH-GELEKI-20260923-V1
EP-GK-042-018,GK-042,PRODUCING,2026-02-27,2026-05-14,,,,0.0,2026-09-23T16:00:00Z,GENERATOR,gs://well-workover-intervention-data/landing/generator/2026/09/23/well_status_history.parquet,BATCH-GELEKI-20260923-V1
EP-GK-042-019,GK-042,WAITING_ON_RIG,2026-05-15,2026-06-22,PUMP_WEAR,False,,4951.6,2026-09-23T16:00:00Z,GENERATOR,gs://well-workover-intervention-data/landing/generator/2026/09/23/well_status_history.parquet,BATCH-GELEKI-20260923-V1
EP-GK-042-020,GK-042,UNDER_WORKOVER,2026-06-23,2026-07-05,PUMP_WEAR,False,WO-GK-042-020,1733.1,2026-09-23T16:00:00Z,GENERATOR,gs://well-workover-intervention-data/landing/generator/2026/09/23/well_status_history.parquet,BATCH-GELEKI-20260923-V1
EP-GK-042-021,GK-042,PRODUCING,2026-07-06,,,,,0.0,2026-09-23T16:00:00Z,GENERATOR,gs://well-workover-intervention-data/landing/generator/2026/09/23/well_status_history.parquet,BATCH-GELEKI-20260923-V1
EP-GK-043-001,GK-043,PRODUCING,2023-10-01,2023-12-24,,,,0.0,2026-09-23T16:00:00Z,GENERATOR,gs://well-workover-intervention-data/landing/generator/2026/09/23/well_status_history.parquet,BATCH-GELEKI-20260923-V1
EP-GK-043-002,GK-043,UNDER_WORKOVER,2023-12-25,2023-12-25,SURFACE,True,WO-GK-043-002,114.4,2026-09-23T16:00:00Z,GENERATOR,gs://well-workover-intervention-data/landing/generator/2026/09/23/well_status_history.parquet,BATCH-GELEKI-20260923-V1
EP-GK-043-003,GK-043,PRODUCING,2023-12-26,2024-06-11,,,,0.0,2026-09-23T16:00:00Z,GENERATOR,gs://well-workover-intervention-data/landing/generator/2026/09/23/well_status_history.parquet,BATCH-GELEKI-20260923-V1
EP-GK-043-004,GK-043,WAITING_ON_RIG,2024-06-12,2024-06-28,SAND,False,,1029.3,2026-09-23T16:00:00Z,GENERATOR,gs://well-workover-intervention-data/landing/generator/2026/09/23/well_status_history.parquet,BATCH-GELEKI-20260923-V1
EP-GK-043-005,GK-043,UNDER_WORKOVER,2024-06-29,2024-07-03,SAND,False,WO-GK-043-005,343.1,2026-09-23T16:00:00Z,GENERATOR,gs://well-workover-intervention-data/landing/generator/2026/09/23/well_status_history.parquet,BATCH-GELEKI-20260923-V1
EP-GK-043-006,GK-043,PRODUCING,2024-07-04,2025-03-10,,,,0.0,2026-09-23T16:00:00Z,GENERATOR,gs://well-workover-intervention-data/landing/generator/2026/09/23/well_status_history.parquet,BATCH-GELEKI-20260923-V1
EP-GK-043-007,GK-043,WAITING_ON_RIG,2025-03-11,2025-03-26,WAX,False,,972.1,2026-09-23T16:00:00Z,GENERATOR,gs://well-workover-intervention-data/landing/generator/2026/09/23/well_status_history.parquet,BATCH-GELEKI-20260923-V1
EP-GK-043-008,GK-043,UNDER_WORKOVER,2025-03-27,2025-03-31,WAX,False,WO-GK-043-008,343.1,2026-09-23T16:00:00Z,GENERATOR,gs://well-workover-intervention-data/landing/generator/2026/09/23/well_status_history.parquet,BATCH-GELEKI-20260923-V1
EP-GK-043-009,GK-043,PRODUCING,2025-04-01,2025-09-13,,,,0.0,2026-09-23T16:00:00Z,GENERATOR,gs://well-workover-intervention-data/landing/generator/2026/09/23/well_status_history.parquet,BATCH-GELEKI-20260923-V1
EP-GK-043-010,GK-043,UNDER_WORKOVER,2025-09-14,2025-09-14,SURFACE,True,WO-GK-043-010,114.4,2026-09-23T16:00:00Z,GENERATOR,gs://well-workover-intervention-data/landing/generator/2026/09/23/well_status_history.parquet,BATCH-GELEKI-20260923-V1
EP-GK-043-011,GK-043,PRODUCING,2025-09-15,2026-03-09,,,,0.0,2026-09-23T16:00:00Z,GENERATOR,gs://well-workover-intervention-data/landing/generator/2026/09/23/well_status_history.parquet,BATCH-GELEKI-20260923-V1
EP-GK-043-012,GK-043,WAITING_ON_RIG,2026-03-10,2026-03-18,WAX,False,,571.8,2026-09-23T16:00:00Z,GENERATOR,gs://well-workover-intervention-data/landing/generator/2026/09/23/well_status_history.parquet,BATCH-GELEKI-20260923-V1
EP-GK-043-013,GK-043,UNDER_WORKOVER,2026-03-19,2026-03-21,WAX,False,WO-GK-043-013,228.7,2026-09-23T16:00:00Z,GENERATOR,gs://well-workover-intervention-data/landing/generator/2026/09/23/well_status_history.parquet,BATCH-GELEKI-20260923-V1
EP-GK-043-014,GK-043,PRODUCING,2026-03-22,,,,,0.0,2026-09-23T16:00:00Z,GENERATOR,gs://well-workover-intervention-data/landing/generator/2026/09/23/well_status_history.parquet,BATCH-GELEKI-20260923-V1
EP-GK-044-001,GK-044,PRODUCING,2023-10-01,2023-11-23,,,,0.0,2026-09-23T16:00:00Z,GENERATOR,gs://well-workover-intervention-data/landing/generator/2026/09/23/well_status_history.parquet,BATCH-GELEKI-20260923-V1
EP-GK-044-002,GK-044,WAITING_ON_RIG,2023-11-24,2023-12-01,ROD_PART,False,,814.4,2026-09-23T16:00:00Z,GENERATOR,gs://well-workover-intervention-data/landing/generator/2026/09/23/well_status_history.parquet,BATCH-GELEKI-20260923-V1
EP-GK-044-003,GK-044,UNDER_WORKOVER,2023-12-02,2023-12-03,ROD_PART,False,WO-GK-044-003,271.5,2026-09-23T16:00:00Z,GENERATOR,gs://well-workover-intervention-data/landing/generator/2026/09/23/well_status_history.parquet,BATCH-GELEKI-20260923-V1
EP-GK-044-004,GK-044,PRODUCING,2023-12-04,2024-02-11,,,,0.0,2026-09-23T16:00:00Z,GENERATOR,gs://well-workover-intervention-data/landing/generator/2026/09/23/well_status_history.parquet,BATCH-GELEKI-20260923-V1
EP-GK-044-005,GK-044,WAITING_ON_RIG,2024-02-12,2024-05-10,TUBING_LEAK,False,,8143.9,2026-09-23T16:00:00Z,GENERATOR,gs://well-workover-intervention-data/landing/generator/2026/09/23/well_status_history.parquet,BATCH-GELEKI-20260923-V1
EP-GK-044-006,GK-044,UNDER_WORKOVER,2024-05-11,2024-06-08,TUBING_LEAK,False,WO-GK-044-006,2714.6,2026-09-23T16:00:00Z,GENERATOR,gs://well-workover-intervention-data/landing/generator/2026/09/23/well_status_history.parquet,BATCH-GELEKI-20260923-V1
EP-GK-044-007,GK-044,PRODUCING,2024-06-09,2024-10-13,,,,0.0,2026-09-23T16:00:00Z,GENERATOR,gs://well-workover-intervention-data/landing/generator/2026/09/23/well_status_history.parquet,BATCH-GELEKI-20260923-V1
EP-GK-044-008,GK-044,WAITING_ON_RIG,2024-10-14,2024-12-09,ROD_PART,False,,5248.3,2026-09-23T16:00:00Z,GENERATOR,gs://well-workover-intervention-data/landing/generator/2026/09/23/well_status_history.parquet,BATCH-GELEKI-20260923-V1
EP-GK-044-009,GK-044,UNDER_WORKOVER,2024-12-10,2024-12-28,ROD_PART,False,WO-GK-044-009,1809.7,2026-09-23T16:00:00Z,GENERATOR,gs://well-workover-intervention-data/landing/generator/2026/09/23/well_status_history.parquet,BATCH-GELEKI-20260923-V1
EP-GK-044-010,GK-044,PRODUCING,2024-12-29,2025-03-14,,,,0.0,2026-09-23T16:00:00Z,GENERATOR,gs://well-workover-intervention-data/landing/generator/2026/09/23/well_status_history.parquet,BATCH-GELEKI-20260923-V1
EP-GK-044-011,GK-044,WAITING_ON_RIG,2025-03-15,2025-03-20,PUMP_WEAR,False,,633.4,2026-09-23T16:00:00Z,GENERATOR,gs://well-workover-intervention-data/landing/generator/2026/09/23/well_status_history.parquet,BATCH-GELEKI-20260923-V1
EP-GK-044-012,GK-044,UNDER_WORKOVER,2025-03-21,2025-03-21,PUMP_WEAR,False,WO-GK-044-012,181.0,2026-09-23T16:00:00Z,GENERATOR,gs://well-workover-intervention-data/landing/generator/2026/09/23/well_status_history.parquet,BATCH-GELEKI-20260923-V1
EP-GK-044-013,GK-044,PRODUCING,2025-03-22,2025-07-20,,,,0.0,2026-09-23T16:00:00Z,GENERATOR,gs://well-workover-intervention-data/landing/generator/2026/09/23/well_status_history.parquet,BATCH-GELEKI-20260923-V1
EP-GK-044-014,GK-044,WAITING_ON_RIG,2025-07-21,2025-07-25,PUMP_WEAR,False,,542.9,2026-09-23T16:00:00Z,GENERATOR,gs://well-workover-intervention-data/landing/generator/2026/09/23/well_status_history.parquet,BATCH-GELEKI-20260923-V1
EP-GK-044-015,GK-044,UNDER_WORKOVER,2025-07-26,2025-07-26,PUMP_WEAR,False,WO-GK-044-015,181.0,2026-09-23T16:00:00Z,GENERATOR,gs://well-workover-intervention-data/landing/generator/2026/09/23/well_status_history.parquet,BATCH-GELEKI-20260923-V1
EP-GK-044-016,GK-044,PRODUCING,2025-07-27,2025-12-10,,,,0.0,2026-09-23T16:00:00Z,GENERATOR,gs://well-workover-intervention-data/landing/generator/2026/09/23/well_status_history.parquet,BATCH-GELEKI-20260923-V1
EP-GK-044-017,GK-044,WAITING_ON_RIG,2025-12-11,2026-01-06,TUBING_LEAK,False,,2533.6,2026-09-23T16:00:00Z,GENERATOR,gs://well-workover-intervention-data/landing/generator/2026/09/23/well_status_history.parquet,BATCH-GELEKI-20260923-V1
EP-GK-044-018,GK-044,UNDER_WORKOVER,2026-01-07,2026-01-14,TUBING_LEAK,False,WO-GK-044-018,814.4,2026-09-23T16:00:00Z,GENERATOR,gs://well-workover-intervention-data/landing/generator/2026/09/23/well_status_history.parquet,BATCH-GELEKI-20260923-V1
EP-GK-044-019,GK-044,PRODUCING,2026-01-15,2026-04-27,,,,0.0,2026-09-23T16:00:00Z,GENERATOR,gs://well-workover-intervention-data/landing/generator/2026/09/23/well_status_history.parquet,BATCH-GELEKI-20260923-V1
EP-GK-044-020,GK-044,WAITING_ON_RIG,2026-04-28,2026-06-06,SAND,False,,3710.0,2026-09-23T16:00:00Z,GENERATOR,gs://well-workover-intervention-data/landing/generator/2026/09/23/well_status_history.parquet,BATCH-GELEKI-20260923-V1
EP-GK-044-021,GK-044,UNDER_WORKOVER,2026-06-07,2026-06-19,SAND,False,WO-GK-044-021,1266.8,2026-09-23T16:00:00Z,GENERATOR,gs://well-workover-intervention-data/landing/generator/2026/09/23/well_status_history.parquet,BATCH-GELEKI-20260923-V1
EP-GK-044-022,GK-044,PRODUCING,2026-06-20,,,,,0.0,2026-09-23T16:00:00Z,GENERATOR,gs://well-workover-intervention-data/landing/generator/2026/09/23/well_status_history.parquet,BATCH-GELEKI-20260923-V1
EP-GK-045-001,GK-045,PRODUCING,2023-10-01,2023-10-16,,,,0.0,2026-09-23T16:00:00Z,GENERATOR,gs://well-workover-intervention-data/landing/generator/2026/09/23/well_status_history.parquet,BATCH-GELEKI-20260923-V1
EP-GK-045-002,GK-045,WAITING_ON_RIG,2023-10-17,2023-10-21,ROD_PART,False,,567.9,2026-09-23T16:00:00Z,GENERATOR,gs://well-workover-intervention-data/landing/generator/2026/09/23/well_status_history.parquet,BATCH-GELEKI-20260923-V1
EP-GK-045-003,GK-045,UNDER_WORKOVER,2023-10-22,2023-10-22,ROD_PART,False,WO-GK-045-003,189.3,2026-09-23T16:00:00Z,GENERATOR,gs://well-workover-intervention-data/landing/generator/2026/09/23/well_status_history.parquet,BATCH-GELEKI-20260923-V1
EP-GK-045-004,GK-045,PRODUCING,2023-10-23,2024-03-28,,,,0.0,2026-09-23T16:00:00Z,GENERATOR,gs://well-workover-intervention-data/landing/generator/2026/09/23/well_status_history.parquet,BATCH-GELEKI-20260923-V1
EP-GK-045-005,GK-045,WAITING_ON_RIG,2024-03-29,2024-05-10,PUMP_WEAR,False,,4164.7,2026-09-23T16:00:00Z,GENERATOR,gs://well-workover-intervention-data/landing/generator/2026/09/23/well_status_history.parquet,BATCH-GELEKI-20260923-V1
EP-GK-045-006,GK-045,UNDER_WORKOVER,2024-05-11,2024-05-24,PUMP_WEAR,False,WO-GK-045-006,1419.8,2026-09-23T16:00:00Z,GENERATOR,gs://well-workover-intervention-data/landing/generator/2026/09/23/well_status_history.parquet,BATCH-GELEKI-20260923-V1
EP-GK-045-007,GK-045,PRODUCING,2024-05-25,2024-11-05,,,,0.0,2026-09-23T16:00:00Z,GENERATOR,gs://well-workover-intervention-data/landing/generator/2026/09/23/well_status_history.parquet,BATCH-GELEKI-20260923-V1
EP-GK-045-008,GK-045,UNDER_WORKOVER,2024-11-06,2024-11-07,SURFACE,True,WO-GK-045-008,284.0,2026-09-23T16:00:00Z,GENERATOR,gs://well-workover-intervention-data/landing/generator/2026/09/23/well_status_history.parquet,BATCH-GELEKI-20260923-V1
EP-GK-045-009,GK-045,PRODUCING,2024-11-08,2025-05-21,,,,0.0,2026-09-23T16:00:00Z,GENERATOR,gs://well-workover-intervention-data/landing/generator/2026/09/23/well_status_history.parquet,BATCH-GELEKI-20260923-V1
EP-GK-045-010,GK-045,WAITING_ON_RIG,2025-05-22,2025-07-02,ROD_PART,False,,4070.1,2026-09-23T16:00:00Z,GENERATOR,gs://well-workover-intervention-data/landing/generator/2026/09/23/well_status_history.parquet,BATCH-GELEKI-20260923-V1
EP-GK-045-011,GK-045,UNDER_WORKOVER,2025-07-03,2025-07-15,ROD_PART,False,WO-GK-045-011,1325.1,2026-09-23T16:00:00Z,GENERATOR,gs://well-workover-intervention-data/landing/generator/2026/09/23/well_status_history.parquet,BATCH-GELEKI-20260923-V1
EP-GK-045-012,GK-045,PRODUCING,2025-07-16,2026-02-16,,,,0.0,2026-09-23T16:00:00Z,GENERATOR,gs://well-workover-intervention-data/landing/generator/2026/09/23/well_status_history.parquet,BATCH-GELEKI-20260923-V1
EP-GK-045-013,GK-045,WAITING_ON_RIG,2026-02-17,2026-03-03,ROD_PART,False,,1514.4,2026-09-23T16:00:00Z,GENERATOR,gs://well-workover-intervention-data/landing/generator/2026/09/23/well_status_history.parquet,BATCH-GELEKI-20260923-V1
EP-GK-045-014,GK-045,UNDER_WORKOVER,2026-03-04,2026-03-08,ROD_PART,False,WO-GK-045-014,567.9,2026-09-23T16:00:00Z,GENERATOR,gs://well-workover-intervention-data/landing/generator/2026/09/23/well_status_history.parquet,BATCH-GELEKI-20260923-V1
EP-GK-045-015,GK-045,PRODUCING,2026-03-09,,,,,0.0,2026-09-23T16:00:00Z,GENERATOR,gs://well-workover-intervention-data/landing/generator/2026/09/23/well_status_history.parquet,BATCH-GELEKI-20260923-V1
EP-GK-046-001,GK-046,WAITING_ON_RIG,2023-10-01,2023-10-15,ROD_PART,False,,3161.7,2026-09-23T16:00:00Z,GENERATOR,gs://well-workover-intervention-data/landing/generator/2026/09/23/well_status_history.parquet,BATCH-GELEKI-20260923-V1
EP-GK-046-002,GK-046,UNDER_WORKOVER,2023-10-16,2023-11-08,ROD_PART,False,WO-GK-046-002,1068.1,2026-09-23T16:00:00Z,GENERATOR,gs://well-workover-intervention-data/landing/generator/2026/09/23/well_status_history.parquet,BATCH-GELEKI-20260923-V1
EP-GK-046-003,GK-046,PRODUCING,2023-11-09,2024-03-18,,,,0.0,2026-09-23T16:00:00Z,GENERATOR,gs://well-workover-intervention-data/landing/generator/2026/09/23/well_status_history.parquet,BATCH-GELEKI-20260923-V1
EP-GK-046-004,GK-046,WAITING_ON_RIG,2024-03-19,2024-04-02,TUBING_LEAK,False,,683.6,2026-09-23T16:00:00Z,GENERATOR,gs://well-workover-intervention-data/landing/generator/2026/09/23/well_status_history.parquet,BATCH-GELEKI-20260923-V1
EP-GK-046-005,GK-046,UNDER_WORKOVER,2024-04-03,2024-04-06,TUBING_LEAK,False,WO-GK-046-005,213.6,2026-09-23T16:00:00Z,GENERATOR,gs://well-workover-intervention-data/landing/generator/2026/09/23/well_status_history.parquet,BATCH-GELEKI-20260923-V1
EP-GK-046-006,GK-046,PRODUCING,2024-04-07,2024-09-28,,,,0.0,2026-09-23T16:00:00Z,GENERATOR,gs://well-workover-intervention-data/landing/generator/2026/09/23/well_status_history.parquet,BATCH-GELEKI-20260923-V1
EP-GK-046-007,GK-046,WAITING_ON_RIG,2024-09-29,2025-02-19,TUBING_LEAK,False,,6195.3,2026-09-23T16:00:00Z,GENERATOR,gs://well-workover-intervention-data/landing/generator/2026/09/23/well_status_history.parquet,BATCH-GELEKI-20260923-V1
EP-GK-046-008,GK-046,UNDER_WORKOVER,2025-02-20,2025-04-07,TUBING_LEAK,False,WO-GK-046-008,2050.8,2026-09-23T16:00:00Z,GENERATOR,gs://well-workover-intervention-data/landing/generator/2026/09/23/well_status_history.parquet,BATCH-GELEKI-20260923-V1
EP-GK-046-009,GK-046,PRODUCING,2025-04-08,2025-05-14,,,,0.0,2026-09-23T16:00:00Z,GENERATOR,gs://well-workover-intervention-data/landing/generator/2026/09/23/well_status_history.parquet,BATCH-GELEKI-20260923-V1
EP-GK-046-010,GK-046,WAITING_ON_RIG,2025-05-15,2025-05-19,ROD_PART,False,,256.4,2026-09-23T16:00:00Z,GENERATOR,gs://well-workover-intervention-data/landing/generator/2026/09/23/well_status_history.parquet,BATCH-GELEKI-20260923-V1
EP-GK-046-011,GK-046,UNDER_WORKOVER,2025-05-20,2025-05-20,ROD_PART,False,WO-GK-046-011,85.5,2026-09-23T16:00:00Z,GENERATOR,gs://well-workover-intervention-data/landing/generator/2026/09/23/well_status_history.parquet,BATCH-GELEKI-20260923-V1
EP-GK-046-012,GK-046,PRODUCING,2025-05-21,2026-04-01,,,,0.0,2026-09-23T16:00:00Z,GENERATOR,gs://well-workover-intervention-data/landing/generator/2026/09/23/well_status_history.parquet,BATCH-GELEKI-20260923-V1
EP-GK-046-013,GK-046,WAITING_ON_RIG,2026-04-02,2026-05-12,SAND,False,,1794.5,2026-09-23T16:00:00Z,GENERATOR,gs://well-workover-intervention-data/landing/generator/2026/09/23/well_status_history.parquet,BATCH-GELEKI-20260923-V1
EP-GK-046-014,GK-046,UNDER_WORKOVER,2026-05-13,2026-05-25,SAND,False,WO-GK-046-014,598.2,2026-09-23T16:00:00Z,GENERATOR,gs://well-workover-intervention-data/landing/generator/2026/09/23/well_status_history.parquet,BATCH-GELEKI-20260923-V1
EP-GK-046-015,GK-046,PRODUCING,2026-05-26,,,,,0.0,2026-09-23T16:00:00Z,GENERATOR,gs://well-workover-intervention-data/landing/generator/2026/09/23/well_status_history.parquet,BATCH-GELEKI-20260923-V1
EP-GK-047-001,GK-047,PRODUCING,2023-10-01,2024-08-23,,,,0.0,2026-09-23T16:00:00Z,GENERATOR,gs://well-workover-intervention-data/landing/generator/2026/09/23/well_status_history.parquet,BATCH-GELEKI-20260923-V1
EP-GK-047-002,GK-047,UNDER_WORKOVER,2024-08-24,2024-08-24,SURFACE,True,WO-GK-047-002,65.3,2026-09-23T16:00:00Z,GENERATOR,gs://well-workover-intervention-data/landing/generator/2026/09/23/well_status_history.parquet,BATCH-GELEKI-20260923-V1
EP-GK-047-003,GK-047,PRODUCING,2024-08-25,2025-05-07,,,,0.0,2026-09-23T16:00:00Z,GENERATOR,gs://well-workover-intervention-data/landing/generator/2026/09/23/well_status_history.parquet,BATCH-GELEKI-20260923-V1
EP-GK-047-004,GK-047,WAITING_ON_RIG,2025-05-08,2025-06-24,OTHER,False,,1599.5,2026-09-23T16:00:00Z,GENERATOR,gs://well-workover-intervention-data/landing/generator/2026/09/23/well_status_history.parquet,BATCH-GELEKI-20260923-V1
EP-GK-047-005,GK-047,UNDER_WORKOVER,2025-06-25,2025-07-09,OTHER,False,WO-GK-047-005,522.3,2026-09-23T16:00:00Z,GENERATOR,gs://well-workover-intervention-data/landing/generator/2026/09/23/well_status_history.parquet,BATCH-GELEKI-20260923-V1
EP-GK-047-006,GK-047,PRODUCING,2025-07-10,2026-07-01,,,,0.0,2026-09-23T16:00:00Z,GENERATOR,gs://well-workover-intervention-data/landing/generator/2026/09/23/well_status_history.parquet,BATCH-GELEKI-20260923-V1
EP-GK-047-007,GK-047,UNDER_WORKOVER,2026-07-02,2026-07-02,WAX,True,WO-GK-047-007,65.3,2026-09-23T16:00:00Z,GENERATOR,gs://well-workover-intervention-data/landing/generator/2026/09/23/well_status_history.parquet,BATCH-GELEKI-20260923-V1
EP-GK-047-008,GK-047,PRODUCING,2026-07-03,,,,,0.0,2026-09-23T16:00:00Z,GENERATOR,gs://well-workover-intervention-data/landing/generator/2026/09/23/well_status_history.parquet,BATCH-GELEKI-20260923-V1
EP-GK-048-001,GK-048,PRODUCING,2023-10-01,2024-03-12,,,,0.0,2026-09-23T16:00:00Z,GENERATOR,gs://well-workover-intervention-data/landing/generator/2026/09/23/well_status_history.parquet,BATCH-GELEKI-20260923-V1
EP-GK-048-002,GK-048,WAITING_ON_RIG,2024-03-13,2024-03-17,WAX,False,,249.6,2026-09-23T16:00:00Z,GENERATOR,gs://well-workover-intervention-data/landing/generator/2026/09/23/well_status_history.parquet,BATCH-GELEKI-20260923-V1
EP-GK-048-003,GK-048,UNDER_WORKOVER,2024-03-18,2024-03-18,WAX,False,WO-GK-048-003,83.2,2026-09-23T16:00:00Z,GENERATOR,gs://well-workover-intervention-data/landing/generator/2026/09/23/well_status_history.parquet,BATCH-GELEKI-20260923-V1
EP-GK-048-004,GK-048,PRODUCING,2024-03-19,2024-09-23,,,,0.0,2026-09-23T16:00:00Z,GENERATOR,gs://well-workover-intervention-data/landing/generator/2026/09/23/well_status_history.parquet,BATCH-GELEKI-20260923-V1
EP-GK-048-005,GK-048,WAITING_ON_RIG,2024-09-24,2024-09-29,OTHER,False,,291.2,2026-09-23T16:00:00Z,GENERATOR,gs://well-workover-intervention-data/landing/generator/2026/09/23/well_status_history.parquet,BATCH-GELEKI-20260923-V1
EP-GK-048-006,GK-048,UNDER_WORKOVER,2024-09-30,2024-09-30,OTHER,False,WO-GK-048-006,83.2,2026-09-23T16:00:00Z,GENERATOR,gs://well-workover-intervention-data/landing/generator/2026/09/23/well_status_history.parquet,BATCH-GELEKI-20260923-V1
EP-GK-048-007,GK-048,PRODUCING,2024-10-01,2025-07-25,,,,0.0,2026-09-23T16:00:00Z,GENERATOR,gs://well-workover-intervention-data/landing/generator/2026/09/23/well_status_history.parquet,BATCH-GELEKI-20260923-V1
EP-GK-048-008,GK-048,WAITING_ON_RIG,2025-07-26,2025-08-12,TUBING_LEAK,False,,790.4,2026-09-23T16:00:00Z,GENERATOR,gs://well-workover-intervention-data/landing/generator/2026/09/23/well_status_history.parquet,BATCH-GELEKI-20260923-V1
EP-GK-048-009,GK-048,UNDER_WORKOVER,2025-08-13,2025-08-17,TUBING_LEAK,False,WO-GK-048-009,249.6,2026-09-23T16:00:00Z,GENERATOR,gs://well-workover-intervention-data/landing/generator/2026/09/23/well_status_history.parquet,BATCH-GELEKI-20260923-V1
EP-GK-048-010,GK-048,PRODUCING,2025-08-18,2026-06-03,,,,0.0,2026-09-23T16:00:00Z,GENERATOR,gs://well-workover-intervention-data/landing/generator/2026/09/23/well_status_history.parquet,BATCH-GELEKI-20260923-V1
EP-GK-048-011,GK-048,PRODUCING,2026-06-18,,,,,0.0,2026-09-23T16:00:00Z,GENERATOR,gs://well-workover-intervention-data/landing/generator/2026/09/23/well_status_history.parquet,BATCH-GELEKI-20260923-V1
EP-GK-049-001,GK-049,PRODUCING,2023-10-01,2024-01-01,,,,0.0,2026-09-23T16:00:00Z,GENERATOR,gs://well-workover-intervention-data/landing/generator/2026/09/23/well_status_history.parquet,BATCH-GELEKI-20260923-V1
EP-GK-049-002,GK-049,WAITING_ON_RIG,2024-01-02,2024-01-06,TUBING_LEAK,False,,483.0,2026-09-23T16:00:00Z,GENERATOR,gs://well-workover-intervention-data/landing/generator/2026/09/23/well_status_history.parquet,BATCH-GELEKI-20260923-V1
EP-GK-049-003,GK-049,UNDER_WORKOVER,2024-01-07,2024-01-07,TUBING_LEAK,False,WO-GK-049-003,161.0,2026-09-23T16:00:00Z,GENERATOR,gs://well-workover-intervention-data/landing/generator/2026/09/23/well_status_history.parquet,BATCH-GELEKI-20260923-V1
EP-GK-049-004,GK-049,PRODUCING,2024-01-08,2024-04-24,,,,0.0,2026-09-23T16:00:00Z,GENERATOR,gs://well-workover-intervention-data/landing/generator/2026/09/23/well_status_history.parquet,BATCH-GELEKI-20260923-V1
EP-GK-049-005,GK-049,WAITING_ON_RIG,2024-04-25,2024-05-02,WAX,False,,724.5,2026-09-23T16:00:00Z,GENERATOR,gs://well-workover-intervention-data/landing/generator/2026/09/23/well_status_history.parquet,BATCH-GELEKI-20260923-V1
EP-GK-049-006,GK-049,UNDER_WORKOVER,2024-05-03,2024-05-04,WAX,False,WO-GK-049-006,241.5,2026-09-23T16:00:00Z,GENERATOR,gs://well-workover-intervention-data/landing/generator/2026/09/23/well_status_history.parquet,BATCH-GELEKI-20260923-V1
EP-GK-049-007,GK-049,PRODUCING,2024-05-05,2024-10-15,,,,0.0,2026-09-23T16:00:00Z,GENERATOR,gs://well-workover-intervention-data/landing/generator/2026/09/23/well_status_history.parquet,BATCH-GELEKI-20260923-V1
EP-GK-049-008,GK-049,WAITING_ON_RIG,2024-10-16,2024-10-20,SAND,False,,483.0,2026-09-23T16:00:00Z,GENERATOR,gs://well-workover-intervention-data/landing/generator/2026/09/23/well_status_history.parquet,BATCH-GELEKI-20260923-V1
EP-GK-049-009,GK-049,UNDER_WORKOVER,2024-10-21,2024-10-21,SAND,False,WO-GK-049-009,161.0,2026-09-23T16:00:00Z,GENERATOR,gs://well-workover-intervention-data/landing/generator/2026/09/23/well_status_history.parquet,BATCH-GELEKI-20260923-V1
EP-GK-049-010,GK-049,PRODUCING,2024-10-22,2025-01-28,,,,0.0,2026-09-23T16:00:00Z,GENERATOR,gs://well-workover-intervention-data/landing/generator/2026/09/23/well_status_history.parquet,BATCH-GELEKI-20260923-V1
EP-GK-049-011,GK-049,WAITING_ON_RIG,2025-01-29,2025-02-28,WAX,False,,2575.9,2026-09-23T16:00:00Z,GENERATOR,gs://well-workover-intervention-data/landing/generator/2026/09/23/well_status_history.parquet,BATCH-GELEKI-20260923-V1
EP-GK-049-012,GK-049,UNDER_WORKOVER,2025-03-01,2025-03-10,WAX,False,WO-GK-049-012,885.5,2026-09-23T16:00:00Z,GENERATOR,gs://well-workover-intervention-data/landing/generator/2026/09/23/well_status_history.parquet,BATCH-GELEKI-20260923-V1
EP-GK-049-013,GK-049,PRODUCING,2025-03-11,2025-08-22,,,,0.0,2026-09-23T16:00:00Z,GENERATOR,gs://well-workover-intervention-data/landing/generator/2026/09/23/well_status_history.parquet,BATCH-GELEKI-20260923-V1
EP-GK-049-014,GK-049,UNDER_WORKOVER,2025-08-23,2025-08-23,WAX,True,WO-GK-049-014,161.0,2026-09-23T16:00:00Z,GENERATOR,gs://well-workover-intervention-data/landing/generator/2026/09/23/well_status_history.parquet,BATCH-GELEKI-20260923-V1
EP-GK-049-015,GK-049,PRODUCING,2025-08-24,2025-10-28,,,,0.0,2026-09-23T16:00:00Z,GENERATOR,gs://well-workover-intervention-data/landing/generator/2026/09/23/well_status_history.parquet,BATCH-GELEKI-20260923-V1
EP-GK-049-016,GK-049,UNDER_WORKOVER,2025-10-29,2025-10-29,GL_HEADING,True,WO-GK-049-016,161.0,2026-09-23T16:00:00Z,GENERATOR,gs://well-workover-intervention-data/landing/generator/2026/09/23/well_status_history.parquet,BATCH-GELEKI-20260923-V1
EP-GK-049-017,GK-049,PRODUCING,2025-10-30,2026-02-07,,,,0.0,2026-09-23T16:00:00Z,GENERATOR,gs://well-workover-intervention-data/landing/generator/2026/09/23/well_status_history.parquet,BATCH-GELEKI-20260923-V1
EP-GK-049-018,GK-049,UNDER_WORKOVER,2026-02-08,2026-02-09,GL_HEADING,True,WO-GK-049-018,241.5,2026-09-23T16:00:00Z,GENERATOR,gs://well-workover-intervention-data/landing/generator/2026/09/23/well_status_history.parquet,BATCH-GELEKI-20260923-V1
EP-GK-049-019,GK-049,PRODUCING,2026-02-10,2026-06-26,,,,0.0,2026-09-23T16:00:00Z,GENERATOR,gs://well-workover-intervention-data/landing/generator/2026/09/23/well_status_history.parquet,BATCH-GELEKI-20260923-V1
EP-GK-049-020,GK-049,UNDER_WORKOVER,2026-06-27,2026-06-27,SURFACE,True,WO-GK-049-020,161.0,2026-09-23T16:00:00Z,GENERATOR,gs://well-workover-intervention-data/landing/generator/2026/09/23/well_status_history.parquet,BATCH-GELEKI-20260923-V1
EP-GK-049-021,GK-049,PRODUCING,2026-06-28,2026-09-18,,,,0.0,2026-09-23T16:00:00Z,GENERATOR,gs://well-workover-intervention-data/landing/generator/2026/09/23/well_status_history.parquet,BATCH-GELEKI-20260923-V1
EP-GK-049-022,GK-049,WAITING_ON_RIG,2026-09-19,,TUBING_LEAK,False,,0.0,2026-09-23T16:00:00Z,GENERATOR,gs://well-workover-intervention-data/landing/generator/2026/09/23/well_status_history.parquet,BATCH-GELEKI-20260923-V1
EP-GK-050-001,GK-050,PRODUCING,2023-10-01,2024-04-18,,,,0.0,2026-09-23T16:00:00Z,GENERATOR,gs://well-workover-intervention-data/landing/generator/2026/09/23/well_status_history.parquet,BATCH-GELEKI-20260923-V1
EP-GK-050-002,GK-050,UNDER_WORKOVER,2024-04-19,2024-04-19,SURFACE,True,WO-GK-050-002,187.2,2026-09-23T16:00:00Z,GENERATOR,gs://well-workover-intervention-data/landing/generator/2026/09/23/well_status_history.parquet,BATCH-GELEKI-20260923-V1
EP-GK-050-003,GK-050,PRODUCING,2024-04-20,2024-09-09,,,,0.0,2026-09-23T16:00:00Z,GENERATOR,gs://well-workover-intervention-data/landing/generator/2026/09/23/well_status_history.parquet,BATCH-GELEKI-20260923-V1
EP-GK-050-004,GK-050,WAITING_ON_RIG,2024-09-10,2024-10-31,SAND,False,,4961.1,2026-09-23T16:00:00Z,GENERATOR,gs://well-workover-intervention-data/landing/generator/2026/09/23/well_status_history.parquet,BATCH-GELEKI-20260923-V1
EP-GK-050-005,GK-050,UNDER_WORKOVER,2024-11-01,2024-11-17,SAND,False,WO-GK-050-005,1684.9,2026-09-23T16:00:00Z,GENERATOR,gs://well-workover-intervention-data/landing/generator/2026/09/23/well_status_history.parquet,BATCH-GELEKI-20260923-V1
EP-GK-050-006,GK-050,PRODUCING,2024-11-18,2025-06-01,,,,0.0,2026-09-23T16:00:00Z,GENERATOR,gs://well-workover-intervention-data/landing/generator/2026/09/23/well_status_history.parquet,BATCH-GELEKI-20260923-V1
EP-GK-050-007,GK-050,WAITING_ON_RIG,2025-06-02,2025-07-12,ROD_PART,False,,3931.5,2026-09-23T16:00:00Z,GENERATOR,gs://well-workover-intervention-data/landing/generator/2026/09/23/well_status_history.parquet,BATCH-GELEKI-20260923-V1
EP-GK-050-008,GK-050,UNDER_WORKOVER,2025-07-13,2025-07-25,ROD_PART,False,WO-GK-050-008,1310.5,2026-09-23T16:00:00Z,GENERATOR,gs://well-workover-intervention-data/landing/generator/2026/09/23/well_status_history.parquet,BATCH-GELEKI-20260923-V1
EP-GK-050-009,GK-050,PRODUCING,2025-07-26,2025-11-21,,,,0.0,2026-09-23T16:00:00Z,GENERATOR,gs://well-workover-intervention-data/landing/generator/2026/09/23/well_status_history.parquet,BATCH-GELEKI-20260923-V1
EP-GK-050-010,GK-050,UNDER_WORKOVER,2025-11-22,2025-11-22,WAX,True,WO-GK-050-010,187.2,2026-09-23T16:00:00Z,GENERATOR,gs://well-workover-intervention-data/landing/generator/2026/09/23/well_status_history.parquet,BATCH-GELEKI-20260923-V1
EP-GK-050-011,GK-050,PRODUCING,2025-11-23,2026-04-19,,,,0.0,2026-09-23T16:00:00Z,GENERATOR,gs://well-workover-intervention-data/landing/generator/2026/09/23/well_status_history.parquet,BATCH-GELEKI-20260923-V1
EP-GK-050-012,GK-050,WAITING_ON_RIG,2026-04-20,2026-06-01,PUMP_WEAR,False,,4118.7,2026-09-23T16:00:00Z,GENERATOR,gs://well-workover-intervention-data/landing/generator/2026/09/23/well_status_history.parquet,BATCH-GELEKI-20260923-V1
EP-GK-050-013,GK-050,UNDER_WORKOVER,2026-06-02,2026-06-15,PUMP_WEAR,False,WO-GK-050-013,1404.1,2026-09-23T16:00:00Z,GENERATOR,gs://well-workover-intervention-data/landing/generator/2026/09/23/well_status_history.parquet,BATCH-GELEKI-20260923-V1
EP-GK-050-014,GK-050,PRODUCING,2026-06-16,,,,,0.0,2026-09-23T16:00:00Z,GENERATOR,gs://well-workover-intervention-data/landing/generator/2026/09/23/well_status_history.parquet,BATCH-GELEKI-20260923-V1
EP-GK-051-001,GK-051,PRODUCING,2023-10-01,2023-10-31,,,,0.0,2026-09-23T16:00:00Z,GENERATOR,gs://well-workover-intervention-data/landing/generator/2026/09/23/well_status_history.parquet,BATCH-GELEKI-20260923-V1
EP-GK-051-002,GK-051,WAITING_ON_RIG,2023-11-01,2023-11-19,WAX,False,,2022.3,2026-09-23T16:00:00Z,GENERATOR,gs://well-workover-intervention-data/landing/generator/2026/09/23/well_status_history.parquet,BATCH-GELEKI-20260923-V1
EP-GK-051-003,GK-051,UNDER_WORKOVER,2023-11-20,2023-11-25,WAX,False,WO-GK-051-003,707.8,2026-09-23T16:00:00Z,GENERATOR,gs://well-workover-intervention-data/landing/generator/2026/09/23/well_status_history.parquet,BATCH-GELEKI-20260923-V1
EP-GK-051-004,GK-051,PRODUCING,2023-11-26,2024-04-09,,,,0.0,2026-09-23T16:00:00Z,GENERATOR,gs://well-workover-intervention-data/landing/generator/2026/09/23/well_status_history.parquet,BATCH-GELEKI-20260923-V1
EP-GK-051-005,GK-051,WAITING_ON_RIG,2024-04-10,2024-05-19,WAX,False,,4145.7,2026-09-23T16:00:00Z,GENERATOR,gs://well-workover-intervention-data/landing/generator/2026/09/23/well_status_history.parquet,BATCH-GELEKI-20260923-V1
EP-GK-051-006,GK-051,UNDER_WORKOVER,2024-05-20,2024-06-01,WAX,False,WO-GK-051-006,1415.6,2026-09-23T16:00:00Z,GENERATOR,gs://well-workover-intervention-data/landing/generator/2026/09/23/well_status_history.parquet,BATCH-GELEKI-20260923-V1
EP-GK-051-007,GK-051,PRODUCING,2024-06-02,2024-11-06,,,,0.0,2026-09-23T16:00:00Z,GENERATOR,gs://well-workover-intervention-data/landing/generator/2026/09/23/well_status_history.parquet,BATCH-GELEKI-20260923-V1
EP-GK-051-008,GK-051,WAITING_ON_RIG,2024-11-07,2024-12-29,WAX,False,,5460.2,2026-09-23T16:00:00Z,GENERATOR,gs://well-workover-intervention-data/landing/generator/2026/09/23/well_status_history.parquet,BATCH-GELEKI-20260923-V1
EP-GK-051-009,GK-051,UNDER_WORKOVER,2024-12-30,2025-01-15,WAX,False,WO-GK-051-009,1820.1,2026-09-23T16:00:00Z,GENERATOR,gs://well-workover-intervention-data/landing/generator/2026/09/23/well_status_history.parquet,BATCH-GELEKI-20260923-V1
EP-GK-051-010,GK-051,PRODUCING,2025-01-16,2025-05-02,,,,0.0,2026-09-23T16:00:00Z,GENERATOR,gs://well-workover-intervention-data/landing/generator/2026/09/23/well_status_history.parquet,BATCH-GELEKI-20260923-V1
EP-GK-051-011,GK-051,WAITING_ON_RIG,2025-05-03,2025-05-14,WAX,False,,1314.5,2026-09-23T16:00:00Z,GENERATOR,gs://well-workover-intervention-data/landing/generator/2026/09/23/well_status_history.parquet,BATCH-GELEKI-20260923-V1
EP-GK-051-012,GK-051,UNDER_WORKOVER,2025-05-15,2025-05-17,WAX,False,WO-GK-051-012,404.5,2026-09-23T16:00:00Z,GENERATOR,gs://well-workover-intervention-data/landing/generator/2026/09/23/well_status_history.parquet,BATCH-GELEKI-20260923-V1
EP-GK-051-013,GK-051,PRODUCING,2025-05-18,2025-09-08,,,,0.0,2026-09-23T16:00:00Z,GENERATOR,gs://well-workover-intervention-data/landing/generator/2026/09/23/well_status_history.parquet,BATCH-GELEKI-20260923-V1
EP-GK-051-014,GK-051,WAITING_ON_RIG,2025-09-09,2025-09-13,WAX,False,,606.7,2026-09-23T16:00:00Z,GENERATOR,gs://well-workover-intervention-data/landing/generator/2026/09/23/well_status_history.parquet,BATCH-GELEKI-20260923-V1
EP-GK-051-015,GK-051,UNDER_WORKOVER,2025-09-14,2025-09-14,WAX,False,WO-GK-051-015,202.2,2026-09-23T16:00:00Z,GENERATOR,gs://well-workover-intervention-data/landing/generator/2026/09/23/well_status_history.parquet,BATCH-GELEKI-20260923-V1
EP-GK-051-016,GK-051,PRODUCING,2025-09-15,2025-11-26,,,,0.0,2026-09-23T16:00:00Z,GENERATOR,gs://well-workover-intervention-data/landing/generator/2026/09/23/well_status_history.parquet,BATCH-GELEKI-20260923-V1
EP-GK-051-017,GK-051,WAITING_ON_RIG,2025-11-27,2025-12-09,WAX,False,,1415.6,2026-09-23T16:00:00Z,GENERATOR,gs://well-workover-intervention-data/landing/generator/2026/09/23/well_status_history.parquet,BATCH-GELEKI-20260923-V1
EP-GK-051-018,GK-051,UNDER_WORKOVER,2025-12-10,2025-12-12,WAX,False,WO-GK-051-018,404.5,2026-09-23T16:00:00Z,GENERATOR,gs://well-workover-intervention-data/landing/generator/2026/09/23/well_status_history.parquet,BATCH-GELEKI-20260923-V1
EP-GK-051-019,GK-051,PRODUCING,2025-12-13,2026-04-09,,,,0.0,2026-09-23T16:00:00Z,GENERATOR,gs://well-workover-intervention-data/landing/generator/2026/09/23/well_status_history.parquet,BATCH-GELEKI-20260923-V1
EP-GK-051-020,GK-051,UNDER_WORKOVER,2026-04-10,2026-04-10,SURFACE,True,WO-GK-051-020,202.2,2026-09-23T16:00:00Z,GENERATOR,gs://well-workover-intervention-data/landing/generator/2026/09/23/well_status_history.parquet,BATCH-GELEKI-20260923-V1
EP-GK-051-021,GK-051,PRODUCING,2026-04-11,,,,,0.0,2026-09-23T16:00:00Z,GENERATOR,gs://well-workover-intervention-data/landing/generator/2026/09/23/well_status_history.parquet,BATCH-GELEKI-20260923-V1
EP-GK-052-001,GK-052,PRODUCING,2023-10-01,2023-12-02,,,,0.0,2026-09-23T16:00:00Z,GENERATOR,gs://well-workover-intervention-data/landing/generator/2026/09/23/well_status_history.parquet,BATCH-GELEKI-20260923-V1
EP-GK-052-002,GK-052,WAITING_ON_RIG,2023-12-03,2023-12-14,TUBING_LEAK,False,,1535.9,2026-09-23T16:00:00Z,GENERATOR,gs://well-workover-intervention-data/landing/generator/2026/09/23/well_status_history.parquet,BATCH-GELEKI-20260923-V1
EP-GK-052-003,GK-052,UNDER_WORKOVER,2023-12-15,2023-12-17,TUBING_LEAK,False,WO-GK-052-003,472.6,2026-09-23T16:00:00Z,GENERATOR,gs://well-workover-intervention-data/landing/generator/2026/09/23/well_status_history.parquet,BATCH-GELEKI-20260923-V1
EP-GK-052-004,GK-052,PRODUCING,2023-12-18,2024-03-18,,,,0.0,2026-09-23T16:00:00Z,GENERATOR,gs://well-workover-intervention-data/landing/generator/2026/09/23/well_status_history.parquet,BATCH-GELEKI-20260923-V1
EP-GK-052-005,GK-052,UNDER_WORKOVER,2024-03-19,2024-03-20,WAX,True,WO-GK-052-005,354.4,2026-09-23T16:00:00Z,GENERATOR,gs://well-workover-intervention-data/landing/generator/2026/09/23/well_status_history.parquet,BATCH-GELEKI-20260923-V1
EP-GK-052-006,GK-052,PRODUCING,2024-03-21,2024-07-26,,,,0.0,2026-09-23T16:00:00Z,GENERATOR,gs://well-workover-intervention-data/landing/generator/2026/09/23/well_status_history.parquet,BATCH-GELEKI-20260923-V1
EP-GK-052-007,GK-052,WAITING_ON_RIG,2024-07-27,2024-08-02,TUBING_LEAK,False,,945.2,2026-09-23T16:00:00Z,GENERATOR,gs://well-workover-intervention-data/landing/generator/2026/09/23/well_status_history.parquet,BATCH-GELEKI-20260923-V1
EP-GK-052-008,GK-052,UNDER_WORKOVER,2024-08-03,2024-08-04,TUBING_LEAK,False,WO-GK-052-008,354.4,2026-09-23T16:00:00Z,GENERATOR,gs://well-workover-intervention-data/landing/generator/2026/09/23/well_status_history.parquet,BATCH-GELEKI-20260923-V1
EP-GK-052-009,GK-052,PRODUCING,2024-08-05,2024-11-17,,,,0.0,2026-09-23T16:00:00Z,GENERATOR,gs://well-workover-intervention-data/landing/generator/2026/09/23/well_status_history.parquet,BATCH-GELEKI-20260923-V1
EP-GK-052-010,GK-052,UNDER_WORKOVER,2024-11-18,2024-11-19,WAX,True,WO-GK-052-010,354.4,2026-09-23T16:00:00Z,GENERATOR,gs://well-workover-intervention-data/landing/generator/2026/09/23/well_status_history.parquet,BATCH-GELEKI-20260923-V1
EP-GK-052-011,GK-052,PRODUCING,2024-11-20,2024-12-15,,,,0.0,2026-09-23T16:00:00Z,GENERATOR,gs://well-workover-intervention-data/landing/generator/2026/09/23/well_status_history.parquet,BATCH-GELEKI-20260923-V1
EP-GK-052-012,GK-052,WAITING_ON_RIG,2024-12-16,2024-12-26,SAND,False,,1417.8,2026-09-23T16:00:00Z,GENERATOR,gs://well-workover-intervention-data/landing/generator/2026/09/23/well_status_history.parquet,BATCH-GELEKI-20260923-V1
EP-GK-052-013,GK-052,UNDER_WORKOVER,2024-12-27,2024-12-29,SAND,False,WO-GK-052-013,472.6,2026-09-23T16:00:00Z,GENERATOR,gs://well-workover-intervention-data/landing/generator/2026/09/23/well_status_history.parquet,BATCH-GELEKI-20260923-V1
EP-GK-052-014,GK-052,PRODUCING,2024-12-30,2025-05-10,,,,0.0,2026-09-23T16:00:00Z,GENERATOR,gs://well-workover-intervention-data/landing/generator/2026/09/23/well_status_history.parquet,BATCH-GELEKI-20260923-V1
EP-GK-052-015,GK-052,UNDER_WORKOVER,2025-05-11,2025-05-11,SURFACE,True,WO-GK-052-015,236.3,2026-09-23T16:00:00Z,GENERATOR,gs://well-workover-intervention-data/landing/generator/2026/09/23/well_status_history.parquet,BATCH-GELEKI-20260923-V1
EP-GK-052-016,GK-052,PRODUCING,2025-05-12,2025-07-20,,,,0.0,2026-09-23T16:00:00Z,GENERATOR,gs://well-workover-intervention-data/landing/generator/2026/09/23/well_status_history.parquet,BATCH-GELEKI-20260923-V1
EP-GK-052-017,GK-052,WAITING_ON_RIG,2025-07-21,2025-08-23,SUDDEN_MECH,False,,4135.2,2026-09-23T16:00:00Z,GENERATOR,gs://well-workover-intervention-data/landing/generator/2026/09/23/well_status_history.parquet,BATCH-GELEKI-20260923-V1
EP-GK-052-018,GK-052,UNDER_WORKOVER,2025-08-24,2025-09-03,SUDDEN_MECH,False,WO-GK-052-018,1417.8,2026-09-23T16:00:00Z,GENERATOR,gs://well-workover-intervention-data/landing/generator/2026/09/23/well_status_history.parquet,BATCH-GELEKI-20260923-V1
EP-GK-052-019,GK-052,PRODUCING,2025-09-04,2025-11-03,,,,0.0,2026-09-23T16:00:00Z,GENERATOR,gs://well-workover-intervention-data/landing/generator/2026/09/23/well_status_history.parquet,BATCH-GELEKI-20260923-V1
EP-GK-052-020,GK-052,UNDER_WORKOVER,2025-11-04,2025-11-05,WAX,True,WO-GK-052-020,354.4,2026-09-23T16:00:00Z,GENERATOR,gs://well-workover-intervention-data/landing/generator/2026/09/23/well_status_history.parquet,BATCH-GELEKI-20260923-V1
EP-GK-052-021,GK-052,PRODUCING,2025-11-06,2026-04-20,,,,0.0,2026-09-23T16:00:00Z,GENERATOR,gs://well-workover-intervention-data/landing/generator/2026/09/23/well_status_history.parquet,BATCH-GELEKI-20260923-V1
EP-GK-052-022,GK-052,WAITING_ON_RIG,2026-04-21,2026-04-25,SAND,False,,708.9,2026-09-23T16:00:00Z,GENERATOR,gs://well-workover-intervention-data/landing/generator/2026/09/23/well_status_history.parquet,BATCH-GELEKI-20260923-V1
EP-GK-052-023,GK-052,UNDER_WORKOVER,2026-04-26,2026-04-26,SAND,False,WO-GK-052-023,236.3,2026-09-23T16:00:00Z,GENERATOR,gs://well-workover-intervention-data/landing/generator/2026/09/23/well_status_history.parquet,BATCH-GELEKI-20260923-V1
EP-GK-052-024,GK-052,PRODUCING,2026-04-27,2026-07-05,,,,0.0,2026-09-23T16:00:00Z,GENERATOR,gs://well-workover-intervention-data/landing/generator/2026/09/23/well_status_history.parquet,BATCH-GELEKI-20260923-V1
EP-GK-052-025,GK-052,UNDER_WORKOVER,2026-07-06,2026-07-06,SURFACE,True,WO-GK-052-025,236.3,2026-09-23T16:00:00Z,GENERATOR,gs://well-workover-intervention-data/landing/generator/2026/09/23/well_status_history.parquet,BATCH-GELEKI-20260923-V1
EP-GK-052-026,GK-052,PRODUCING,2026-07-07,,,,,0.0,2026-09-23T16:00:00Z,GENERATOR,gs://well-workover-intervention-data/landing/generator/2026/09/23/well_status_history.parquet,BATCH-GELEKI-20260923-V1
EP-GK-053-001,GK-053,PRODUCING,2023-10-01,2023-11-20,,,,0.0,2026-09-23T16:00:00Z,GENERATOR,gs://well-workover-intervention-data/landing/generator/2026/09/23/well_status_history.parquet,BATCH-GELEKI-20260923-V1
EP-GK-053-002,GK-053,WAITING_ON_RIG,2023-11-21,2024-02-23,GL_LOADING,False,,10175.8,2026-09-23T16:00:00Z,GENERATOR,gs://well-workover-intervention-data/landing/generator/2026/09/23/well_status_history.parquet,BATCH-GELEKI-20260923-V1
EP-GK-053-003,GK-053,UNDER_WORKOVER,2024-02-24,2024-03-25,GL_LOADING,False,WO-GK-053-003,3391.9,2026-09-23T16:00:00Z,GENERATOR,gs://well-workover-intervention-data/landing/generator/2026/09/23/well_status_history.parquet,BATCH-GELEKI-20260923-V1
EP-GK-053-004,GK-053,PRODUCING,2024-03-26,2024-10-27,,,,0.0,2026-09-23T16:00:00Z,GENERATOR,gs://well-workover-intervention-data/landing/generator/2026/09/23/well_status_history.parquet,BATCH-GELEKI-20260923-V1
EP-GK-053-005,GK-053,WAITING_ON_RIG,2024-10-28,2024-11-19,GL_LOADING,False,,2544.0,2026-09-23T16:00:00Z,GENERATOR,gs://well-workover-intervention-data/landing/generator/2026/09/23/well_status_history.parquet,BATCH-GELEKI-20260923-V1
EP-GK-053-006,GK-053,UNDER_WORKOVER,2024-11-20,2024-11-26,GL_LOADING,False,WO-GK-053-006,848.0,2026-09-23T16:00:00Z,GENERATOR,gs://well-workover-intervention-data/landing/generator/2026/09/23/well_status_history.parquet,BATCH-GELEKI-20260923-V1
EP-GK-053-007,GK-053,PRODUCING,2024-11-27,2025-02-23,,,,0.0,2026-09-23T16:00:00Z,GENERATOR,gs://well-workover-intervention-data/landing/generator/2026/09/23/well_status_history.parquet,BATCH-GELEKI-20260923-V1
EP-GK-053-008,GK-053,UNDER_WORKOVER,2025-02-24,2025-02-24,GL_HEADING,True,WO-GK-053-008,212.0,2026-09-23T16:00:00Z,GENERATOR,gs://well-workover-intervention-data/landing/generator/2026/09/23/well_status_history.parquet,BATCH-GELEKI-20260923-V1
EP-GK-053-009,GK-053,PRODUCING,2025-02-25,2025-08-23,,,,0.0,2026-09-23T16:00:00Z,GENERATOR,gs://well-workover-intervention-data/landing/generator/2026/09/23/well_status_history.parquet,BATCH-GELEKI-20260923-V1
EP-GK-053-010,GK-053,WAITING_ON_RIG,2025-08-24,2025-09-12,GL_LOADING,False,,2226.0,2026-09-23T16:00:00Z,GENERATOR,gs://well-workover-intervention-data/landing/generator/2026/09/23/well_status_history.parquet,BATCH-GELEKI-20260923-V1
EP-GK-053-011,GK-053,UNDER_WORKOVER,2025-09-13,2025-09-18,GL_LOADING,False,WO-GK-053-011,742.0,2026-09-23T16:00:00Z,GENERATOR,gs://well-workover-intervention-data/landing/generator/2026/09/23/well_status_history.parquet,BATCH-GELEKI-20260923-V1
EP-GK-053-012,GK-053,PRODUCING,2025-09-19,2026-06-21,,,,0.0,2026-09-23T16:00:00Z,GENERATOR,gs://well-workover-intervention-data/landing/generator/2026/09/23/well_status_history.parquet,BATCH-GELEKI-20260923-V1
EP-GK-053-013,GK-053,UNDER_WORKOVER,2026-06-22,2026-06-22,GL_HEADING,True,WO-GK-053-013,212.0,2026-09-23T16:00:00Z,GENERATOR,gs://well-workover-intervention-data/landing/generator/2026/09/23/well_status_history.parquet,BATCH-GELEKI-20260923-V1
EP-GK-053-014,GK-053,PRODUCING,2026-06-23,,,,,0.0,2026-09-23T16:00:00Z,GENERATOR,gs://well-workover-intervention-data/landing/generator/2026/09/23/well_status_history.parquet,BATCH-GELEKI-20260923-V1
EP-GK-054-001,GK-054,PRODUCING,2023-10-01,2023-12-18,,,,0.0,2026-09-23T16:00:00Z,GENERATOR,gs://well-workover-intervention-data/landing/generator/2026/09/23/well_status_history.parquet,BATCH-GELEKI-20260923-V1
EP-GK-054-002,GK-054,UNDER_WORKOVER,2023-12-19,2023-12-19,GL_HEADING,True,WO-GK-054-002,221.1,2026-09-23T16:00:00Z,GENERATOR,gs://well-workover-intervention-data/landing/generator/2026/09/23/well_status_history.parquet,BATCH-GELEKI-20260923-V1
EP-GK-054-003,GK-054,PRODUCING,2023-12-20,2024-04-03,,,,0.0,2026-09-23T16:00:00Z,GENERATOR,gs://well-workover-intervention-data/landing/generator/2026/09/23/well_status_history.parquet,BATCH-GELEKI-20260923-V1
EP-GK-054-004,GK-054,WAITING_ON_RIG,2024-04-04,2024-05-30,GL_LOADING,False,,6411.5,2026-09-23T16:00:00Z,GENERATOR,gs://well-workover-intervention-data/landing/generator/2026/09/23/well_status_history.parquet,BATCH-GELEKI-20260923-V1
EP-GK-054-005,GK-054,UNDER_WORKOVER,2024-05-31,2024-06-17,GL_LOADING,False,WO-GK-054-005,2100.3,2026-09-23T16:00:00Z,GENERATOR,gs://well-workover-intervention-data/landing/generator/2026/09/23/well_status_history.parquet,BATCH-GELEKI-20260923-V1
EP-GK-054-006,GK-054,PRODUCING,2024-06-18,2024-09-13,,,,0.0,2026-09-23T16:00:00Z,GENERATOR,gs://well-workover-intervention-data/landing/generator/2026/09/23/well_status_history.parquet,BATCH-GELEKI-20260923-V1
EP-GK-054-007,GK-054,WAITING_ON_RIG,2024-09-14,2024-09-18,GL_LOADING,False,,663.3,2026-09-23T16:00:00Z,GENERATOR,gs://well-workover-intervention-data/landing/generator/2026/09/23/well_status_history.parquet,BATCH-GELEKI-20260923-V1
EP-GK-054-008,GK-054,UNDER_WORKOVER,2024-09-19,2024-09-19,GL_LOADING,False,WO-GK-054-008,221.1,2026-09-23T16:00:00Z,GENERATOR,gs://well-workover-intervention-data/landing/generator/2026/09/23/well_status_history.parquet,BATCH-GELEKI-20260923-V1
EP-GK-054-009,GK-054,PRODUCING,2024-09-20,2024-11-21,,,,0.0,2026-09-23T16:00:00Z,GENERATOR,gs://well-workover-intervention-data/landing/generator/2026/09/23/well_status_history.parquet,BATCH-GELEKI-20260923-V1
EP-GK-054-010,GK-054,UNDER_WORKOVER,2024-11-22,2024-11-22,GL_HEADING,True,WO-GK-054-010,221.1,2026-09-23T16:00:00Z,GENERATOR,gs://well-workover-intervention-data/landing/generator/2026/09/23/well_status_history.parquet,BATCH-GELEKI-20260923-V1
EP-GK-054-011,GK-054,PRODUCING,2024-11-23,2025-04-09,,,,0.0,2026-09-23T16:00:00Z,GENERATOR,gs://well-workover-intervention-data/landing/generator/2026/09/23/well_status_history.parquet,BATCH-GELEKI-20260923-V1
EP-GK-054-012,GK-054,WAITING_ON_RIG,2025-04-10,2025-04-14,GL_LOADING,False,,663.3,2026-09-23T16:00:00Z,GENERATOR,gs://well-workover-intervention-data/landing/generator/2026/09/23/well_status_history.parquet,BATCH-GELEKI-20260923-V1
EP-GK-054-013,GK-054,UNDER_WORKOVER,2025-04-15,2025-04-15,GL_LOADING,False,WO-GK-054-013,221.1,2026-09-23T16:00:00Z,GENERATOR,gs://well-workover-intervention-data/landing/generator/2026/09/23/well_status_history.parquet,BATCH-GELEKI-20260923-V1
EP-GK-054-014,GK-054,PRODUCING,2025-04-16,2025-07-15,,,,0.0,2026-09-23T16:00:00Z,GENERATOR,gs://well-workover-intervention-data/landing/generator/2026/09/23/well_status_history.parquet,BATCH-GELEKI-20260923-V1
EP-GK-054-015,GK-054,WAITING_ON_RIG,2025-07-16,2025-08-28,GL_LOADING,False,,4974.4,2026-09-23T16:00:00Z,GENERATOR,gs://well-workover-intervention-data/landing/generator/2026/09/23/well_status_history.parquet,BATCH-GELEKI-20260923-V1
EP-GK-054-016,GK-054,UNDER_WORKOVER,2025-08-29,2025-09-11,GL_LOADING,False,WO-GK-054-016,1658.1,2026-09-23T16:00:00Z,GENERATOR,gs://well-workover-intervention-data/landing/generator/2026/09/23/well_status_history.parquet,BATCH-GELEKI-20260923-V1
EP-GK-054-017,GK-054,PRODUCING,2025-09-12,2026-01-04,,,,0.0,2026-09-23T16:00:00Z,GENERATOR,gs://well-workover-intervention-data/landing/generator/2026/09/23/well_status_history.parquet,BATCH-GELEKI-20260923-V1
EP-GK-054-018,GK-054,WAITING_ON_RIG,2026-01-05,2026-02-10,GL_INJ_ANOMALY,False,,4200.6,2026-09-23T16:00:00Z,GENERATOR,gs://well-workover-intervention-data/landing/generator/2026/09/23/well_status_history.parquet,BATCH-GELEKI-20260923-V1
EP-GK-054-019,GK-054,UNDER_WORKOVER,2026-02-11,2026-02-21,GL_INJ_ANOMALY,False,WO-GK-054-019,1326.5,2026-09-23T16:00:00Z,GENERATOR,gs://well-workover-intervention-data/landing/generator/2026/09/23/well_status_history.parquet,BATCH-GELEKI-20260923-V1
EP-GK-054-020,GK-054,PRODUCING,2026-02-22,2026-07-10,,,,0.0,2026-09-23T16:00:00Z,GENERATOR,gs://well-workover-intervention-data/landing/generator/2026/09/23/well_status_history.parquet,BATCH-GELEKI-20260923-V1
EP-GK-054-021,GK-054,WAITING_ON_RIG,2026-07-11,2026-07-24,GL_INJ_ANOMALY,False,,1658.1,2026-09-23T16:00:00Z,GENERATOR,gs://well-workover-intervention-data/landing/generator/2026/09/23/well_status_history.parquet,BATCH-GELEKI-20260923-V1
EP-GK-054-022,GK-054,UNDER_WORKOVER,2026-07-25,2026-07-28,GL_INJ_ANOMALY,False,WO-GK-054-022,552.7,2026-09-23T16:00:00Z,GENERATOR,gs://well-workover-intervention-data/landing/generator/2026/09/23/well_status_history.parquet,BATCH-GELEKI-20260923-V1
EP-GK-054-023,GK-054,PRODUCING,2026-07-29,,,,,0.0,2026-09-23T16:00:00Z,GENERATOR,gs://well-workover-intervention-data/landing/generator/2026/09/23/well_status_history.parquet,BATCH-GELEKI-20260923-V1
EP-GK-055-001,GK-055,PRODUCING,2023-10-01,2024-05-27,,,,0.0,2026-09-23T16:00:00Z,GENERATOR,gs://well-workover-intervention-data/landing/generator/2026/09/23/well_status_history.parquet,BATCH-GELEKI-20260923-V1
EP-GK-055-002,GK-055,WAITING_ON_RIG,2024-05-28,2024-06-06,PUMP_WEAR,False,,281.6,2026-09-23T16:00:00Z,GENERATOR,gs://well-workover-intervention-data/landing/generator/2026/09/23/well_status_history.parquet,BATCH-GELEKI-20260923-V1
EP-GK-055-003,GK-055,UNDER_WORKOVER,2024-06-07,2024-06-09,PUMP_WEAR,False,WO-GK-055-003,102.4,2026-09-23T16:00:00Z,GENERATOR,gs://well-workover-intervention-data/landing/generator/2026/09/23/well_status_history.parquet,BATCH-GELEKI-20260923-V1
EP-GK-055-004,GK-055,PRODUCING,2024-06-10,2025-02-17,,,,0.0,2026-09-23T16:00:00Z,GENERATOR,gs://well-workover-intervention-data/landing/generator/2026/09/23/well_status_history.parquet,BATCH-GELEKI-20260923-V1
EP-GK-055-005,GK-055,WAITING_ON_RIG,2025-02-18,2025-05-24,SAND,False,,2483.2,2026-09-23T16:00:00Z,GENERATOR,gs://well-workover-intervention-data/landing/generator/2026/09/23/well_status_history.parquet,BATCH-GELEKI-20260923-V1
EP-GK-055-006,GK-055,UNDER_WORKOVER,2025-05-25,2025-06-24,SAND,False,WO-GK-055-006,819.2,2026-09-23T16:00:00Z,GENERATOR,gs://well-workover-intervention-data/landing/generator/2026/09/23/well_status_history.parquet,BATCH-GELEKI-20260923-V1
EP-GK-055-007,GK-055,PRODUCING,2025-06-25,2026-03-31,,,,0.0,2026-09-23T16:00:00Z,GENERATOR,gs://well-workover-intervention-data/landing/generator/2026/09/23/well_status_history.parquet,BATCH-GELEKI-20260923-V1
EP-GK-055-008,GK-055,UNDER_WORKOVER,2026-04-01,2026-04-01,SURFACE,True,WO-GK-055-008,51.2,2026-09-23T16:00:00Z,GENERATOR,gs://well-workover-intervention-data/landing/generator/2026/09/23/well_status_history.parquet,BATCH-GELEKI-20260923-V1
EP-GK-055-009,GK-055,PRODUCING,2026-04-02,,,,,0.0,2026-09-23T16:00:00Z,GENERATOR,gs://well-workover-intervention-data/landing/generator/2026/09/23/well_status_history.parquet,BATCH-GELEKI-20260923-V1
EP-GK-056-001,GK-056,PRODUCING,2023-10-01,2024-02-09,,,,0.0,2026-09-23T16:00:00Z,GENERATOR,gs://well-workover-intervention-data/landing/generator/2026/09/23/well_status_history.parquet,BATCH-GELEKI-20260923-V1
EP-GK-056-002,GK-056,WAITING_ON_RIG,2024-02-10,2024-03-09,SAND,False,,2445.6,2026-09-23T16:00:00Z,GENERATOR,gs://well-workover-intervention-data/landing/generator/2026/09/23/well_status_history.parquet,BATCH-GELEKI-20260923-V1
EP-GK-056-003,GK-056,UNDER_WORKOVER,2024-03-10,2024-03-18,SAND,False,WO-GK-056-003,815.2,2026-09-23T16:00:00Z,GENERATOR,gs://well-workover-intervention-data/landing/generator/2026/09/23/well_status_history.parquet,BATCH-GELEKI-20260923-V1
EP-GK-056-004,GK-056,PRODUCING,2024-03-19,2024-06-23,,,,0.0,2026-09-23T16:00:00Z,GENERATOR,gs://well-workover-intervention-data/landing/generator/2026/09/23/well_status_history.parquet,BATCH-GELEKI-20260923-V1
EP-GK-056-005,GK-056,UNDER_WORKOVER,2024-06-24,2024-06-25,SURFACE,True,WO-GK-056-005,244.6,2026-09-23T16:00:00Z,GENERATOR,gs://well-workover-intervention-data/landing/generator/2026/09/23/well_status_history.parquet,BATCH-GELEKI-20260923-V1
EP-GK-056-006,GK-056,PRODUCING,2024-06-26,2024-12-19,,,,0.0,2026-09-23T16:00:00Z,GENERATOR,gs://well-workover-intervention-data/landing/generator/2026/09/23/well_status_history.parquet,BATCH-GELEKI-20260923-V1
EP-GK-056-007,GK-056,WAITING_ON_RIG,2024-12-20,2025-02-01,ROD_PART,False,,3668.5,2026-09-23T16:00:00Z,GENERATOR,gs://well-workover-intervention-data/landing/generator/2026/09/23/well_status_history.parquet,BATCH-GELEKI-20260923-V1
EP-GK-056-008,GK-056,UNDER_WORKOVER,2025-02-02,2025-02-15,ROD_PART,False,WO-GK-056-008,1222.8,2026-09-23T16:00:00Z,GENERATOR,gs://well-workover-intervention-data/landing/generator/2026/09/23/well_status_history.parquet,BATCH-GELEKI-20260923-V1
EP-GK-056-009,GK-056,PRODUCING,2025-02-16,2025-05-23,,,,0.0,2026-09-23T16:00:00Z,GENERATOR,gs://well-workover-intervention-data/landing/generator/2026/09/23/well_status_history.parquet,BATCH-GELEKI-20260923-V1
EP-GK-056-010,GK-056,WAITING_ON_RIG,2025-05-24,2025-05-29,ROD_PART,False,,570.7,2026-09-23T16:00:00Z,GENERATOR,gs://well-workover-intervention-data/landing/generator/2026/09/23/well_status_history.parquet,BATCH-GELEKI-20260923-V1
EP-GK-056-011,GK-056,UNDER_WORKOVER,2025-05-30,2025-05-30,ROD_PART,False,WO-GK-056-011,163.0,2026-09-23T16:00:00Z,GENERATOR,gs://well-workover-intervention-data/landing/generator/2026/09/23/well_status_history.parquet,BATCH-GELEKI-20260923-V1
EP-GK-056-012,GK-056,PRODUCING,2025-05-31,2025-08-15,,,,0.0,2026-09-23T16:00:00Z,GENERATOR,gs://well-workover-intervention-data/landing/generator/2026/09/23/well_status_history.parquet,BATCH-GELEKI-20260923-V1
EP-GK-056-013,GK-056,WAITING_ON_RIG,2025-08-16,2026-01-15,SAND,False,,12554.3,2026-09-23T16:00:00Z,GENERATOR,gs://well-workover-intervention-data/landing/generator/2026/09/23/well_status_history.parquet,BATCH-GELEKI-20260923-V1
EP-GK-056-014,GK-056,UNDER_WORKOVER,2026-01-16,2026-03-06,SAND,False,WO-GK-056-014,4157.6,2026-09-23T16:00:00Z,GENERATOR,gs://well-workover-intervention-data/landing/generator/2026/09/23/well_status_history.parquet,BATCH-GELEKI-20260923-V1
EP-GK-056-015,GK-056,PRODUCING,2026-03-07,2026-08-24,,,,0.0,2026-09-23T16:00:00Z,GENERATOR,gs://well-workover-intervention-data/landing/generator/2026/09/23/well_status_history.parquet,BATCH-GELEKI-20260923-V1
EP-GK-056-016,GK-056,UNDER_WORKOVER,2026-08-25,2026-08-26,SURFACE,True,WO-GK-056-016,244.6,2026-09-23T16:00:00Z,GENERATOR,gs://well-workover-intervention-data/landing/generator/2026/09/23/well_status_history.parquet,BATCH-GELEKI-20260923-V1
EP-GK-056-017,GK-056,PRODUCING,2026-08-27,,,,,0.0,2026-09-23T16:00:00Z,GENERATOR,gs://well-workover-intervention-data/landing/generator/2026/09/23/well_status_history.parquet,BATCH-GELEKI-20260923-V1
EP-GK-057-001,GK-057,PRODUCING,2023-10-01,2023-12-30,,,,0.0,2026-09-23T16:00:00Z,GENERATOR,gs://well-workover-intervention-data/landing/generator/2026/09/23/well_status_history.parquet,BATCH-GELEKI-20260923-V1
EP-GK-057-002,GK-057,WAITING_ON_RIG,2023-12-31,2024-01-14,TUBING_LEAK,False,,945.4,2026-09-23T16:00:00Z,GENERATOR,gs://well-workover-intervention-data/landing/generator/2026/09/23/well_status_history.parquet,BATCH-GELEKI-20260923-V1
EP-GK-057-003,GK-057,UNDER_WORKOVER,2024-01-15,2024-01-19,TUBING_LEAK,False,WO-GK-057-003,354.5,2026-09-23T16:00:00Z,GENERATOR,gs://well-workover-intervention-data/landing/generator/2026/09/23/well_status_history.parquet,BATCH-GELEKI-20260923-V1
EP-GK-057-004,GK-057,PRODUCING,2024-01-20,2024-03-30,,,,0.0,2026-09-23T16:00:00Z,GENERATOR,gs://well-workover-intervention-data/landing/generator/2026/09/23/well_status_history.parquet,BATCH-GELEKI-20260923-V1
EP-GK-057-005,GK-057,WAITING_ON_RIG,2024-03-31,2024-04-07,ROD_PART,False,,531.8,2026-09-23T16:00:00Z,GENERATOR,gs://well-workover-intervention-data/landing/generator/2026/09/23/well_status_history.parquet,BATCH-GELEKI-20260923-V1
EP-GK-057-006,GK-057,UNDER_WORKOVER,2024-04-08,2024-04-09,ROD_PART,False,WO-GK-057-006,177.3,2026-09-23T16:00:00Z,GENERATOR,gs://well-workover-intervention-data/landing/generator/2026/09/23/well_status_history.parquet,BATCH-GELEKI-20260923-V1
EP-GK-057-007,GK-057,PRODUCING,2024-04-10,2024-12-07,,,,0.0,2026-09-23T16:00:00Z,GENERATOR,gs://well-workover-intervention-data/landing/generator/2026/09/23/well_status_history.parquet,BATCH-GELEKI-20260923-V1
EP-GK-057-008,GK-057,WAITING_ON_RIG,2024-12-08,2024-12-12,PUMP_WEAR,False,,354.5,2026-09-23T16:00:00Z,GENERATOR,gs://well-workover-intervention-data/landing/generator/2026/09/23/well_status_history.parquet,BATCH-GELEKI-20260923-V1
EP-GK-057-009,GK-057,UNDER_WORKOVER,2024-12-13,2024-12-13,PUMP_WEAR,False,WO-GK-057-009,118.2,2026-09-23T16:00:00Z,GENERATOR,gs://well-workover-intervention-data/landing/generator/2026/09/23/well_status_history.parquet,BATCH-GELEKI-20260923-V1
EP-GK-057-010,GK-057,PRODUCING,2024-12-14,2025-06-25,,,,0.0,2026-09-23T16:00:00Z,GENERATOR,gs://well-workover-intervention-data/landing/generator/2026/09/23/well_status_history.parquet,BATCH-GELEKI-20260923-V1
EP-GK-057-011,GK-057,WAITING_ON_RIG,2025-06-26,2025-07-10,PUMP_WEAR,False,,945.4,2026-09-23T16:00:00Z,GENERATOR,gs://well-workover-intervention-data/landing/generator/2026/09/23/well_status_history.parquet,BATCH-GELEKI-20260923-V1
EP-GK-057-012,GK-057,UNDER_WORKOVER,2025-07-11,2025-07-15,PUMP_WEAR,False,WO-GK-057-012,354.5,2026-09-23T16:00:00Z,GENERATOR,gs://well-workover-intervention-data/landing/generator/2026/09/23/well_status_history.parquet,BATCH-GELEKI-20260923-V1
EP-GK-057-013,GK-057,PRODUCING,2025-07-16,2025-09-30,,,,0.0,2026-09-23T16:00:00Z,GENERATOR,gs://well-workover-intervention-data/landing/generator/2026/09/23/well_status_history.parquet,BATCH-GELEKI-20260923-V1
EP-GK-057-014,GK-057,WAITING_ON_RIG,2025-10-01,2025-10-31,TUBING_LEAK,False,,1890.9,2026-09-23T16:00:00Z,GENERATOR,gs://well-workover-intervention-data/landing/generator/2026/09/23/well_status_history.parquet,BATCH-GELEKI-20260923-V1
EP-GK-057-015,GK-057,UNDER_WORKOVER,2025-11-01,2025-11-10,TUBING_LEAK,False,WO-GK-057-015,650.0,2026-09-23T16:00:00Z,GENERATOR,gs://well-workover-intervention-data/landing/generator/2026/09/23/well_status_history.parquet,BATCH-GELEKI-20260923-V1
EP-GK-057-016,GK-057,PRODUCING,2025-11-11,2026-09-01,,,,0.0,2026-09-23T16:00:00Z,GENERATOR,gs://well-workover-intervention-data/landing/generator/2026/09/23/well_status_history.parquet,BATCH-GELEKI-20260923-V1
EP-GK-057-017,GK-057,WAITING_ON_RIG,2026-09-02,,TUBING_LEAK,False,,0.0,2026-09-23T16:00:00Z,GENERATOR,gs://well-workover-intervention-data/landing/generator/2026/09/23/well_status_history.parquet,BATCH-GELEKI-20260923-V1
EP-GK-058-001,GK-058,PRODUCING,2023-10-01,2023-11-25,,,,0.0,2026-09-23T16:00:00Z,GENERATOR,gs://well-workover-intervention-data/landing/generator/2026/09/23/well_status_history.parquet,BATCH-GELEKI-20260923-V1
EP-GK-058-002,GK-058,WAITING_ON_RIG,2023-11-26,2024-03-10,OTHER,False,,6293.9,2026-09-23T16:00:00Z,GENERATOR,gs://well-workover-intervention-data/landing/generator/2026/09/23/well_status_history.parquet,BATCH-GELEKI-20260923-V1
EP-GK-058-003,GK-058,UNDER_WORKOVER,2024-03-11,2024-04-14,OTHER,False,WO-GK-058-003,2117.6,2026-09-23T16:00:00Z,GENERATOR,gs://well-workover-intervention-data/landing/generator/2026/09/23/well_status_history.parquet,BATCH-GELEKI-20260923-V1
EP-GK-058-004,GK-058,PRODUCING,2024-04-15,2025-04-17,,,,0.0,2026-09-23T16:00:00Z,GENERATOR,gs://well-workover-intervention-data/landing/generator/2026/09/23/well_status_history.parquet,BATCH-GELEKI-20260923-V1
EP-GK-058-005,GK-058,UNDER_WORKOVER,2025-04-18,2025-04-19,SURFACE,True,WO-GK-058-005,176.5,2026-09-23T16:00:00Z,GENERATOR,gs://well-workover-intervention-data/landing/generator/2026/09/23/well_status_history.parquet,BATCH-GELEKI-20260923-V1
EP-GK-058-006,GK-058,PRODUCING,2025-04-20,2025-08-07,,,,0.0,2026-09-23T16:00:00Z,GENERATOR,gs://well-workover-intervention-data/landing/generator/2026/09/23/well_status_history.parquet,BATCH-GELEKI-20260923-V1
EP-GK-058-007,GK-058,WAITING_ON_RIG,2025-08-08,2025-08-28,ROD_PART,False,,1294.1,2026-09-23T16:00:00Z,GENERATOR,gs://well-workover-intervention-data/landing/generator/2026/09/23/well_status_history.parquet,BATCH-GELEKI-20260923-V1
EP-GK-058-008,GK-058,UNDER_WORKOVER,2025-08-29,2025-09-03,ROD_PART,False,WO-GK-058-008,411.8,2026-09-23T16:00:00Z,GENERATOR,gs://well-workover-intervention-data/landing/generator/2026/09/23/well_status_history.parquet,BATCH-GELEKI-20260923-V1
EP-GK-058-009,GK-058,PRODUCING,2025-09-04,2026-01-26,,,,0.0,2026-09-23T16:00:00Z,GENERATOR,gs://well-workover-intervention-data/landing/generator/2026/09/23/well_status_history.parquet,BATCH-GELEKI-20260923-V1
EP-GK-058-010,GK-058,UNDER_WORKOVER,2026-01-27,2026-01-27,WAX,True,WO-GK-058-010,117.6,2026-09-23T16:00:00Z,GENERATOR,gs://well-workover-intervention-data/landing/generator/2026/09/23/well_status_history.parquet,BATCH-GELEKI-20260923-V1
EP-GK-058-011,GK-058,PRODUCING,2026-01-28,2026-07-23,,,,0.0,2026-09-23T16:00:00Z,GENERATOR,gs://well-workover-intervention-data/landing/generator/2026/09/23/well_status_history.parquet,BATCH-GELEKI-20260923-V1
EP-GK-058-012,GK-058,UNDER_WORKOVER,2026-07-24,2026-07-24,SURFACE,True,WO-GK-058-012,117.6,2026-09-23T16:00:00Z,GENERATOR,gs://well-workover-intervention-data/landing/generator/2026/09/23/well_status_history.parquet,BATCH-GELEKI-20260923-V1
EP-GK-058-013,GK-058,PRODUCING,2026-07-25,,,,,0.0,2026-09-23T16:00:00Z,GENERATOR,gs://well-workover-intervention-data/landing/generator/2026/09/23/well_status_history.parquet,BATCH-GELEKI-20260923-V1
EP-GK-059-001,GK-059,SHUT_IN,2023-10-01,,OTHER,False,,0.0,2026-09-23T16:00:00Z,GENERATOR,gs://well-workover-intervention-data/landing/generator/2026/09/23/well_status_history.parquet,BATCH-GELEKI-20260923-V1
EP-GK-060-001,GK-060,PRODUCING,2023-10-01,2024-03-21,,,,0.0,2026-09-23T16:00:00Z,GENERATOR,gs://well-workover-intervention-data/landing/generator/2026/09/23/well_status_history.parquet,BATCH-GELEKI-20260923-V1
EP-GK-060-002,GK-060,WAITING_ON_RIG,2024-03-22,2024-08-21,ROD_PART,False,,12974.4,2026-09-23T16:00:00Z,GENERATOR,gs://well-workover-intervention-data/landing/generator/2026/09/23/well_status_history.parquet,BATCH-GELEKI-20260923-V1
EP-GK-060-003,GK-060,UNDER_WORKOVER,2024-08-22,2024-10-10,ROD_PART,False,WO-GK-060-003,4296.7,2026-09-23T16:00:00Z,GENERATOR,gs://well-workover-intervention-data/landing/generator/2026/09/23/well_status_history.parquet,BATCH-GELEKI-20260923-V1
EP-GK-060-004,GK-060,PRODUCING,2024-10-11,2025-06-26,,,,0.0,2026-09-23T16:00:00Z,GENERATOR,gs://well-workover-intervention-data/landing/generator/2026/09/23/well_status_history.parquet,BATCH-GELEKI-20260923-V1
EP-GK-060-005,GK-060,UNDER_WORKOVER,2025-06-27,2025-06-28,SURFACE,True,WO-GK-060-005,252.7,2026-09-23T16:00:00Z,GENERATOR,gs://well-workover-intervention-data/landing/generator/2026/09/23/well_status_history.parquet,BATCH-GELEKI-20260923-V1
EP-GK-060-006,GK-060,PRODUCING,2025-06-29,2026-01-22,,,,0.0,2026-09-23T16:00:00Z,GENERATOR,gs://well-workover-intervention-data/landing/generator/2026/09/23/well_status_history.parquet,BATCH-GELEKI-20260923-V1
EP-GK-060-007,GK-060,WAITING_ON_RIG,2026-01-23,2026-02-06,ROD_PART,False,,1348.0,2026-09-23T16:00:00Z,GENERATOR,gs://well-workover-intervention-data/landing/generator/2026/09/23/well_status_history.parquet,BATCH-GELEKI-20260923-V1
EP-GK-060-008,GK-060,UNDER_WORKOVER,2026-02-07,2026-02-11,ROD_PART,False,WO-GK-060-008,505.5,2026-09-23T16:00:00Z,GENERATOR,gs://well-workover-intervention-data/landing/generator/2026/09/23/well_status_history.parquet,BATCH-GELEKI-20260923-V1
EP-GK-060-009,GK-060,PRODUCING,2026-02-12,,,,,0.0,2026-09-23T16:00:00Z,GENERATOR,gs://well-workover-intervention-data/landing/generator/2026/09/23/well_status_history.parquet,BATCH-GELEKI-20260923-V1
EP-GK-061-001,GK-061,PRODUCING,2023-10-01,2023-11-29,,,,0.0,2026-09-23T16:00:00Z,GENERATOR,gs://well-workover-intervention-data/landing/generator/2026/09/23/well_status_history.parquet,BATCH-GELEKI-20260923-V1
EP-GK-061-002,GK-061,UNDER_WORKOVER,2023-11-30,2023-11-30,SCALE,True,WO-GK-061-002,118.3,2026-09-23T16:00:00Z,GENERATOR,gs://well-workover-intervention-data/landing/generator/2026/09/23/well_status_history.parquet,BATCH-GELEKI-20260923-V1
EP-GK-061-003,GK-061,PRODUCING,2023-12-01,2024-05-28,,,,0.0,2026-09-23T16:00:00Z,GENERATOR,gs://well-workover-intervention-data/landing/generator/2026/09/23/well_status_history.parquet,BATCH-GELEKI-20260923-V1
EP-GK-061-004,GK-061,WAITING_ON_RIG,2024-05-29,2024-06-28,WAX,False,,1892.3,2026-09-23T16:00:00Z,GENERATOR,gs://well-workover-intervention-data/landing/generator/2026/09/23/well_status_history.parquet,BATCH-GELEKI-20260923-V1
EP-GK-061-005,GK-061,UNDER_WORKOVER,2024-06-29,2024-07-07,WAX,False,WO-GK-061-005,591.4,2026-09-23T16:00:00Z,GENERATOR,gs://well-workover-intervention-data/landing/generator/2026/09/23/well_status_history.parquet,BATCH-GELEKI-20260923-V1
EP-GK-061-006,GK-061,PRODUCING,2024-07-08,2025-02-13,,,,0.0,2026-09-23T16:00:00Z,GENERATOR,gs://well-workover-intervention-data/landing/generator/2026/09/23/well_status_history.parquet,BATCH-GELEKI-20260923-V1
EP-GK-061-007,GK-061,WAITING_ON_RIG,2025-02-14,2025-03-15,SAND,False,,1833.2,2026-09-23T16:00:00Z,GENERATOR,gs://well-workover-intervention-data/landing/generator/2026/09/23/well_status_history.parquet,BATCH-GELEKI-20260923-V1
EP-GK-061-008,GK-061,UNDER_WORKOVER,2025-03-16,2025-03-24,SAND,False,WO-GK-061-008,591.4,2026-09-23T16:00:00Z,GENERATOR,gs://well-workover-intervention-data/landing/generator/2026/09/23/well_status_history.parquet,BATCH-GELEKI-20260923-V1
EP-GK-061-009,GK-061,PRODUCING,2025-03-25,2025-09-29,,,,0.0,2026-09-23T16:00:00Z,GENERATOR,gs://well-workover-intervention-data/landing/generator/2026/09/23/well_status_history.parquet,BATCH-GELEKI-20260923-V1
EP-GK-061-010,GK-061,WAITING_ON_RIG,2025-09-30,2025-10-18,WAX,False,,1182.7,2026-09-23T16:00:00Z,GENERATOR,gs://well-workover-intervention-data/landing/generator/2026/09/23/well_status_history.parquet,BATCH-GELEKI-20260923-V1
EP-GK-061-011,GK-061,UNDER_WORKOVER,2025-10-19,2025-10-23,WAX,False,WO-GK-061-011,354.8,2026-09-23T16:00:00Z,GENERATOR,gs://well-workover-intervention-data/landing/generator/2026/09/23/well_status_history.parquet,BATCH-GELEKI-20260923-V1
EP-GK-061-012,GK-061,PRODUCING,2025-10-24,2026-05-06,,,,0.0,2026-09-23T16:00:00Z,GENERATOR,gs://well-workover-intervention-data/landing/generator/2026/09/23/well_status_history.parquet,BATCH-GELEKI-20260923-V1
EP-GK-061-013,GK-061,WAITING_ON_RIG,2026-05-07,2026-06-24,WAX,False,,2956.8,2026-09-23T16:00:00Z,GENERATOR,gs://well-workover-intervention-data/landing/generator/2026/09/23/well_status_history.parquet,BATCH-GELEKI-20260923-V1
EP-GK-061-014,GK-061,UNDER_WORKOVER,2026-06-25,2026-07-10,WAX,False,WO-GK-061-014,1005.3,2026-09-23T16:00:00Z,GENERATOR,gs://well-workover-intervention-data/landing/generator/2026/09/23/well_status_history.parquet,BATCH-GELEKI-20260923-V1
EP-GK-061-015,GK-061,PRODUCING,2026-07-11,,,,,0.0,2026-09-23T16:00:00Z,GENERATOR,gs://well-workover-intervention-data/landing/generator/2026/09/23/well_status_history.parquet,BATCH-GELEKI-20260923-V1
EP-GK-062-001,GK-062,WAITING_ON_RIG,2023-10-01,2023-09-30,OTHER,False,,1163.0,2026-09-23T16:00:00Z,GENERATOR,gs://well-workover-intervention-data/landing/generator/2026/09/23/well_status_history.parquet,BATCH-GELEKI-20260923-V1
EP-GK-062-002,GK-062,UNDER_WORKOVER,2023-10-01,2023-10-03,OTHER,False,WO-GK-062-002,310.1,2026-09-23T16:00:00Z,GENERATOR,gs://well-workover-intervention-data/landing/generator/2026/09/23/well_status_history.parquet,BATCH-GELEKI-20260923-V1
EP-GK-062-003,GK-062,PRODUCING,2023-10-04,2024-04-25,,,,0.0,2026-09-23T16:00:00Z,GENERATOR,gs://well-workover-intervention-data/landing/generator/2026/09/23/well_status_history.parquet,BATCH-GELEKI-20260923-V1
EP-GK-062-004,GK-062,WAITING_ON_RIG,2024-04-26,2024-05-09,SAND,False,,1163.0,2026-09-23T16:00:00Z,GENERATOR,gs://well-workover-intervention-data/landing/generator/2026/09/23/well_status_history.parquet,BATCH-GELEKI-20260923-V1
EP-GK-062-005,GK-062,UNDER_WORKOVER,2024-05-10,2024-05-13,SAND,False,WO-GK-062-005,387.7,2026-09-23T16:00:00Z,GENERATOR,gs://well-workover-intervention-data/landing/generator/2026/09/23/well_status_history.parquet,BATCH-GELEKI-20260923-V1
EP-GK-062-006,GK-062,PRODUCING,2024-05-14,2024-08-28,,,,0.0,2026-09-23T16:00:00Z,GENERATOR,gs://well-workover-intervention-data/landing/generator/2026/09/23/well_status_history.parquet,BATCH-GELEKI-20260923-V1
EP-GK-062-007,GK-062,WAITING_ON_RIG,2024-08-29,2024-09-19,SAND,False,,1783.2,2026-09-23T16:00:00Z,GENERATOR,gs://well-workover-intervention-data/landing/generator/2026/09/23/well_status_history.parquet,BATCH-GELEKI-20260923-V1
EP-GK-062-008,GK-062,UNDER_WORKOVER,2024-09-20,2024-09-26,SAND,False,WO-GK-062-008,620.2,2026-09-23T16:00:00Z,GENERATOR,gs://well-workover-intervention-data/landing/generator/2026/09/23/well_status_history.parquet,BATCH-GELEKI-20260923-V1
EP-GK-062-009,GK-062,PRODUCING,2024-09-27,2025-01-14,,,,0.0,2026-09-23T16:00:00Z,GENERATOR,gs://well-workover-intervention-data/landing/generator/2026/09/23/well_status_history.parquet,BATCH-GELEKI-20260923-V1
EP-GK-062-010,GK-062,WAITING_ON_RIG,2025-01-15,2025-01-19,WAX,False,,465.2,2026-09-23T16:00:00Z,GENERATOR,gs://well-workover-intervention-data/landing/generator/2026/09/23/well_status_history.parquet,BATCH-GELEKI-20260923-V1
EP-GK-062-011,GK-062,UNDER_WORKOVER,2025-01-20,2025-01-20,WAX,False,WO-GK-062-011,155.1,2026-09-23T16:00:00Z,GENERATOR,gs://well-workover-intervention-data/landing/generator/2026/09/23/well_status_history.parquet,BATCH-GELEKI-20260923-V1
EP-GK-062-012,GK-062,PRODUCING,2025-01-21,2025-06-08,,,,0.0,2026-09-23T16:00:00Z,GENERATOR,gs://well-workover-intervention-data/landing/generator/2026/09/23/well_status_history.parquet,BATCH-GELEKI-20260923-V1
EP-GK-062-013,GK-062,UNDER_WORKOVER,2025-06-09,2025-06-10,SURFACE,True,WO-GK-062-013,232.6,2026-09-23T16:00:00Z,GENERATOR,gs://well-workover-intervention-data/landing/generator/2026/09/23/well_status_history.parquet,BATCH-GELEKI-20260923-V1
EP-GK-062-014,GK-062,PRODUCING,2025-06-11,2025-09-15,,,,0.0,2026-09-23T16:00:00Z,GENERATOR,gs://well-workover-intervention-data/landing/generator/2026/09/23/well_status_history.parquet,BATCH-GELEKI-20260923-V1
EP-GK-062-015,GK-062,WAITING_ON_RIG,2025-09-16,2025-09-28,SAND,False,,1085.4,2026-09-23T16:00:00Z,GENERATOR,gs://well-workover-intervention-data/landing/generator/2026/09/23/well_status_history.parquet,BATCH-GELEKI-20260923-V1
EP-GK-062-016,GK-062,UNDER_WORKOVER,2025-09-29,2025-10-01,SAND,False,WO-GK-062-016,310.1,2026-09-23T16:00:00Z,GENERATOR,gs://well-workover-intervention-data/landing/generator/2026/09/23/well_status_history.parquet,BATCH-GELEKI-20260923-V1
EP-GK-062-017,GK-062,PRODUCING,2025-10-02,2025-12-30,,,,0.0,2026-09-23T16:00:00Z,GENERATOR,gs://well-workover-intervention-data/landing/generator/2026/09/23/well_status_history.parquet,BATCH-GELEKI-20260923-V1
EP-GK-062-018,GK-062,UNDER_WORKOVER,2025-12-31,2025-12-31,SCALE,True,WO-GK-062-018,155.1,2026-09-23T16:00:00Z,GENERATOR,gs://well-workover-intervention-data/landing/generator/2026/09/23/well_status_history.parquet,BATCH-GELEKI-20260923-V1
EP-GK-062-019,GK-062,PRODUCING,2026-01-01,2026-04-28,,,,0.0,2026-09-23T16:00:00Z,GENERATOR,gs://well-workover-intervention-data/landing/generator/2026/09/23/well_status_history.parquet,BATCH-GELEKI-20260923-V1
EP-GK-062-020,GK-062,UNDER_WORKOVER,2026-04-29,2026-04-29,SCALE,True,WO-GK-062-020,155.1,2026-09-23T16:00:00Z,GENERATOR,gs://well-workover-intervention-data/landing/generator/2026/09/23/well_status_history.parquet,BATCH-GELEKI-20260923-V1
EP-GK-062-021,GK-062,PRODUCING,2026-04-30,2026-07-07,,,,0.0,2026-09-23T16:00:00Z,GENERATOR,gs://well-workover-intervention-data/landing/generator/2026/09/23/well_status_history.parquet,BATCH-GELEKI-20260923-V1
EP-GK-062-022,GK-062,WAITING_ON_RIG,2026-07-08,2026-08-19,SAND,False,,3411.4,2026-09-23T16:00:00Z,GENERATOR,gs://well-workover-intervention-data/landing/generator/2026/09/23/well_status_history.parquet,BATCH-GELEKI-20260923-V1
EP-GK-062-023,GK-062,UNDER_WORKOVER,2026-08-20,2026-09-01,SAND,False,WO-GK-062-023,1085.4,2026-09-23T16:00:00Z,GENERATOR,gs://well-workover-intervention-data/landing/generator/2026/09/23/well_status_history.parquet,BATCH-GELEKI-20260923-V1
EP-GK-062-024,GK-062,PRODUCING,2026-09-02,,,,,0.0,2026-09-23T16:00:00Z,GENERATOR,gs://well-workover-intervention-data/landing/generator/2026/09/23/well_status_history.parquet,BATCH-GELEKI-20260923-V1
EP-GK-063-001,GK-063,PRODUCING,2023-10-01,2024-03-17,,,,0.0,2026-09-23T16:00:00Z,GENERATOR,gs://well-workover-intervention-data/landing/generator/2026/09/23/well_status_history.parquet,BATCH-GELEKI-20260923-V1
EP-GK-063-002,GK-063,WAITING_ON_RIG,2024-03-18,2024-06-21,TUBING_LEAK,False,,12353.6,2026-09-23T16:00:00Z,GENERATOR,gs://well-workover-intervention-data/landing/generator/2026/09/23/well_status_history.parquet,BATCH-GELEKI-20260923-V1
EP-GK-063-003,GK-063,UNDER_WORKOVER,2024-06-22,2024-07-22,TUBING_LEAK,False,WO-GK-063-003,4075.4,2026-09-23T16:00:00Z,GENERATOR,gs://well-workover-intervention-data/landing/generator/2026/09/23/well_status_history.parquet,BATCH-GELEKI-20260923-V1
EP-GK-063-004,GK-063,PRODUCING,2024-07-23,2024-12-19,,,,0.0,2026-09-23T16:00:00Z,GENERATOR,gs://well-workover-intervention-data/landing/generator/2026/09/23/well_status_history.parquet,BATCH-GELEKI-20260923-V1
EP-GK-063-005,GK-063,WAITING_ON_RIG,2024-12-20,2024-12-24,PUMP_WEAR,False,,764.1,2026-09-23T16:00:00Z,GENERATOR,gs://well-workover-intervention-data/landing/generator/2026/09/23/well_status_history.parquet,BATCH-GELEKI-20260923-V1
EP-GK-063-006,GK-063,UNDER_WORKOVER,2024-12-25,2024-12-25,PUMP_WEAR,False,WO-GK-063-006,254.7,2026-09-23T16:00:00Z,GENERATOR,gs://well-workover-intervention-data/landing/generator/2026/09/23/well_status_history.parquet,BATCH-GELEKI-20260923-V1
EP-GK-063-007,GK-063,PRODUCING,2024-12-26,2025-09-05,,,,0.0,2026-09-23T16:00:00Z,GENERATOR,gs://well-workover-intervention-data/landing/generator/2026/09/23/well_status_history.parquet,BATCH-GELEKI-20260923-V1
EP-GK-063-008,GK-063,WAITING_ON_RIG,2025-09-06,2025-12-12,PUMP_WEAR,False,,12608.3,2026-09-23T16:00:00Z,GENERATOR,gs://well-workover-intervention-data/landing/generator/2026/09/23/well_status_history.parquet,BATCH-GELEKI-20260923-V1
EP-GK-063-009,GK-063,UNDER_WORKOVER,2025-12-13,2026-01-13,PUMP_WEAR,False,WO-GK-063-009,4202.8,2026-09-23T16:00:00Z,GENERATOR,gs://well-workover-intervention-data/landing/generator/2026/09/23/well_status_history.parquet,BATCH-GELEKI-20260923-V1
EP-GK-063-010,GK-063,PRODUCING,2026-01-14,2026-07-20,,,,0.0,2026-09-23T16:00:00Z,GENERATOR,gs://well-workover-intervention-data/landing/generator/2026/09/23/well_status_history.parquet,BATCH-GELEKI-20260923-V1
EP-GK-063-011,GK-063,WAITING_ON_RIG,2026-07-21,2026-08-20,ROD_PART,False,,4075.4,2026-09-23T16:00:00Z,GENERATOR,gs://well-workover-intervention-data/landing/generator/2026/09/23/well_status_history.parquet,BATCH-GELEKI-20260923-V1
EP-GK-063-012,GK-063,UNDER_WORKOVER,2026-08-21,2026-08-29,ROD_PART,False,WO-GK-063-012,1273.6,2026-09-23T16:00:00Z,GENERATOR,gs://well-workover-intervention-data/landing/generator/2026/09/23/well_status_history.parquet,BATCH-GELEKI-20260923-V1
EP-GK-063-013,GK-063,PRODUCING,2026-08-30,,,,,0.0,2026-09-23T16:00:00Z,GENERATOR,gs://well-workover-intervention-data/landing/generator/2026/09/23/well_status_history.parquet,BATCH-GELEKI-20260923-V1
EP-GK-064-001,GK-064,PRODUCING,2023-10-01,2023-11-12,,,,0.0,2026-09-23T16:00:00Z,GENERATOR,gs://well-workover-intervention-data/landing/generator/2026/09/23/well_status_history.parquet,BATCH-GELEKI-20260923-V1
EP-GK-064-002,GK-064,WAITING_ON_RIG,2023-11-13,2023-11-17,PUMP_WEAR,False,,363.0,2026-09-23T16:00:00Z,GENERATOR,gs://well-workover-intervention-data/landing/generator/2026/09/23/well_status_history.parquet,BATCH-GELEKI-20260923-V1
EP-GK-064-003,GK-064,UNDER_WORKOVER,2023-11-18,2023-11-18,PUMP_WEAR,False,WO-GK-064-003,121.0,2026-09-23T16:00:00Z,GENERATOR,gs://well-workover-intervention-data/landing/generator/2026/09/23/well_status_history.parquet,BATCH-GELEKI-20260923-V1
EP-GK-064-004,GK-064,PRODUCING,2023-11-19,2024-06-26,,,,0.0,2026-09-23T16:00:00Z,GENERATOR,gs://well-workover-intervention-data/landing/generator/2026/09/23/well_status_history.parquet,BATCH-GELEKI-20260923-V1
EP-GK-064-005,GK-064,WAITING_ON_RIG,2024-06-27,2024-07-30,OTHER,False,,2117.8,2026-09-23T16:00:00Z,GENERATOR,gs://well-workover-intervention-data/landing/generator/2026/09/23/well_status_history.parquet,BATCH-GELEKI-20260923-V1
EP-GK-064-006,GK-064,UNDER_WORKOVER,2024-07-31,2024-08-10,OTHER,False,WO-GK-064-006,726.1,2026-09-23T16:00:00Z,GENERATOR,gs://well-workover-intervention-data/landing/generator/2026/09/23/well_status_history.parquet,BATCH-GELEKI-20260923-V1
EP-GK-064-007,GK-064,PRODUCING,2024-08-11,2025-03-19,,,,0.0,2026-09-23T16:00:00Z,GENERATOR,gs://well-workover-intervention-data/landing/generator/2026/09/23/well_status_history.parquet,BATCH-GELEKI-20260923-V1
EP-GK-064-008,GK-064,WAITING_ON_RIG,2025-03-20,2025-03-24,ROD_PART,False,,363.0,2026-09-23T16:00:00Z,GENERATOR,gs://well-workover-intervention-data/landing/generator/2026/09/23/well_status_history.parquet,BATCH-GELEKI-20260923-V1
EP-GK-064-009,GK-064,UNDER_WORKOVER,2025-03-25,2025-03-25,ROD_PART,False,WO-GK-064-009,121.0,2026-09-23T16:00:00Z,GENERATOR,gs://well-workover-intervention-data/landing/generator/2026/09/23/well_status_history.parquet,BATCH-GELEKI-20260923-V1
EP-GK-064-010,GK-064,PRODUCING,2025-03-26,2025-10-18,,,,0.0,2026-09-23T16:00:00Z,GENERATOR,gs://well-workover-intervention-data/landing/generator/2026/09/23/well_status_history.parquet,BATCH-GELEKI-20260923-V1
EP-GK-064-011,GK-064,WAITING_ON_RIG,2025-10-19,2025-10-23,OTHER,False,,363.0,2026-09-23T16:00:00Z,GENERATOR,gs://well-workover-intervention-data/landing/generator/2026/09/23/well_status_history.parquet,BATCH-GELEKI-20260923-V1
EP-GK-064-012,GK-064,UNDER_WORKOVER,2025-10-24,2025-10-24,OTHER,False,WO-GK-064-012,121.0,2026-09-23T16:00:00Z,GENERATOR,gs://well-workover-intervention-data/landing/generator/2026/09/23/well_status_history.parquet,BATCH-GELEKI-20260923-V1
EP-GK-064-013,GK-064,PRODUCING,2025-10-25,2026-05-27,,,,0.0,2026-09-23T16:00:00Z,GENERATOR,gs://well-workover-intervention-data/landing/generator/2026/09/23/well_status_history.parquet,BATCH-GELEKI-20260923-V1
EP-GK-064-014,GK-064,UNDER_WORKOVER,2026-05-28,2026-05-28,SURFACE,True,WO-GK-064-014,121.0,2026-09-23T16:00:00Z,GENERATOR,gs://well-workover-intervention-data/landing/generator/2026/09/23/well_status_history.parquet,BATCH-GELEKI-20260923-V1
EP-GK-064-015,GK-064,PRODUCING,2026-05-29,2026-08-16,,,,0.0,2026-09-23T16:00:00Z,GENERATOR,gs://well-workover-intervention-data/landing/generator/2026/09/23/well_status_history.parquet,BATCH-GELEKI-20260923-V1
EP-GK-064-016,GK-064,WAITING_ON_RIG,2026-08-17,2026-09-16,ROD_PART,False,,1936.2,2026-09-23T16:00:00Z,GENERATOR,gs://well-workover-intervention-data/landing/generator/2026/09/23/well_status_history.parquet,BATCH-GELEKI-20260923-V1
EP-GK-064-017,GK-064,UNDER_WORKOVER,2026-09-17,2026-09-26,ROD_PART,False,WO-GK-064-017,665.6,2026-09-23T16:00:00Z,GENERATOR,gs://well-workover-intervention-data/landing/generator/2026/09/23/well_status_history.parquet,BATCH-GELEKI-20260923-V1
EP-GK-064-018,GK-064,PRODUCING,2026-09-27,,,,,0.0,2026-09-23T16:00:00Z,GENERATOR,gs://well-workover-intervention-data/landing/generator/2026/09/23/well_status_history.parquet,BATCH-GELEKI-20260923-V1
EP-GK-065-001,GK-065,PRODUCING,2023-10-01,2024-05-14,,,,0.0,2026-09-23T16:00:00Z,GENERATOR,gs://well-workover-intervention-data/landing/generator/2026/09/23/well_status_history.parquet,BATCH-GELEKI-20260923-V1
EP-GK-065-002,GK-065,UNDER_WORKOVER,2024-05-15,2024-05-16,GL_HEADING,True,WO-GK-065-002,84.5,2026-09-23T16:00:00Z,GENERATOR,gs://well-workover-intervention-data/landing/generator/2026/09/23/well_status_history.parquet,BATCH-GELEKI-20260923-V1
EP-GK-065-003,GK-065,PRODUCING,2024-05-17,2025-05-10,,,,0.0,2026-09-23T16:00:00Z,GENERATOR,gs://well-workover-intervention-data/landing/generator/2026/09/23/well_status_history.parquet,BATCH-GELEKI-20260923-V1
EP-GK-065-004,GK-065,WAITING_ON_RIG,2025-05-11,2025-05-22,TUBING_LEAK,False,,366.2,2026-09-23T16:00:00Z,GENERATOR,gs://well-workover-intervention-data/landing/generator/2026/09/23/well_status_history.parquet,BATCH-GELEKI-20260923-V1
EP-GK-065-005,GK-065,UNDER_WORKOVER,2025-05-23,2025-05-25,TUBING_LEAK,False,WO-GK-065-005,112.7,2026-09-23T16:00:00Z,GENERATOR,gs://well-workover-intervention-data/landing/generator/2026/09/23/well_status_history.parquet,BATCH-GELEKI-20260923-V1
EP-GK-065-006,GK-065,PRODUCING,2025-05-26,2025-09-06,,,,0.0,2026-09-23T16:00:00Z,GENERATOR,gs://well-workover-intervention-data/landing/generator/2026/09/23/well_status_history.parquet,BATCH-GELEKI-20260923-V1
EP-GK-065-007,GK-065,UNDER_WORKOVER,2025-09-07,2025-09-08,SURFACE,True,WO-GK-065-007,84.5,2026-09-23T16:00:00Z,GENERATOR,gs://well-workover-intervention-data/landing/generator/2026/09/23/well_status_history.parquet,BATCH-GELEKI-20260923-V1
EP-GK-065-008,GK-065,PRODUCING,2025-09-09,2026-07-13,,,,0.0,2026-09-23T16:00:00Z,GENERATOR,gs://well-workover-intervention-data/landing/generator/2026/09/23/well_status_history.parquet,BATCH-GELEKI-20260923-V1
EP-GK-065-009,GK-065,WAITING_ON_RIG,2026-07-14,2026-07-18,GL_INJ_ANOMALY,False,,169.0,2026-09-23T16:00:00Z,GENERATOR,gs://well-workover-intervention-data/landing/generator/2026/09/23/well_status_history.parquet,BATCH-GELEKI-20260923-V1
EP-GK-065-010,GK-065,UNDER_WORKOVER,2026-07-19,2026-07-19,GL_INJ_ANOMALY,False,WO-GK-065-010,56.3,2026-09-23T16:00:00Z,GENERATOR,gs://well-workover-intervention-data/landing/generator/2026/09/23/well_status_history.parquet,BATCH-GELEKI-20260923-V1
EP-GK-065-011,GK-065,PRODUCING,2026-07-20,,,,,0.0,2026-09-23T16:00:00Z,GENERATOR,gs://well-workover-intervention-data/landing/generator/2026/09/23/well_status_history.parquet,BATCH-GELEKI-20260923-V1
EP-GK-066-001,GK-066,PRODUCING,2023-10-01,2024-02-21,,,,0.0,2026-09-23T16:00:00Z,GENERATOR,gs://well-workover-intervention-data/landing/generator/2026/09/23/well_status_history.parquet,BATCH-GELEKI-20260923-V1
EP-GK-066-002,GK-066,WAITING_ON_RIG,2024-02-22,2024-03-04,WAX,False,,716.0,2026-09-23T16:00:00Z,GENERATOR,gs://well-workover-intervention-data/landing/generator/2026/09/23/well_status_history.parquet,BATCH-GELEKI-20260923-V1
EP-GK-066-003,GK-066,UNDER_WORKOVER,2024-03-05,2024-03-07,WAX,False,WO-GK-066-003,220.3,2026-09-23T16:00:00Z,GENERATOR,gs://well-workover-intervention-data/landing/generator/2026/09/23/well_status_history.parquet,BATCH-GELEKI-20260923-V1
EP-GK-066-004,GK-066,PRODUCING,2024-03-08,2024-09-20,,,,0.0,2026-09-23T16:00:00Z,GENERATOR,gs://well-workover-intervention-data/landing/generator/2026/09/23/well_status_history.parquet,BATCH-GELEKI-20260923-V1
EP-GK-066-005,GK-066,WAITING_ON_RIG,2024-09-21,2024-09-25,WAX,False,,330.5,2026-09-23T16:00:00Z,GENERATOR,gs://well-workover-intervention-data/landing/generator/2026/09/23/well_status_history.parquet,BATCH-GELEKI-20260923-V1
EP-GK-066-006,GK-066,UNDER_WORKOVER,2024-09-26,2024-09-26,WAX,False,WO-GK-066-006,110.2,2026-09-23T16:00:00Z,GENERATOR,gs://well-workover-intervention-data/landing/generator/2026/09/23/well_status_history.parquet,BATCH-GELEKI-20260923-V1
EP-GK-066-007,GK-066,PRODUCING,2024-09-27,2025-07-04,,,,0.0,2026-09-23T16:00:00Z,GENERATOR,gs://well-workover-intervention-data/landing/generator/2026/09/23/well_status_history.parquet,BATCH-GELEKI-20260923-V1
EP-GK-066-008,GK-066,WAITING_ON_RIG,2025-07-05,2025-08-03,WAX,False,,1707.4,2026-09-23T16:00:00Z,GENERATOR,gs://well-workover-intervention-data/landing/generator/2026/09/23/well_status_history.parquet,BATCH-GELEKI-20260923-V1
EP-GK-066-009,GK-066,UNDER_WORKOVER,2025-08-04,2025-08-12,WAX,False,WO-GK-066-009,550.8,2026-09-23T16:00:00Z,GENERATOR,gs://well-workover-intervention-data/landing/generator/2026/09/23/well_status_history.parquet,BATCH-GELEKI-20260923-V1
EP-GK-066-010,GK-066,PRODUCING,2025-08-13,2026-05-14,,,,0.0,2026-09-23T16:00:00Z,GENERATOR,gs://well-workover-intervention-data/landing/generator/2026/09/23/well_status_history.parquet,BATCH-GELEKI-20260923-V1
EP-GK-066-011,GK-066,WAITING_ON_RIG,2026-05-15,2026-06-04,SAND,False,,1211.7,2026-09-23T16:00:00Z,GENERATOR,gs://well-workover-intervention-data/landing/generator/2026/09/23/well_status_history.parquet,BATCH-GELEKI-20260923-V1
EP-GK-066-012,GK-066,UNDER_WORKOVER,2026-06-05,2026-06-11,SAND,False,WO-GK-066-012,440.6,2026-09-23T16:00:00Z,GENERATOR,gs://well-workover-intervention-data/landing/generator/2026/09/23/well_status_history.parquet,BATCH-GELEKI-20260923-V1
EP-GK-066-013,GK-066,PRODUCING,2026-06-12,,,,,0.0,2026-09-23T16:00:00Z,GENERATOR,gs://well-workover-intervention-data/landing/generator/2026/09/23/well_status_history.parquet,BATCH-GELEKI-20260923-V1
EP-GK-067-001,GK-067,PRODUCING,2023-10-01,2024-04-28,,,,0.0,2026-09-23T16:00:00Z,GENERATOR,gs://well-workover-intervention-data/landing/generator/2026/09/23/well_status_history.parquet,BATCH-GELEKI-20260923-V1
EP-GK-067-002,GK-067,UNDER_WORKOVER,2024-04-29,2024-04-29,WAX,True,WO-GK-067-002,204.0,2026-09-23T16:00:00Z,GENERATOR,gs://well-workover-intervention-data/landing/generator/2026/09/23/well_status_history.parquet,BATCH-GELEKI-20260923-V1
EP-GK-067-003,GK-067,PRODUCING,2024-04-30,2024-10-05,,,,0.0,2026-09-23T16:00:00Z,GENERATOR,gs://well-workover-intervention-data/landing/generator/2026/09/23/well_status_history.parquet,BATCH-GELEKI-20260923-V1
EP-GK-067-004,GK-067,WAITING_ON_RIG,2024-10-06,2024-11-01,SUDDEN_MECH,False,,2856.1,2026-09-23T16:00:00Z,GENERATOR,gs://well-workover-intervention-data/landing/generator/2026/09/23/well_status_history.parquet,BATCH-GELEKI-20260923-V1
EP-GK-067-005,GK-067,UNDER_WORKOVER,2024-11-02,2024-11-09,SUDDEN_MECH,False,WO-GK-067-005,918.0,2026-09-23T16:00:00Z,GENERATOR,gs://well-workover-intervention-data/landing/generator/2026/09/23/well_status_history.parquet,BATCH-GELEKI-20260923-V1
EP-GK-067-006,GK-067,PRODUCING,2024-11-10,2025-02-05,,,,0.0,2026-09-23T16:00:00Z,GENERATOR,gs://well-workover-intervention-data/landing/generator/2026/09/23/well_status_history.parquet,BATCH-GELEKI-20260923-V1
EP-GK-067-007,GK-067,WAITING_ON_RIG,2025-02-06,2025-02-12,TUBING_LEAK,False,,816.0,2026-09-23T16:00:00Z,GENERATOR,gs://well-workover-intervention-data/landing/generator/2026/09/23/well_status_history.parquet,BATCH-GELEKI-20260923-V1
EP-GK-067-008,GK-067,UNDER_WORKOVER,2025-02-13,2025-02-14,TUBING_LEAK,False,WO-GK-067-008,306.0,2026-09-23T16:00:00Z,GENERATOR,gs://well-workover-intervention-data/landing/generator/2026/09/23/well_status_history.parquet,BATCH-GELEKI-20260923-V1
EP-GK-067-009,GK-067,PRODUCING,2025-02-15,2025-10-14,,,,0.0,2026-09-23T16:00:00Z,GENERATOR,gs://well-workover-intervention-data/landing/generator/2026/09/23/well_status_history.parquet,BATCH-GELEKI-20260923-V1
EP-GK-067-010,GK-067,WAITING_ON_RIG,2025-10-15,2025-10-20,ROD_PART,False,,714.0,2026-09-23T16:00:00Z,GENERATOR,gs://well-workover-intervention-data/landing/generator/2026/09/23/well_status_history.parquet,BATCH-GELEKI-20260923-V1
EP-GK-067-011,GK-067,UNDER_WORKOVER,2025-10-21,2025-10-21,ROD_PART,False,WO-GK-067-011,204.0,2026-09-23T16:00:00Z,GENERATOR,gs://well-workover-intervention-data/landing/generator/2026/09/23/well_status_history.parquet,BATCH-GELEKI-20260923-V1
EP-GK-067-012,GK-067,PRODUCING,2025-10-22,2026-03-18,,,,0.0,2026-09-23T16:00:00Z,GENERATOR,gs://well-workover-intervention-data/landing/generator/2026/09/23/well_status_history.parquet,BATCH-GELEKI-20260923-V1
EP-GK-067-013,GK-067,WAITING_ON_RIG,2026-03-19,2026-05-02,TUBING_LEAK,False,,4692.1,2026-09-23T16:00:00Z,GENERATOR,gs://well-workover-intervention-data/landing/generator/2026/09/23/well_status_history.parquet,BATCH-GELEKI-20260923-V1
EP-GK-067-014,GK-067,UNDER_WORKOVER,2026-05-03,2026-05-17,TUBING_LEAK,False,WO-GK-067-014,1632.0,2026-09-23T16:00:00Z,GENERATOR,gs://well-workover-intervention-data/landing/generator/2026/09/23/well_status_history.parquet,BATCH-GELEKI-20260923-V1
EP-GK-067-015,GK-067,PRODUCING,2026-05-18,,,,,0.0,2026-09-23T16:00:00Z,GENERATOR,gs://well-workover-intervention-data/landing/generator/2026/09/23/well_status_history.parquet,BATCH-GELEKI-20260923-V1
EP-GK-068-001,GK-068,PRODUCING,2023-10-01,2024-01-05,,,,0.0,2026-09-23T16:00:00Z,GENERATOR,gs://well-workover-intervention-data/landing/generator/2026/09/23/well_status_history.parquet,BATCH-GELEKI-20260923-V1
EP-GK-068-002,GK-068,WAITING_ON_RIG,2024-01-06,2024-01-23,TUBING_LEAK,False,,1656.8,2026-09-23T16:00:00Z,GENERATOR,gs://well-workover-intervention-data/landing/generator/2026/09/23/well_status_history.parquet,BATCH-GELEKI-20260923-V1
EP-GK-068-003,GK-068,UNDER_WORKOVER,2024-01-24,2024-01-28,TUBING_LEAK,False,WO-GK-068-003,523.2,2026-09-23T16:00:00Z,GENERATOR,gs://well-workover-intervention-data/landing/generator/2026/09/23/well_status_history.parquet,BATCH-GELEKI-20260923-V1
EP-GK-068-004,GK-068,PRODUCING,2024-01-29,2024-07-31,,,,0.0,2026-09-23T16:00:00Z,GENERATOR,gs://well-workover-intervention-data/landing/generator/2026/09/23/well_status_history.parquet,BATCH-GELEKI-20260923-V1
EP-GK-068-005,GK-068,WAITING_ON_RIG,2024-08-01,2024-08-07,PUMP_WEAR,False,,697.6,2026-09-23T16:00:00Z,GENERATOR,gs://well-workover-intervention-data/landing/generator/2026/09/23/well_status_history.parquet,BATCH-GELEKI-20260923-V1
EP-GK-068-006,GK-068,UNDER_WORKOVER,2024-08-08,2024-08-08,PUMP_WEAR,False,WO-GK-068-006,174.4,2026-09-23T16:00:00Z,GENERATOR,gs://well-workover-intervention-data/landing/generator/2026/09/23/well_status_history.parquet,BATCH-GELEKI-20260923-V1
EP-GK-068-007,GK-068,PRODUCING,2024-08-09,2024-11-16,,,,0.0,2026-09-23T16:00:00Z,GENERATOR,gs://well-workover-intervention-data/landing/generator/2026/09/23/well_status_history.parquet,BATCH-GELEKI-20260923-V1
EP-GK-068-008,GK-068,UNDER_WORKOVER,2024-11-17,2024-11-18,SURFACE,True,WO-GK-068-008,261.6,2026-09-23T16:00:00Z,GENERATOR,gs://well-workover-intervention-data/landing/generator/2026/09/23/well_status_history.parquet,BATCH-GELEKI-20260923-V1
EP-GK-068-009,GK-068,PRODUCING,2024-11-19,2025-08-09,,,,0.0,2026-09-23T16:00:00Z,GENERATOR,gs://well-workover-intervention-data/landing/generator/2026/09/23/well_status_history.parquet,BATCH-GELEKI-20260923-V1
EP-GK-068-010,GK-068,UNDER_WORKOVER,2025-08-10,2025-08-10,SURFACE,True,WO-GK-068-010,174.4,2026-09-23T16:00:00Z,GENERATOR,gs://well-workover-intervention-data/landing/generator/2026/09/23/well_status_history.parquet,BATCH-GELEKI-20260923-V1
EP-GK-068-011,GK-068,PRODUCING,2025-08-11,2026-01-24,,,,0.0,2026-09-23T16:00:00Z,GENERATOR,gs://well-workover-intervention-data/landing/generator/2026/09/23/well_status_history.parquet,BATCH-GELEKI-20260923-V1
EP-GK-068-012,GK-068,WAITING_ON_RIG,2026-01-25,2026-02-02,TUBING_LEAK,False,,872.0,2026-09-23T16:00:00Z,GENERATOR,gs://well-workover-intervention-data/landing/generator/2026/09/23/well_status_history.parquet,BATCH-GELEKI-20260923-V1
EP-GK-068-013,GK-068,UNDER_WORKOVER,2026-02-03,2026-02-04,TUBING_LEAK,False,WO-GK-068-013,261.6,2026-09-23T16:00:00Z,GENERATOR,gs://well-workover-intervention-data/landing/generator/2026/09/23/well_status_history.parquet,BATCH-GELEKI-20260923-V1
EP-GK-068-014,GK-068,PRODUCING,2026-02-05,2026-09-20,,,,0.0,2026-09-23T16:00:00Z,GENERATOR,gs://well-workover-intervention-data/landing/generator/2026/09/23/well_status_history.parquet,BATCH-GELEKI-20260923-V1
EP-GK-068-015,GK-068,WAITING_ON_RIG,2026-09-21,,ROD_PART,False,,0.0,2026-09-23T16:00:00Z,GENERATOR,gs://well-workover-intervention-data/landing/generator/2026/09/23/well_status_history.parquet,BATCH-GELEKI-20260923-V1
EP-GK-069-001,GK-069,SHUT_IN,2023-10-01,,OTHER,False,,0.0,2026-09-23T16:00:00Z,GENERATOR,gs://well-workover-intervention-data/landing/generator/2026/09/23/well_status_history.parquet,BATCH-GELEKI-20260923-V1
EP-GK-070-001,GK-070,SHUT_IN,2023-10-01,,OTHER,False,,0.0,2026-09-23T16:00:00Z,GENERATOR,gs://well-workover-intervention-data/landing/generator/2026/09/23/well_status_history.parquet,BATCH-GELEKI-20260923-V1
EP-GK-071-001,GK-071,PRODUCING,2023-10-01,2024-05-18,,,,0.0,2026-09-23T16:00:00Z,GENERATOR,gs://well-workover-intervention-data/landing/generator/2026/09/23/well_status_history.parquet,BATCH-GELEKI-20260923-V1
EP-GK-071-002,GK-071,WAITING_ON_RIG,2024-05-19,2024-06-30,ROD_PART,False,,1830.4,2026-09-23T16:00:00Z,GENERATOR,gs://well-workover-intervention-data/landing/generator/2026/09/23/well_status_history.parquet,BATCH-GELEKI-20260923-V1
EP-GK-071-003,GK-071,UNDER_WORKOVER,2024-07-01,2024-07-14,ROD_PART,False,WO-GK-071-003,624.0,2026-09-23T16:00:00Z,GENERATOR,gs://well-workover-intervention-data/landing/generator/2026/09/23/well_status_history.parquet,BATCH-GELEKI-20260923-V1
EP-GK-071-004,GK-071,PRODUCING,2024-07-15,2025-03-08,,,,0.0,2026-09-23T16:00:00Z,GENERATOR,gs://well-workover-intervention-data/landing/generator/2026/09/23/well_status_history.parquet,BATCH-GELEKI-20260923-V1
EP-GK-071-005,GK-071,WAITING_ON_RIG,2025-03-09,2025-05-04,TUBING_LEAK,False,,2412.8,2026-09-23T16:00:00Z,GENERATOR,gs://well-workover-intervention-data/landing/generator/2026/09/23/well_status_history.parquet,BATCH-GELEKI-20260923-V1
EP-GK-071-006,GK-071,UNDER_WORKOVER,2025-05-05,2025-05-23,TUBING_LEAK,False,WO-GK-071-006,832.0,2026-09-23T16:00:00Z,GENERATOR,gs://well-workover-intervention-data/landing/generator/2026/09/23/well_status_history.parquet,BATCH-GELEKI-20260923-V1
EP-GK-071-007,GK-071,PRODUCING,2025-05-24,2026-04-17,,,,0.0,2026-09-23T16:00:00Z,GENERATOR,gs://well-workover-intervention-data/landing/generator/2026/09/23/well_status_history.parquet,BATCH-GELEKI-20260923-V1
EP-GK-071-008,GK-071,WAITING_ON_RIG,2026-04-18,2026-05-24,OTHER,False,,1580.8,2026-09-23T16:00:00Z,GENERATOR,gs://well-workover-intervention-data/landing/generator/2026/09/23/well_status_history.parquet,BATCH-GELEKI-20260923-V1
EP-GK-071-009,GK-071,UNDER_WORKOVER,2026-05-25,2026-06-04,OTHER,False,WO-GK-071-009,499.2,2026-09-23T16:00:00Z,GENERATOR,gs://well-workover-intervention-data/landing/generator/2026/09/23/well_status_history.parquet,BATCH-GELEKI-20260923-V1
EP-GK-071-010,GK-071,PRODUCING,2026-06-05,,,,,0.0,2026-09-23T16:00:00Z,GENERATOR,gs://well-workover-intervention-data/landing/generator/2026/09/23/well_status_history.parquet,BATCH-GELEKI-20260923-V1
EP-GK-072-001,GK-072,PRODUCING,2023-10-01,2023-12-02,,,,0.0,2026-09-23T16:00:00Z,GENERATOR,gs://well-workover-intervention-data/landing/generator/2026/09/23/well_status_history.parquet,BATCH-GELEKI-20260923-V1
EP-GK-072-002,GK-072,WAITING_ON_RIG,2023-12-03,2024-01-26,SAND,False,,7351.7,2026-09-23T16:00:00Z,GENERATOR,gs://well-workover-intervention-data/landing/generator/2026/09/23/well_status_history.parquet,BATCH-GELEKI-20260923-V1
EP-GK-072-003,GK-072,UNDER_WORKOVER,2024-01-27,2024-02-12,SAND,False,WO-GK-072-003,2363.1,2026-09-23T16:00:00Z,GENERATOR,gs://well-workover-intervention-data/landing/generator/2026/09/23/well_status_history.parquet,BATCH-GELEKI-20260923-V1
EP-GK-072-004,GK-072,PRODUCING,2024-02-13,2024-04-05,,,,0.0,2026-09-23T16:00:00Z,GENERATOR,gs://well-workover-intervention-data/landing/generator/2026/09/23/well_status_history.parquet,BATCH-GELEKI-20260923-V1
EP-GK-072-005,GK-072,WAITING_ON_RIG,2024-04-06,2024-04-22,SAND,False,,2363.1,2026-09-23T16:00:00Z,GENERATOR,gs://well-workover-intervention-data/landing/generator/2026/09/23/well_status_history.parquet,BATCH-GELEKI-20260923-V1
EP-GK-072-006,GK-072,UNDER_WORKOVER,2024-04-23,2024-04-27,SAND,False,WO-GK-072-006,787.7,2026-09-23T16:00:00Z,GENERATOR,gs://well-workover-intervention-data/landing/generator/2026/09/23/well_status_history.parquet,BATCH-GELEKI-20260923-V1
EP-GK-072-007,GK-072,PRODUCING,2024-04-28,2024-08-11,,,,0.0,2026-09-23T16:00:00Z,GENERATOR,gs://well-workover-intervention-data/landing/generator/2026/09/23/well_status_history.parquet,BATCH-GELEKI-20260923-V1
EP-GK-072-008,GK-072,WAITING_ON_RIG,2024-08-12,2024-09-10,OTHER,False,,4069.7,2026-09-23T16:00:00Z,GENERATOR,gs://well-workover-intervention-data/landing/generator/2026/09/23/well_status_history.parquet,BATCH-GELEKI-20260923-V1
EP-GK-072-009,GK-072,UNDER_WORKOVER,2024-09-11,2024-09-19,OTHER,False,WO-GK-072-009,1312.8,2026-09-23T16:00:00Z,GENERATOR,gs://well-workover-intervention-data/landing/generator/2026/09/23/well_status_history.parquet,BATCH-GELEKI-20260923-V1
EP-GK-072-010,GK-072,PRODUCING,2024-09-20,2024-11-20,,,,0.0,2026-09-23T16:00:00Z,GENERATOR,gs://well-workover-intervention-data/landing/generator/2026/09/23/well_status_history.parquet,BATCH-GELEKI-20260923-V1
EP-GK-072-011,GK-072,WAITING_ON_RIG,2024-11-21,2025-04-10,SAND,False,,18641.9,2026-09-23T16:00:00Z,GENERATOR,gs://well-workover-intervention-data/landing/generator/2026/09/23/well_status_history.parquet,BATCH-GELEKI-20260923-V1
EP-GK-072-012,GK-072,UNDER_WORKOVER,2025-04-11,2025-05-27,SAND,False,WO-GK-072-012,6301.5,2026-09-23T16:00:00Z,GENERATOR,gs://well-workover-intervention-data/landing/generator/2026/09/23/well_status_history.parquet,BATCH-GELEKI-20260923-V1
EP-GK-072-013,GK-072,PRODUCING,2025-05-28,2025-07-22,,,,0.0,2026-09-23T16:00:00Z,GENERATOR,gs://well-workover-intervention-data/landing/generator/2026/09/23/well_status_history.parquet,BATCH-GELEKI-20260923-V1
EP-GK-072-014,GK-072,WAITING_ON_RIG,2025-07-23,2025-08-12,SAND,False,,2888.2,2026-09-23T16:00:00Z,GENERATOR,gs://well-workover-intervention-data/landing/generator/2026/09/23/well_status_history.parquet,BATCH-GELEKI-20260923-V1
EP-GK-072-015,GK-072,UNDER_WORKOVER,2025-08-13,2025-08-19,SAND,False,WO-GK-072-015,1050.2,2026-09-23T16:00:00Z,GENERATOR,gs://well-workover-intervention-data/landing/generator/2026/09/23/well_status_history.parquet,BATCH-GELEKI-20260923-V1
EP-GK-072-016,GK-072,PRODUCING,2025-08-20,2025-12-03,,,,0.0,2026-09-23T16:00:00Z,GENERATOR,gs://well-workover-intervention-data/landing/generator/2026/09/23/well_status_history.parquet,BATCH-GELEKI-20260923-V1
EP-GK-072-017,GK-072,UNDER_WORKOVER,2025-12-04,2025-12-05,SCALE,True,WO-GK-072-017,393.8,2026-09-23T16:00:00Z,GENERATOR,gs://well-workover-intervention-data/landing/generator/2026/09/23/well_status_history.parquet,BATCH-GELEKI-20260923-V1
EP-GK-072-018,GK-072,PRODUCING,2025-12-06,2026-01-23,,,,0.0,2026-09-23T16:00:00Z,GENERATOR,gs://well-workover-intervention-data/landing/generator/2026/09/23/well_status_history.parquet,BATCH-GELEKI-20260923-V1
EP-GK-072-019,GK-072,WAITING_ON_RIG,2026-01-24,2026-04-04,SAND,False,,9452.2,2026-09-23T16:00:00Z,GENERATOR,gs://well-workover-intervention-data/landing/generator/2026/09/23/well_status_history.parquet,BATCH-GELEKI-20260923-V1
EP-GK-072-020,GK-072,UNDER_WORKOVER,2026-04-05,2026-04-27,SAND,False,WO-GK-072-020,3150.7,2026-09-23T16:00:00Z,GENERATOR,gs://well-workover-intervention-data/landing/generator/2026/09/23/well_status_history.parquet,BATCH-GELEKI-20260923-V1
EP-GK-072-021,GK-072,PRODUCING,2026-04-28,2026-08-01,,,,0.0,2026-09-23T16:00:00Z,GENERATOR,gs://well-workover-intervention-data/landing/generator/2026/09/23/well_status_history.parquet,BATCH-GELEKI-20260923-V1
EP-GK-072-022,GK-072,WAITING_ON_RIG,2026-08-02,2026-08-18,SAND,False,,2363.1,2026-09-23T16:00:00Z,GENERATOR,gs://well-workover-intervention-data/landing/generator/2026/09/23/well_status_history.parquet,BATCH-GELEKI-20260923-V1
EP-GK-072-023,GK-072,UNDER_WORKOVER,2026-08-19,2026-08-23,SAND,False,WO-GK-072-023,787.7,2026-09-23T16:00:00Z,GENERATOR,gs://well-workover-intervention-data/landing/generator/2026/09/23/well_status_history.parquet,BATCH-GELEKI-20260923-V1
EP-GK-072-024,GK-072,PRODUCING,2026-08-24,,,,,0.0,2026-09-23T16:00:00Z,GENERATOR,gs://well-workover-intervention-data/landing/generator/2026/09/23/well_status_history.parquet,BATCH-GELEKI-20260923-V1
EP-GK-073-001,GK-073,PRODUCING,2023-10-01,2024-01-26,,,,0.0,2026-09-23T16:00:00Z,GENERATOR,gs://well-workover-intervention-data/landing/generator/2026/09/23/well_status_history.parquet,BATCH-GELEKI-20260923-V1
EP-GK-073-002,GK-073,UNDER_WORKOVER,2024-01-27,2024-01-27,SURFACE,True,WO-GK-073-002,117.3,2026-09-23T16:00:00Z,GENERATOR,gs://well-workover-intervention-data/landing/generator/2026/09/23/well_status_history.parquet,BATCH-GELEKI-20260923-V1
EP-GK-073-003,GK-073,PRODUCING,2024-01-28,2024-11-23,,,,0.0,2026-09-23T16:00:00Z,GENERATOR,gs://well-workover-intervention-data/landing/generator/2026/09/23/well_status_history.parquet,BATCH-GELEKI-20260923-V1
EP-GK-073-004,GK-073,WAITING_ON_RIG,2024-11-24,2025-01-01,SAND,False,,2346.2,2026-09-23T16:00:00Z,GENERATOR,gs://well-workover-intervention-data/landing/generator/2026/09/23/well_status_history.parquet,BATCH-GELEKI-20260923-V1
EP-GK-073-005,GK-073,UNDER_WORKOVER,2025-01-02,2025-01-14,SAND,False,WO-GK-073-005,821.2,2026-09-23T16:00:00Z,GENERATOR,gs://well-workover-intervention-data/landing/generator/2026/09/23/well_status_history.parquet,BATCH-GELEKI-20260923-V1
EP-GK-073-006,GK-073,PRODUCING,2025-01-15,2025-08-19,,,,0.0,2026-09-23T16:00:00Z,GENERATOR,gs://well-workover-intervention-data/landing/generator/2026/09/23/well_status_history.parquet,BATCH-GELEKI-20260923-V1
EP-GK-073-007,GK-073,WAITING_ON_RIG,2025-08-20,2025-09-15,WAX,False,,1642.3,2026-09-23T16:00:00Z,GENERATOR,gs://well-workover-intervention-data/landing/generator/2026/09/23/well_status_history.parquet,BATCH-GELEKI-20260923-V1
EP-GK-073-008,GK-073,UNDER_WORKOVER,2025-09-16,2025-09-23,WAX,False,WO-GK-073-008,527.9,2026-09-23T16:00:00Z,GENERATOR,gs://well-workover-intervention-data/landing/generator/2026/09/23/well_status_history.parquet,BATCH-GELEKI-20260923-V1
EP-GK-073-009,GK-073,PRODUCING,2025-09-24,2026-01-04,,,,0.0,2026-09-23T16:00:00Z,GENERATOR,gs://well-workover-intervention-data/landing/generator/2026/09/23/well_status_history.parquet,BATCH-GELEKI-20260923-V1
EP-GK-073-010,GK-073,WAITING_ON_RIG,2026-01-05,2026-01-09,WAX,False,,351.9,2026-09-23T16:00:00Z,GENERATOR,gs://well-workover-intervention-data/landing/generator/2026/09/23/well_status_history.parquet,BATCH-GELEKI-20260923-V1
EP-GK-073-011,GK-073,UNDER_WORKOVER,2026-01-10,2026-01-10,WAX,False,WO-GK-073-011,117.3,2026-09-23T16:00:00Z,GENERATOR,gs://well-workover-intervention-data/landing/generator/2026/09/23/well_status_history.parquet,BATCH-GELEKI-20260923-V1
EP-GK-073-012,GK-073,PRODUCING,2026-01-11,,,,,0.0,2026-09-23T16:00:00Z,GENERATOR,gs://well-workover-intervention-data/landing/generator/2026/09/23/well_status_history.parquet,BATCH-GELEKI-20260923-V1
EP-GK-074-001,GK-074,PRODUCING,2023-10-01,2024-05-04,,,,0.0,2026-09-23T16:00:00Z,GENERATOR,gs://well-workover-intervention-data/landing/generator/2026/09/23/well_status_history.parquet,BATCH-GELEKI-20260923-V1
EP-GK-074-002,GK-074,WAITING_ON_RIG,2024-05-05,2024-05-09,WAX,False,,415.2,2026-09-23T16:00:00Z,GENERATOR,gs://well-workover-intervention-data/landing/generator/2026/09/23/well_status_history.parquet,BATCH-GELEKI-20260923-V1
EP-GK-074-003,GK-074,UNDER_WORKOVER,2024-05-10,2024-05-10,WAX,False,WO-GK-074-003,138.4,2026-09-23T16:00:00Z,GENERATOR,gs://well-workover-intervention-data/landing/generator/2026/09/23/well_status_history.parquet,BATCH-GELEKI-20260923-V1
EP-GK-074-004,GK-074,PRODUCING,2024-05-11,2024-08-19,,,,0.0,2026-09-23T16:00:00Z,GENERATOR,gs://well-workover-intervention-data/landing/generator/2026/09/23/well_status_history.parquet,BATCH-GELEKI-20260923-V1
EP-GK-074-005,GK-074,WAITING_ON_RIG,2024-08-20,2024-08-24,SAND,False,,415.2,2026-09-23T16:00:00Z,GENERATOR,gs://well-workover-intervention-data/landing/generator/2026/09/23/well_status_history.parquet,BATCH-GELEKI-20260923-V1
EP-GK-074-006,GK-074,UNDER_WORKOVER,2024-08-25,2024-08-25,SAND,False,WO-GK-074-006,138.4,2026-09-23T16:00:00Z,GENERATOR,gs://well-workover-intervention-data/landing/generator/2026/09/23/well_status_history.parquet,BATCH-GELEKI-20260923-V1
EP-GK-074-007,GK-074,PRODUCING,2024-08-26,2025-01-19,,,,0.0,2026-09-23T16:00:00Z,GENERATOR,gs://well-workover-intervention-data/landing/generator/2026/09/23/well_status_history.parquet,BATCH-GELEKI-20260923-V1
EP-GK-074-008,GK-074,UNDER_WORKOVER,2025-01-20,2025-01-21,SURFACE,True,WO-GK-074-008,207.6,2026-09-23T16:00:00Z,GENERATOR,gs://well-workover-intervention-data/landing/generator/2026/09/23/well_status_history.parquet,BATCH-GELEKI-20260923-V1
EP-GK-074-009,GK-074,PRODUCING,2025-01-22,2025-07-24,,,,0.0,2026-09-23T16:00:00Z,GENERATOR,gs://well-workover-intervention-data/landing/generator/2026/09/23/well_status_history.parquet,BATCH-GELEKI-20260923-V1
EP-GK-074-010,GK-074,UNDER_WORKOVER,2025-07-25,2025-07-25,SURFACE,True,WO-GK-074-010,138.4,2026-09-23T16:00:00Z,GENERATOR,gs://well-workover-intervention-data/landing/generator/2026/09/23/well_status_history.parquet,BATCH-GELEKI-20260923-V1
EP-GK-074-011,GK-074,PRODUCING,2025-07-26,2025-11-26,,,,0.0,2026-09-23T16:00:00Z,GENERATOR,gs://well-workover-intervention-data/landing/generator/2026/09/23/well_status_history.parquet,BATCH-GELEKI-20260923-V1
EP-GK-074-012,GK-074,UNDER_WORKOVER,2025-11-27,2025-11-28,SURFACE,True,WO-GK-074-012,207.6,2026-09-23T16:00:00Z,GENERATOR,gs://well-workover-intervention-data/landing/generator/2026/09/23/well_status_history.parquet,BATCH-GELEKI-20260923-V1
EP-GK-074-013,GK-074,PRODUCING,2025-11-29,2026-03-15,,,,0.0,2026-09-23T16:00:00Z,GENERATOR,gs://well-workover-intervention-data/landing/generator/2026/09/23/well_status_history.parquet,BATCH-GELEKI-20260923-V1
EP-GK-074-014,GK-074,WAITING_ON_RIG,2026-03-16,2026-05-10,SAND,False,,3944.5,2026-09-23T16:00:00Z,GENERATOR,gs://well-workover-intervention-data/landing/generator/2026/09/23/well_status_history.parquet,BATCH-GELEKI-20260923-V1
EP-GK-074-015,GK-074,UNDER_WORKOVER,2026-05-11,2026-05-28,SAND,False,WO-GK-074-015,1314.8,2026-09-23T16:00:00Z,GENERATOR,gs://well-workover-intervention-data/landing/generator/2026/09/23/well_status_history.parquet,BATCH-GELEKI-20260923-V1
EP-GK-074-016,GK-074,PRODUCING,2026-05-29,,,,,0.0,2026-09-23T16:00:00Z,GENERATOR,gs://well-workover-intervention-data/landing/generator/2026/09/23/well_status_history.parquet,BATCH-GELEKI-20260923-V1
EP-GK-075-001,GK-075,SHUT_IN,2023-10-01,,OTHER,False,,0.0,2026-09-23T16:00:00Z,GENERATOR,gs://well-workover-intervention-data/landing/generator/2026/09/23/well_status_history.parquet,BATCH-GELEKI-20260923-V1
EP-GK-076-001,GK-076,PRODUCING,2023-10-01,2023-11-30,,,,0.0,2026-09-23T16:00:00Z,GENERATOR,gs://well-workover-intervention-data/landing/generator/2026/09/23/well_status_history.parquet,BATCH-GELEKI-20260923-V1
EP-GK-076-002,GK-076,WAITING_ON_RIG,2023-12-01,2023-12-27,TUBING_LEAK,False,,3285.4,2026-09-23T16:00:00Z,GENERATOR,gs://well-workover-intervention-data/landing/generator/2026/09/23/well_status_history.parquet,BATCH-GELEKI-20260923-V1
EP-GK-076-003,GK-076,UNDER_WORKOVER,2023-12-28,2024-01-05,TUBING_LEAK,False,WO-GK-076-003,1173.3,2026-09-23T16:00:00Z,GENERATOR,gs://well-workover-intervention-data/landing/generator/2026/09/23/well_status_history.parquet,BATCH-GELEKI-20260923-V1
EP-GK-076-004,GK-076,PRODUCING,2024-01-06,2024-08-01,,,,0.0,2026-09-23T16:00:00Z,GENERATOR,gs://well-workover-intervention-data/landing/generator/2026/09/23/well_status_history.parquet,BATCH-GELEKI-20260923-V1
EP-GK-076-005,GK-076,WAITING_ON_RIG,2024-08-02,2024-08-14,OTHER,False,,1642.7,2026-09-23T16:00:00Z,GENERATOR,gs://well-workover-intervention-data/landing/generator/2026/09/23/well_status_history.parquet,BATCH-GELEKI-20260923-V1
EP-GK-076-006,GK-076,UNDER_WORKOVER,2024-08-15,2024-08-17,OTHER,False,WO-GK-076-006,469.3,2026-09-23T16:00:00Z,GENERATOR,gs://well-workover-intervention-data/landing/generator/2026/09/23/well_status_history.parquet,BATCH-GELEKI-20260923-V1
EP-GK-076-007,GK-076,PRODUCING,2024-08-18,2025-01-12,,,,0.0,2026-09-23T16:00:00Z,GENERATOR,gs://well-workover-intervention-data/landing/generator/2026/09/23/well_status_history.parquet,BATCH-GELEKI-20260923-V1
EP-GK-076-008,GK-076,WAITING_ON_RIG,2025-01-13,2025-03-09,ROD_PART,False,,6688.1,2026-09-23T16:00:00Z,GENERATOR,gs://well-workover-intervention-data/landing/generator/2026/09/23/well_status_history.parquet,BATCH-GELEKI-20260923-V1
EP-GK-076-009,GK-076,UNDER_WORKOVER,2025-03-10,2025-03-27,ROD_PART,False,WO-GK-076-009,2229.4,2026-09-23T16:00:00Z,GENERATOR,gs://well-workover-intervention-data/landing/generator/2026/09/23/well_status_history.parquet,BATCH-GELEKI-20260923-V1
EP-GK-076-010,GK-076,PRODUCING,2025-03-28,2025-08-05,,,,0.0,2026-09-23T16:00:00Z,GENERATOR,gs://well-workover-intervention-data/landing/generator/2026/09/23/well_status_history.parquet,BATCH-GELEKI-20260923-V1
EP-GK-076-011,GK-076,WAITING_ON_RIG,2025-08-06,2025-08-20,SUDDEN_MECH,False,,1877.3,2026-09-23T16:00:00Z,GENERATOR,gs://well-workover-intervention-data/landing/generator/2026/09/23/well_status_history.parquet,BATCH-GELEKI-20260923-V1
EP-GK-076-012,GK-076,UNDER_WORKOVER,2025-08-21,2025-08-24,SUDDEN_MECH,False,WO-GK-076-012,586.7,2026-09-23T16:00:00Z,GENERATOR,gs://well-workover-intervention-data/landing/generator/2026/09/23/well_status_history.parquet,BATCH-GELEKI-20260923-V1
EP-GK-076-013,GK-076,PRODUCING,2025-08-25,2025-12-05,,,,0.0,2026-09-23T16:00:00Z,GENERATOR,gs://well-workover-intervention-data/landing/generator/2026/09/23/well_status_history.parquet,BATCH-GELEKI-20260923-V1
EP-GK-076-014,GK-076,WAITING_ON_RIG,2025-12-06,2026-01-11,ROD_PART,False,,4458.7,2026-09-23T16:00:00Z,GENERATOR,gs://well-workover-intervention-data/landing/generator/2026/09/23/well_status_history.parquet,BATCH-GELEKI-20260923-V1
EP-GK-076-015,GK-076,UNDER_WORKOVER,2026-01-12,2026-01-22,ROD_PART,False,WO-GK-076-015,1408.0,2026-09-23T16:00:00Z,GENERATOR,gs://well-workover-intervention-data/landing/generator/2026/09/23/well_status_history.parquet,BATCH-GELEKI-20260923-V1
EP-GK-076-016,GK-076,PRODUCING,2026-01-23,2026-07-06,,,,0.0,2026-09-23T16:00:00Z,GENERATOR,gs://well-workover-intervention-data/landing/generator/2026/09/23/well_status_history.parquet,BATCH-GELEKI-20260923-V1
EP-GK-076-017,GK-076,WAITING_ON_RIG,2026-07-07,,SUDDEN_MECH,False,,0.0,2026-09-23T16:00:00Z,GENERATOR,gs://well-workover-intervention-data/landing/generator/2026/09/23/well_status_history.parquet,BATCH-GELEKI-20260923-V1
EP-GK-077-001,GK-077,PRODUCING,2023-10-01,2023-11-22,,,,0.0,2026-09-23T16:00:00Z,GENERATOR,gs://well-workover-intervention-data/landing/generator/2026/09/23/well_status_history.parquet,BATCH-GELEKI-20260923-V1
EP-GK-077-002,GK-077,UNDER_WORKOVER,2023-11-23,2023-11-23,SURFACE,True,WO-GK-077-002,174.5,2026-09-23T16:00:00Z,GENERATOR,gs://well-workover-intervention-data/landing/generator/2026/09/23/well_status_history.parquet,BATCH-GELEKI-20260923-V1
EP-GK-077-003,GK-077,PRODUCING,2023-11-24,2024-02-09,,,,0.0,2026-09-23T16:00:00Z,GENERATOR,gs://well-workover-intervention-data/landing/generator/2026/09/23/well_status_history.parquet,BATCH-GELEKI-20260923-V1
EP-GK-077-004,GK-077,UNDER_WORKOVER,2024-02-10,2024-02-11,SURFACE,True,WO-GK-077-004,261.8,2026-09-23T16:00:00Z,GENERATOR,gs://well-workover-intervention-data/landing/generator/2026/09/23/well_status_history.parquet,BATCH-GELEKI-20260923-V1
EP-GK-077-005,GK-077,PRODUCING,2024-02-12,2024-07-09,,,,0.0,2026-09-23T16:00:00Z,GENERATOR,gs://well-workover-intervention-data/landing/generator/2026/09/23/well_status_history.parquet,BATCH-GELEKI-20260923-V1
EP-GK-077-006,GK-077,UNDER_WORKOVER,2024-07-10,2024-07-11,SURFACE,True,WO-GK-077-006,261.8,2026-09-23T16:00:00Z,GENERATOR,gs://well-workover-intervention-data/landing/generator/2026/09/23/well_status_history.parquet,BATCH-GELEKI-20260923-V1
EP-GK-077-007,GK-077,PRODUCING,2024-07-12,2024-09-25,,,,0.0,2026-09-23T16:00:00Z,GENERATOR,gs://well-workover-intervention-data/landing/generator/2026/09/23/well_status_history.parquet,BATCH-GELEKI-20260923-V1
EP-GK-077-008,GK-077,WAITING_ON_RIG,2024-09-26,2024-10-10,SUDDEN_MECH,False,,1396.4,2026-09-23T16:00:00Z,GENERATOR,gs://well-workover-intervention-data/landing/generator/2026/09/23/well_status_history.parquet,BATCH-GELEKI-20260923-V1
EP-GK-077-009,GK-077,UNDER_WORKOVER,2024-10-11,2024-10-15,SUDDEN_MECH,False,WO-GK-077-009,523.6,2026-09-23T16:00:00Z,GENERATOR,gs://well-workover-intervention-data/landing/generator/2026/09/23/well_status_history.parquet,BATCH-GELEKI-20260923-V1
EP-GK-077-010,GK-077,PRODUCING,2024-10-16,2025-03-02,,,,0.0,2026-09-23T16:00:00Z,GENERATOR,gs://well-workover-intervention-data/landing/generator/2026/09/23/well_status_history.parquet,BATCH-GELEKI-20260923-V1
EP-GK-077-011,GK-077,WAITING_ON_RIG,2025-03-03,2025-03-07,TUBING_LEAK,False,,523.6,2026-09-23T16:00:00Z,GENERATOR,gs://well-workover-intervention-data/landing/generator/2026/09/23/well_status_history.parquet,BATCH-GELEKI-20260923-V1
EP-GK-077-012,GK-077,UNDER_WORKOVER,2025-03-08,2025-03-08,TUBING_LEAK,False,WO-GK-077-012,174.5,2026-09-23T16:00:00Z,GENERATOR,gs://well-workover-intervention-data/landing/generator/2026/09/23/well_status_history.parquet,BATCH-GELEKI-20260923-V1
EP-GK-077-013,GK-077,PRODUCING,2025-03-09,2025-10-06,,,,0.0,2026-09-23T16:00:00Z,GENERATOR,gs://well-workover-intervention-data/landing/generator/2026/09/23/well_status_history.parquet,BATCH-GELEKI-20260923-V1
EP-GK-077-014,GK-077,WAITING_ON_RIG,2025-10-07,2025-10-15,PUMP_WEAR,False,,872.7,2026-09-23T16:00:00Z,GENERATOR,gs://well-workover-intervention-data/landing/generator/2026/09/23/well_status_history.parquet,BATCH-GELEKI-20260923-V1
EP-GK-077-015,GK-077,UNDER_WORKOVER,2025-10-16,2025-10-17,PUMP_WEAR,False,WO-GK-077-015,261.8,2026-09-23T16:00:00Z,GENERATOR,gs://well-workover-intervention-data/landing/generator/2026/09/23/well_status_history.parquet,BATCH-GELEKI-20260923-V1
EP-GK-077-016,GK-077,PRODUCING,2025-10-18,2026-02-11,,,,0.0,2026-09-23T16:00:00Z,GENERATOR,gs://well-workover-intervention-data/landing/generator/2026/09/23/well_status_history.parquet,BATCH-GELEKI-20260923-V1
EP-GK-077-017,GK-077,WAITING_ON_RIG,2026-02-12,2026-02-16,PUMP_WEAR,False,,523.6,2026-09-23T16:00:00Z,GENERATOR,gs://well-workover-intervention-data/landing/generator/2026/09/23/well_status_history.parquet,BATCH-GELEKI-20260923-V1
EP-GK-077-018,GK-077,UNDER_WORKOVER,2026-02-17,2026-02-17,PUMP_WEAR,False,WO-GK-077-018,174.5,2026-09-23T16:00:00Z,GENERATOR,gs://well-workover-intervention-data/landing/generator/2026/09/23/well_status_history.parquet,BATCH-GELEKI-20260923-V1
EP-GK-077-019,GK-077,PRODUCING,2026-02-18,2026-05-12,,,,0.0,2026-09-23T16:00:00Z,GENERATOR,gs://well-workover-intervention-data/landing/generator/2026/09/23/well_status_history.parquet,BATCH-GELEKI-20260923-V1
EP-GK-077-020,GK-077,WAITING_ON_RIG,2026-05-13,,OTHER,False,,0.0,2026-09-23T16:00:00Z,GENERATOR,gs://well-workover-intervention-data/landing/generator/2026/09/23/well_status_history.parquet,BATCH-GELEKI-20260923-V1
EP-GK-078-001,GK-078,PRODUCING,2023-10-01,2023-12-05,,,,0.0,2026-09-23T16:00:00Z,GENERATOR,gs://well-workover-intervention-data/landing/generator/2026/09/23/well_status_history.parquet,BATCH-GELEKI-20260923-V1
EP-GK-078-002,GK-078,WAITING_ON_RIG,2023-12-06,2024-02-28,ROD_PART,False,,5781.2,2026-09-23T16:00:00Z,GENERATOR,gs://well-workover-intervention-data/landing/generator/2026/09/23/well_status_history.parquet,BATCH-GELEKI-20260923-V1
EP-GK-078-003,GK-078,UNDER_WORKOVER,2024-02-29,2024-03-26,ROD_PART,False,WO-GK-078-003,1882.2,2026-09-23T16:00:00Z,GENERATOR,gs://well-workover-intervention-data/landing/generator/2026/09/23/well_status_history.parquet,BATCH-GELEKI-20260923-V1
EP-GK-078-004,GK-078,PRODUCING,2024-03-27,2025-03-16,,,,0.0,2026-09-23T16:00:00Z,GENERATOR,gs://well-workover-intervention-data/landing/generator/2026/09/23/well_status_history.parquet,BATCH-GELEKI-20260923-V1
EP-GK-078-005,GK-078,WAITING_ON_RIG,2025-03-17,2025-04-15,TUBING_LEAK,False,,2083.9,2026-09-23T16:00:00Z,GENERATOR,gs://well-workover-intervention-data/landing/generator/2026/09/23/well_status_history.parquet,BATCH-GELEKI-20260923-V1
EP-GK-078-006,GK-078,UNDER_WORKOVER,2025-04-16,2025-04-24,TUBING_LEAK,False,WO-GK-078-006,672.2,2026-09-23T16:00:00Z,GENERATOR,gs://well-workover-intervention-data/landing/generator/2026/09/23/well_status_history.parquet,BATCH-GELEKI-20260923-V1
EP-GK-078-007,GK-078,PRODUCING,2025-04-25,2025-10-18,,,,0.0,2026-09-23T16:00:00Z,GENERATOR,gs://well-workover-intervention-data/landing/generator/2026/09/23/well_status_history.parquet,BATCH-GELEKI-20260923-V1
EP-GK-078-008,GK-078,WAITING_ON_RIG,2025-10-19,2025-11-08,PUMP_WEAR,False,,1478.9,2026-09-23T16:00:00Z,GENERATOR,gs://well-workover-intervention-data/landing/generator/2026/09/23/well_status_history.parquet,BATCH-GELEKI-20260923-V1
EP-GK-078-009,GK-078,UNDER_WORKOVER,2025-11-09,2025-11-15,PUMP_WEAR,False,WO-GK-078-009,537.8,2026-09-23T16:00:00Z,GENERATOR,gs://well-workover-intervention-data/landing/generator/2026/09/23/well_status_history.parquet,BATCH-GELEKI-20260923-V1
EP-GK-078-010,GK-078,PRODUCING,2025-11-16,2026-06-22,,,,0.0,2026-09-23T16:00:00Z,GENERATOR,gs://well-workover-intervention-data/landing/generator/2026/09/23/well_status_history.parquet,BATCH-GELEKI-20260923-V1
EP-GK-078-011,GK-078,WAITING_ON_RIG,2026-06-23,2026-07-01,OTHER,False,,672.2,2026-09-23T16:00:00Z,GENERATOR,gs://well-workover-intervention-data/landing/generator/2026/09/23/well_status_history.parquet,BATCH-GELEKI-20260923-V1
EP-GK-078-012,GK-078,UNDER_WORKOVER,2026-07-02,2026-07-03,OTHER,False,WO-GK-078-012,201.7,2026-09-23T16:00:00Z,GENERATOR,gs://well-workover-intervention-data/landing/generator/2026/09/23/well_status_history.parquet,BATCH-GELEKI-20260923-V1
EP-GK-078-013,GK-078,PRODUCING,2026-07-04,,,,,0.0,2026-09-23T16:00:00Z,GENERATOR,gs://well-workover-intervention-data/landing/generator/2026/09/23/well_status_history.parquet,BATCH-GELEKI-20260923-V1
EP-GK-079-001,GK-079,PRODUCING,2023-10-01,2024-01-22,,,,0.0,2026-09-23T16:00:00Z,GENERATOR,gs://well-workover-intervention-data/landing/generator/2026/09/23/well_status_history.parquet,BATCH-GELEKI-20260923-V1
EP-GK-079-002,GK-079,UNDER_WORKOVER,2024-01-23,2024-01-23,WAX,True,WO-GK-079-002,96.9,2026-09-23T16:00:00Z,GENERATOR,gs://well-workover-intervention-data/landing/generator/2026/09/23/well_status_history.parquet,BATCH-GELEKI-20260923-V1
EP-GK-079-003,GK-079,PRODUCING,2024-01-24,2024-10-28,,,,0.0,2026-09-23T16:00:00Z,GENERATOR,gs://well-workover-intervention-data/landing/generator/2026/09/23/well_status_history.parquet,BATCH-GELEKI-20260923-V1
EP-GK-079-004,GK-079,WAITING_ON_RIG,2024-10-29,2024-11-08,SUDDEN_MECH,False,,581.5,2026-09-23T16:00:00Z,GENERATOR,gs://well-workover-intervention-data/landing/generator/2026/09/23/well_status_history.parquet,BATCH-GELEKI-20260923-V1
EP-GK-079-005,GK-079,UNDER_WORKOVER,2024-11-09,2024-11-11,SUDDEN_MECH,False,WO-GK-079-005,193.8,2026-09-23T16:00:00Z,GENERATOR,gs://well-workover-intervention-data/landing/generator/2026/09/23/well_status_history.parquet,BATCH-GELEKI-20260923-V1
EP-GK-079-006,GK-079,PRODUCING,2024-11-12,2025-07-25,,,,0.0,2026-09-23T16:00:00Z,GENERATOR,gs://well-workover-intervention-data/landing/generator/2026/09/23/well_status_history.parquet,BATCH-GELEKI-20260923-V1
EP-GK-079-007,GK-079,WAITING_ON_RIG,2025-07-26,2025-12-25,ROD_PART,False,,7463.0,2026-09-23T16:00:00Z,GENERATOR,gs://well-workover-intervention-data/landing/generator/2026/09/23/well_status_history.parquet,BATCH-GELEKI-20260923-V1
EP-GK-079-008,GK-079,UNDER_WORKOVER,2025-12-26,2026-02-13,ROD_PART,False,WO-GK-079-008,2471.5,2026-09-23T16:00:00Z,GENERATOR,gs://well-workover-intervention-data/landing/generator/2026/09/23/well_status_history.parquet,BATCH-GELEKI-20260923-V1
EP-GK-079-009,GK-079,PRODUCING,2026-02-14,2026-07-19,,,,0.0,2026-09-23T16:00:00Z,GENERATOR,gs://well-workover-intervention-data/landing/generator/2026/09/23/well_status_history.parquet,BATCH-GELEKI-20260923-V1
EP-GK-079-010,GK-079,WAITING_ON_RIG,2026-07-20,2026-08-13,SAND,False,,1260.0,2026-09-23T16:00:00Z,GENERATOR,gs://well-workover-intervention-data/landing/generator/2026/09/23/well_status_history.parquet,BATCH-GELEKI-20260923-V1
EP-GK-079-011,GK-079,UNDER_WORKOVER,2026-08-14,2026-08-20,SAND,False,WO-GK-079-011,387.7,2026-09-23T16:00:00Z,GENERATOR,gs://well-workover-intervention-data/landing/generator/2026/09/23/well_status_history.parquet,BATCH-GELEKI-20260923-V1
EP-GK-079-012,GK-079,PRODUCING,2026-08-21,,,,,0.0,2026-09-23T16:00:00Z,GENERATOR,gs://well-workover-intervention-data/landing/generator/2026/09/23/well_status_history.parquet,BATCH-GELEKI-20260923-V1
EP-GK-080-001,GK-080,PRODUCING,2023-10-01,2024-02-14,,,,0.0,2026-09-23T16:00:00Z,GENERATOR,gs://well-workover-intervention-data/landing/generator/2026/09/23/well_status_history.parquet,BATCH-GELEKI-20260923-V1
EP-GK-080-002,GK-080,WAITING_ON_RIG,2024-02-15,2024-07-16,SAND,False,,16380.1,2026-09-23T16:00:00Z,GENERATOR,gs://well-workover-intervention-data/landing/generator/2026/09/23/well_status_history.parquet,BATCH-GELEKI-20260923-V1
EP-GK-080-003,GK-080,UNDER_WORKOVER,2024-07-17,2024-09-04,SAND,False,WO-GK-080-003,5424.6,2026-09-23T16:00:00Z,GENERATOR,gs://well-workover-intervention-data/landing/generator/2026/09/23/well_status_history.parquet,BATCH-GELEKI-20260923-V1
EP-GK-080-004,GK-080,PRODUCING,2024-09-05,2024-12-17,,,,0.0,2026-09-23T16:00:00Z,GENERATOR,gs://well-workover-intervention-data/landing/generator/2026/09/23/well_status_history.parquet,BATCH-GELEKI-20260923-V1
EP-GK-080-005,GK-080,UNDER_WORKOVER,2024-12-18,2024-12-18,WAX,True,WO-GK-080-005,212.7,2026-09-23T16:00:00Z,GENERATOR,gs://well-workover-intervention-data/landing/generator/2026/09/23/well_status_history.parquet,BATCH-GELEKI-20260923-V1
EP-GK-080-006,GK-080,PRODUCING,2024-12-19,2025-08-13,,,,0.0,2026-09-23T16:00:00Z,GENERATOR,gs://well-workover-intervention-data/landing/generator/2026/09/23/well_status_history.parquet,BATCH-GELEKI-20260923-V1
EP-GK-080-007,GK-080,WAITING_ON_RIG,2025-08-14,2025-08-18,OTHER,False,,638.2,2026-09-23T16:00:00Z,GENERATOR,gs://well-workover-intervention-data/landing/generator/2026/09/23/well_status_history.parquet,BATCH-GELEKI-20260923-V1
EP-GK-080-008,GK-080,UNDER_WORKOVER,2025-08-19,2025-08-19,OTHER,False,WO-GK-080-008,212.7,2026-09-23T16:00:00Z,GENERATOR,gs://well-workover-intervention-data/landing/generator/2026/09/23/well_status_history.parquet,BATCH-GELEKI-20260923-V1
EP-GK-080-009,GK-080,PRODUCING,2025-08-20,2026-01-18,,,,0.0,2026-09-23T16:00:00Z,GENERATOR,gs://well-workover-intervention-data/landing/generator/2026/09/23/well_status_history.parquet,BATCH-GELEKI-20260923-V1
EP-GK-080-010,GK-080,WAITING_ON_RIG,2026-01-19,2026-01-31,OTHER,False,,1489.1,2026-09-23T16:00:00Z,GENERATOR,gs://well-workover-intervention-data/landing/generator/2026/09/23/well_status_history.parquet,BATCH-GELEKI-20260923-V1
EP-GK-080-011,GK-080,UNDER_WORKOVER,2026-02-01,2026-02-03,OTHER,False,WO-GK-080-011,425.5,2026-09-23T16:00:00Z,GENERATOR,gs://well-workover-intervention-data/landing/generator/2026/09/23/well_status_history.parquet,BATCH-GELEKI-20260923-V1
EP-GK-080-012,GK-080,PRODUCING,2026-02-04,2026-08-25,,,,0.0,2026-09-23T16:00:00Z,GENERATOR,gs://well-workover-intervention-data/landing/generator/2026/09/23/well_status_history.parquet,BATCH-GELEKI-20260923-V1
EP-GK-080-013,GK-080,WAITING_ON_RIG,2026-08-26,,ROD_PART,False,,0.0,2026-09-23T16:00:00Z,GENERATOR,gs://well-workover-intervention-data/landing/generator/2026/09/23/well_status_history.parquet,BATCH-GELEKI-20260923-V1
EP-GK-081-001,GK-081,WAITING_ON_RIG,2023-10-01,2023-12-08,ROD_PART,False,,10544.8,2026-09-23T16:00:00Z,GENERATOR,gs://well-workover-intervention-data/landing/generator/2026/09/23/well_status_history.parquet,BATCH-GELEKI-20260923-V1
EP-GK-081-002,GK-081,UNDER_WORKOVER,2023-12-09,2024-01-12,ROD_PART,False,WO-GK-081-002,3451.0,2026-09-23T16:00:00Z,GENERATOR,gs://well-workover-intervention-data/landing/generator/2026/09/23/well_status_history.parquet,BATCH-GELEKI-20260923-V1
EP-GK-081-003,GK-081,PRODUCING,2024-01-13,2024-06-15,,,,0.0,2026-09-23T16:00:00Z,GENERATOR,gs://well-workover-intervention-data/landing/generator/2026/09/23/well_status_history.parquet,BATCH-GELEKI-20260923-V1
EP-GK-081-004,GK-081,UNDER_WORKOVER,2024-06-16,2024-06-16,WAX,True,WO-GK-081-004,191.7,2026-09-23T16:00:00Z,GENERATOR,gs://well-workover-intervention-data/landing/generator/2026/09/23/well_status_history.parquet,BATCH-GELEKI-20260923-V1
EP-GK-081-005,GK-081,PRODUCING,2024-06-17,2024-08-25,,,,0.0,2026-09-23T16:00:00Z,GENERATOR,gs://well-workover-intervention-data/landing/generator/2026/09/23/well_status_history.parquet,BATCH-GELEKI-20260923-V1
EP-GK-081-006,GK-081,UNDER_WORKOVER,2024-08-26,2024-08-26,WAX,True,WO-GK-081-006,191.7,2026-09-23T16:00:00Z,GENERATOR,gs://well-workover-intervention-data/landing/generator/2026/09/23/well_status_history.parquet,BATCH-GELEKI-20260923-V1
EP-GK-081-007,GK-081,PRODUCING,2024-08-27,2025-05-19,,,,0.0,2026-09-23T16:00:00Z,GENERATOR,gs://well-workover-intervention-data/landing/generator/2026/09/23/well_status_history.parquet,BATCH-GELEKI-20260923-V1
EP-GK-081-008,GK-081,WAITING_ON_RIG,2025-05-20,2025-05-25,SAND,False,,671.0,2026-09-23T16:00:00Z,GENERATOR,gs://well-workover-intervention-data/landing/generator/2026/09/23/well_status_history.parquet,BATCH-GELEKI-20260923-V1
EP-GK-081-009,GK-081,UNDER_WORKOVER,2025-05-26,2025-05-26,SAND,False,WO-GK-081-009,191.7,2026-09-23T16:00:00Z,GENERATOR,gs://well-workover-intervention-data/landing/generator/2026/09/23/well_status_history.parquet,BATCH-GELEKI-20260923-V1
EP-GK-081-010,GK-081,PRODUCING,2025-05-27,2025-11-21,,,,0.0,2026-09-23T16:00:00Z,GENERATOR,gs://well-workover-intervention-data/landing/generator/2026/09/23/well_status_history.parquet,BATCH-GELEKI-20260923-V1
EP-GK-081-011,GK-081,WAITING_ON_RIG,2025-11-22,2025-12-08,OTHER,False,,1725.5,2026-09-23T16:00:00Z,GENERATOR,gs://well-workover-intervention-data/landing/generator/2026/09/23/well_status_history.parquet,BATCH-GELEKI-20260923-V1
EP-GK-081-012,GK-081,UNDER_WORKOVER,2025-12-09,2025-12-13,OTHER,False,WO-GK-081-012,575.2,2026-09-23T16:00:00Z,GENERATOR,gs://well-workover-intervention-data/landing/generator/2026/09/23/well_status_history.parquet,BATCH-GELEKI-20260923-V1
EP-GK-081-013,GK-081,PRODUCING,2025-12-14,2026-07-06,,,,0.0,2026-09-23T16:00:00Z,GENERATOR,gs://well-workover-intervention-data/landing/generator/2026/09/23/well_status_history.parquet,BATCH-GELEKI-20260923-V1
EP-GK-081-014,GK-081,WAITING_ON_RIG,2026-07-07,2026-07-11,SAND,False,,575.2,2026-09-23T16:00:00Z,GENERATOR,gs://well-workover-intervention-data/landing/generator/2026/09/23/well_status_history.parquet,BATCH-GELEKI-20260923-V1
EP-GK-081-015,GK-081,UNDER_WORKOVER,2026-07-12,2026-07-12,SAND,False,WO-GK-081-015,191.7,2026-09-23T16:00:00Z,GENERATOR,gs://well-workover-intervention-data/landing/generator/2026/09/23/well_status_history.parquet,BATCH-GELEKI-20260923-V1
EP-GK-081-016,GK-081,PRODUCING,2026-07-13,,,,,0.0,2026-09-23T16:00:00Z,GENERATOR,gs://well-workover-intervention-data/landing/generator/2026/09/23/well_status_history.parquet,BATCH-GELEKI-20260923-V1
EP-GK-082-001,GK-082,PRODUCING,2023-10-01,2024-01-03,,,,0.0,2026-09-23T16:00:00Z,GENERATOR,gs://well-workover-intervention-data/landing/generator/2026/09/23/well_status_history.parquet,BATCH-GELEKI-20260923-V1
EP-GK-082-002,GK-082,WAITING_ON_RIG,2024-01-04,2024-01-11,ROD_PART,False,,1144.0,2026-09-23T16:00:00Z,GENERATOR,gs://well-workover-intervention-data/landing/generator/2026/09/23/well_status_history.parquet,BATCH-GELEKI-20260923-V1
EP-GK-082-003,GK-082,UNDER_WORKOVER,2024-01-12,2024-01-13,ROD_PART,False,WO-GK-082-003,381.3,2026-09-23T16:00:00Z,GENERATOR,gs://well-workover-intervention-data/landing/generator/2026/09/23/well_status_history.parquet,BATCH-GELEKI-20260923-V1
EP-GK-082-004,GK-082,PRODUCING,2024-01-14,2024-04-12,,,,0.0,2026-09-23T16:00:00Z,GENERATOR,gs://well-workover-intervention-data/landing/generator/2026/09/23/well_status_history.parquet,BATCH-GELEKI-20260923-V1
EP-GK-082-005,GK-082,WAITING_ON_RIG,2024-04-13,2024-05-05,WAX,False,,3050.7,2026-09-23T16:00:00Z,GENERATOR,gs://well-workover-intervention-data/landing/generator/2026/09/23/well_status_history.parquet,BATCH-GELEKI-20260923-V1
EP-GK-082-006,GK-082,UNDER_WORKOVER,2024-05-06,2024-05-12,WAX,False,WO-GK-082-006,1016.9,2026-09-23T16:00:00Z,GENERATOR,gs://well-workover-intervention-data/landing/generator/2026/09/23/well_status_history.parquet,BATCH-GELEKI-20260923-V1
EP-GK-082-007,GK-082,PRODUCING,2024-05-13,2024-11-01,,,,0.0,2026-09-23T16:00:00Z,GENERATOR,gs://well-workover-intervention-data/landing/generator/2026/09/23/well_status_history.parquet,BATCH-GELEKI-20260923-V1
EP-GK-082-008,GK-082,UNDER_WORKOVER,2024-11-02,2024-11-02,WAX,True,WO-GK-082-008,254.2,2026-09-23T16:00:00Z,GENERATOR,gs://well-workover-intervention-data/landing/generator/2026/09/23/well_status_history.parquet,BATCH-GELEKI-20260923-V1
EP-GK-082-009,GK-082,PRODUCING,2024-11-03,2025-02-09,,,,0.0,2026-09-23T16:00:00Z,GENERATOR,gs://well-workover-intervention-data/landing/generator/2026/09/23/well_status_history.parquet,BATCH-GELEKI-20260923-V1
EP-GK-082-010,GK-082,WAITING_ON_RIG,2025-02-10,2025-03-17,OTHER,False,,4703.1,2026-09-23T16:00:00Z,GENERATOR,gs://well-workover-intervention-data/landing/generator/2026/09/23/well_status_history.parquet,BATCH-GELEKI-20260923-V1
EP-GK-082-011,GK-082,UNDER_WORKOVER,2025-03-18,2025-03-28,OTHER,False,WO-GK-082-011,1525.3,2026-09-23T16:00:00Z,GENERATOR,gs://well-workover-intervention-data/landing/generator/2026/09/23/well_status_history.parquet,BATCH-GELEKI-20260923-V1
EP-GK-082-012,GK-082,PRODUCING,2025-03-29,2025-08-14,,,,0.0,2026-09-23T16:00:00Z,GENERATOR,gs://well-workover-intervention-data/landing/generator/2026/09/23/well_status_history.parquet,BATCH-GELEKI-20260923-V1
EP-GK-082-013,GK-082,UNDER_WORKOVER,2025-08-15,2025-08-15,SURFACE,True,WO-GK-082-013,254.2,2026-09-23T16:00:00Z,GENERATOR,gs://well-workover-intervention-data/landing/generator/2026/09/23/well_status_history.parquet,BATCH-GELEKI-20260923-V1
EP-GK-082-014,GK-082,PRODUCING,2025-08-16,2026-01-11,,,,0.0,2026-09-23T16:00:00Z,GENERATOR,gs://well-workover-intervention-data/landing/generator/2026/09/23/well_status_history.parquet,BATCH-GELEKI-20260923-V1
EP-GK-082-015,GK-082,UNDER_WORKOVER,2026-01-12,2026-01-12,WAX,True,WO-GK-082-015,254.2,2026-09-23T16:00:00Z,GENERATOR,gs://well-workover-intervention-data/landing/generator/2026/09/23/well_status_history.parquet,BATCH-GELEKI-20260923-V1
EP-GK-082-016,GK-082,PRODUCING,2026-01-13,2026-04-30,,,,0.0,2026-09-23T16:00:00Z,GENERATOR,gs://well-workover-intervention-data/landing/generator/2026/09/23/well_status_history.parquet,BATCH-GELEKI-20260923-V1
EP-GK-082-017,GK-082,WAITING_ON_RIG,2026-05-01,2026-09-05,WAX,False,,16397.4,2026-09-23T16:00:00Z,GENERATOR,gs://well-workover-intervention-data/landing/generator/2026/09/23/well_status_history.parquet,BATCH-GELEKI-20260923-V1
EP-GK-082-018,GK-082,UNDER_WORKOVER,2026-09-06,,WAX,False,,0.0,2026-09-23T16:00:00Z,GENERATOR,gs://well-workover-intervention-data/landing/generator/2026/09/23/well_status_history.parquet,BATCH-GELEKI-20260923-V1
EP-GK-083-001,GK-083,PRODUCING,2023-10-01,2024-02-08,,,,0.0,2026-09-23T16:00:00Z,GENERATOR,gs://well-workover-intervention-data/landing/generator/2026/09/23/well_status_history.parquet,BATCH-GELEKI-20260923-V1
EP-GK-083-002,GK-083,UNDER_WORKOVER,2024-02-09,2024-02-09,WAX,True,WO-GK-083-002,89.3,2026-09-23T16:00:00Z,GENERATOR,gs://well-workover-intervention-data/landing/generator/2026/09/23/well_status_history.parquet,BATCH-GELEKI-20260923-V1
EP-GK-083-003,GK-083,PRODUCING,2024-02-10,2024-06-17,,,,0.0,2026-09-23T16:00:00Z,GENERATOR,gs://well-workover-intervention-data/landing/generator/2026/09/23/well_status_history.parquet,BATCH-GELEKI-20260923-V1
EP-GK-083-004,GK-083,WAITING_ON_RIG,2024-06-18,2024-07-12,GL_LOADING,False,,1161.5,2026-09-23T16:00:00Z,GENERATOR,gs://well-workover-intervention-data/landing/generator/2026/09/23/well_status_history.parquet,BATCH-GELEKI-20260923-V1
EP-GK-083-005,GK-083,UNDER_WORKOVER,2024-07-13,2024-07-20,GL_LOADING,False,WO-GK-083-005,402.1,2026-09-23T16:00:00Z,GENERATOR,gs://well-workover-intervention-data/landing/generator/2026/09/23/well_status_history.parquet,BATCH-GELEKI-20260923-V1
EP-GK-083-006,GK-083,PRODUCING,2024-07-21,2024-12-06,,,,0.0,2026-09-23T16:00:00Z,GENERATOR,gs://well-workover-intervention-data/landing/generator/2026/09/23/well_status_history.parquet,BATCH-GELEKI-20260923-V1
EP-GK-083-007,GK-083,WAITING_ON_RIG,2024-12-07,2024-12-27,GL_INJ_ANOMALY,False,,982.8,2026-09-23T16:00:00Z,GENERATOR,gs://well-workover-intervention-data/landing/generator/2026/09/23/well_status_history.parquet,BATCH-GELEKI-20260923-V1
EP-GK-083-008,GK-083,UNDER_WORKOVER,2024-12-28,2025-01-03,GL_INJ_ANOMALY,False,WO-GK-083-008,357.4,2026-09-23T16:00:00Z,GENERATOR,gs://well-workover-intervention-data/landing/generator/2026/09/23/well_status_history.parquet,BATCH-GELEKI-20260923-V1
EP-GK-083-009,GK-083,PRODUCING,2025-01-04,2025-07-05,,,,0.0,2026-09-23T16:00:00Z,GENERATOR,gs://well-workover-intervention-data/landing/generator/2026/09/23/well_status_history.parquet,BATCH-GELEKI-20260923-V1
EP-GK-083-010,GK-083,WAITING_ON_RIG,2025-07-06,2025-07-17,SAND,False,,580.7,2026-09-23T16:00:00Z,GENERATOR,gs://well-workover-intervention-data/landing/generator/2026/09/23/well_status_history.parquet,BATCH-GELEKI-20260923-V1
EP-GK-083-011,GK-083,UNDER_WORKOVER,2025-07-18,2025-07-20,SAND,False,WO-GK-083-011,178.7,2026-09-23T16:00:00Z,GENERATOR,gs://well-workover-intervention-data/landing/generator/2026/09/23/well_status_history.parquet,BATCH-GELEKI-20260923-V1
EP-GK-083-012,GK-083,PRODUCING,2025-07-21,2026-03-24,,,,0.0,2026-09-23T16:00:00Z,GENERATOR,gs://well-workover-intervention-data/landing/generator/2026/09/23/well_status_history.parquet,BATCH-GELEKI-20260923-V1
EP-GK-083-013,GK-083,WAITING_ON_RIG,2026-03-25,2026-03-29,TUBING_LEAK,False,,268.0,2026-09-23T16:00:00Z,GENERATOR,gs://well-workover-intervention-data/landing/generator/2026/09/23/well_status_history.parquet,BATCH-GELEKI-20260923-V1
EP-GK-083-014,GK-083,UNDER_WORKOVER,2026-03-30,2026-03-30,TUBING_LEAK,False,WO-GK-083-014,89.3,2026-09-23T16:00:00Z,GENERATOR,gs://well-workover-intervention-data/landing/generator/2026/09/23/well_status_history.parquet,BATCH-GELEKI-20260923-V1
EP-GK-083-015,GK-083,PRODUCING,2026-03-31,2026-08-28,,,,0.0,2026-09-23T16:00:00Z,GENERATOR,gs://well-workover-intervention-data/landing/generator/2026/09/23/well_status_history.parquet,BATCH-GELEKI-20260923-V1
EP-GK-083-016,GK-083,WAITING_ON_RIG,2026-08-29,2026-09-12,SAND,False,,714.8,2026-09-23T16:00:00Z,GENERATOR,gs://well-workover-intervention-data/landing/generator/2026/09/23/well_status_history.parquet,BATCH-GELEKI-20260923-V1
EP-GK-083-017,GK-083,UNDER_WORKOVER,2026-09-13,2026-09-17,SAND,False,WO-GK-083-017,268.0,2026-09-23T16:00:00Z,GENERATOR,gs://well-workover-intervention-data/landing/generator/2026/09/23/well_status_history.parquet,BATCH-GELEKI-20260923-V1
EP-GK-083-018,GK-083,PRODUCING,2026-09-18,,,,,0.0,2026-09-23T16:00:00Z,GENERATOR,gs://well-workover-intervention-data/landing/generator/2026/09/23/well_status_history.parquet,BATCH-GELEKI-20260923-V1
EP-GK-084-001,GK-084,PRODUCING,2023-10-01,2023-11-22,,,,0.0,2026-09-23T16:00:00Z,GENERATOR,gs://well-workover-intervention-data/landing/generator/2026/09/23/well_status_history.parquet,BATCH-GELEKI-20260923-V1
EP-GK-084-002,GK-084,WAITING_ON_RIG,2023-11-23,2024-01-22,TUBING_LEAK,False,,7807.0,2026-09-23T16:00:00Z,GENERATOR,gs://well-workover-intervention-data/landing/generator/2026/09/23/well_status_history.parquet,BATCH-GELEKI-20260923-V1
EP-GK-084-003,GK-084,UNDER_WORKOVER,2024-01-23,2024-02-11,TUBING_LEAK,False,WO-GK-084-003,2644.3,2026-09-23T16:00:00Z,GENERATOR,gs://well-workover-intervention-data/landing/generator/2026/09/23/well_status_history.parquet,BATCH-GELEKI-20260923-V1
EP-GK-084-004,GK-084,PRODUCING,2024-02-12,2024-10-05,,,,0.0,2026-09-23T16:00:00Z,GENERATOR,gs://well-workover-intervention-data/landing/generator/2026/09/23/well_status_history.parquet,BATCH-GELEKI-20260923-V1
EP-GK-084-005,GK-084,WAITING_ON_RIG,2024-10-06,2024-12-01,SAND,False,,7303.4,2026-09-23T16:00:00Z,GENERATOR,gs://well-workover-intervention-data/landing/generator/2026/09/23/well_status_history.parquet,BATCH-GELEKI-20260923-V1
EP-GK-084-006,GK-084,UNDER_WORKOVER,2024-12-02,2024-12-19,SAND,False,WO-GK-084-006,2392.5,2026-09-23T16:00:00Z,GENERATOR,gs://well-workover-intervention-data/landing/generator/2026/09/23/well_status_history.parquet,BATCH-GELEKI-20260923-V1
EP-GK-084-007,GK-084,PRODUCING,2024-12-20,2025-04-07,,,,0.0,2026-09-23T16:00:00Z,GENERATOR,gs://well-workover-intervention-data/landing/generator/2026/09/23/well_status_history.parquet,BATCH-GELEKI-20260923-V1
EP-GK-084-008,GK-084,WAITING_ON_RIG,2025-04-08,2025-05-08,PUMP_WEAR,False,,4029.4,2026-09-23T16:00:00Z,GENERATOR,gs://well-workover-intervention-data/landing/generator/2026/09/23/well_status_history.parquet,BATCH-GELEKI-20260923-V1
EP-GK-084-009,GK-084,UNDER_WORKOVER,2025-05-09,2025-05-18,PUMP_WEAR,False,WO-GK-084-009,1385.1,2026-09-23T16:00:00Z,GENERATOR,gs://well-workover-intervention-data/landing/generator/2026/09/23/well_status_history.parquet,BATCH-GELEKI-20260923-V1
EP-GK-084-010,GK-084,PRODUCING,2025-05-19,2025-08-31,,,,0.0,2026-09-23T16:00:00Z,GENERATOR,gs://well-workover-intervention-data/landing/generator/2026/09/23/well_status_history.parquet,BATCH-GELEKI-20260923-V1
EP-GK-084-011,GK-084,WAITING_ON_RIG,2025-09-01,2025-09-17,TUBING_LEAK,False,,2266.6,2026-09-23T16:00:00Z,GENERATOR,gs://well-workover-intervention-data/landing/generator/2026/09/23/well_status_history.parquet,BATCH-GELEKI-20260923-V1
EP-GK-084-012,GK-084,UNDER_WORKOVER,2025-09-18,2025-09-22,TUBING_LEAK,False,WO-GK-084-012,755.5,2026-09-23T16:00:00Z,GENERATOR,gs://well-workover-intervention-data/landing/generator/2026/09/23/well_status_history.parquet,BATCH-GELEKI-20260923-V1
EP-GK-084-013,GK-084,PRODUCING,2025-09-23,2026-04-10,,,,0.0,2026-09-23T16:00:00Z,GENERATOR,gs://well-workover-intervention-data/landing/generator/2026/09/23/well_status_history.parquet,BATCH-GELEKI-20260923-V1
EP-GK-084-014,GK-084,UNDER_WORKOVER,2026-04-11,2026-04-12,SURFACE,True,WO-GK-084-014,377.8,2026-09-23T16:00:00Z,GENERATOR,gs://well-workover-intervention-data/landing/generator/2026/09/23/well_status_history.parquet,BATCH-GELEKI-20260923-V1
EP-GK-084-015,GK-084,PRODUCING,2026-04-13,2026-09-22,,,,0.0,2026-09-23T16:00:00Z,GENERATOR,gs://well-workover-intervention-data/landing/generator/2026/09/23/well_status_history.parquet,BATCH-GELEKI-20260923-V1
EP-GK-084-016,GK-084,UNDER_WORKOVER,2026-09-23,2026-09-24,SURFACE,True,WO-GK-084-016,377.8,2026-09-23T16:00:00Z,GENERATOR,gs://well-workover-intervention-data/landing/generator/2026/09/23/well_status_history.parquet,BATCH-GELEKI-20260923-V1
EP-GK-084-017,GK-084,PRODUCING,2026-09-25,,,,,0.0,2026-09-23T16:00:00Z,GENERATOR,gs://well-workover-intervention-data/landing/generator/2026/09/23/well_status_history.parquet,BATCH-GELEKI-20260923-V1
EP-GK-085-001,GK-085,PRODUCING,2023-10-01,2023-12-25,,,,0.0,2026-09-23T16:00:00Z,GENERATOR,gs://well-workover-intervention-data/landing/generator/2026/09/23/well_status_history.parquet,BATCH-GELEKI-20260923-V1
EP-GK-085-002,GK-085,WAITING_ON_RIG,2023-12-26,2024-03-23,TUBING_LEAK,False,,9167.9,2026-09-23T16:00:00Z,GENERATOR,gs://well-workover-intervention-data/landing/generator/2026/09/23/well_status_history.parquet,BATCH-GELEKI-20260923-V1
EP-GK-085-003,GK-085,UNDER_WORKOVER,2024-03-24,2024-04-21,TUBING_LEAK,False,WO-GK-085-003,3056.0,2026-09-23T16:00:00Z,GENERATOR,gs://well-workover-intervention-data/landing/generator/2026/09/23/well_status_history.parquet,BATCH-GELEKI-20260923-V1
EP-GK-085-004,GK-085,PRODUCING,2024-04-22,2024-11-23,,,,0.0,2026-09-23T16:00:00Z,GENERATOR,gs://well-workover-intervention-data/landing/generator/2026/09/23/well_status_history.parquet,BATCH-GELEKI-20260923-V1
EP-GK-085-005,GK-085,WAITING_ON_RIG,2024-11-24,2024-11-28,TUBING_LEAK,False,,611.2,2026-09-23T16:00:00Z,GENERATOR,gs://well-workover-intervention-data/landing/generator/2026/09/23/well_status_history.parquet,BATCH-GELEKI-20260923-V1
EP-GK-085-006,GK-085,UNDER_WORKOVER,2024-11-29,2024-11-29,TUBING_LEAK,False,WO-GK-085-006,203.7,2026-09-23T16:00:00Z,GENERATOR,gs://well-workover-intervention-data/landing/generator/2026/09/23/well_status_history.parquet,BATCH-GELEKI-20260923-V1
EP-GK-085-007,GK-085,PRODUCING,2024-11-30,2025-06-02,,,,0.0,2026-09-23T16:00:00Z,GENERATOR,gs://well-workover-intervention-data/landing/generator/2026/09/23/well_status_history.parquet,BATCH-GELEKI-20260923-V1
EP-GK-085-008,GK-085,WAITING_ON_RIG,2025-06-03,2025-06-07,TUBING_LEAK,False,,611.2,2026-09-23T16:00:00Z,GENERATOR,gs://well-workover-intervention-data/landing/generator/2026/09/23/well_status_history.parquet,BATCH-GELEKI-20260923-V1
EP-GK-085-009,GK-085,UNDER_WORKOVER,2025-06-08,2025-06-08,TUBING_LEAK,False,WO-GK-085-009,203.7,2026-09-23T16:00:00Z,GENERATOR,gs://well-workover-intervention-data/landing/generator/2026/09/23/well_status_history.parquet,BATCH-GELEKI-20260923-V1
EP-GK-085-010,GK-085,PRODUCING,2025-06-09,2025-08-10,,,,0.0,2026-09-23T16:00:00Z,GENERATOR,gs://well-workover-intervention-data/landing/generator/2026/09/23/well_status_history.parquet,BATCH-GELEKI-20260923-V1
EP-GK-085-011,GK-085,WAITING_ON_RIG,2025-08-11,2025-08-23,ROD_PART,False,,1426.1,2026-09-23T16:00:00Z,GENERATOR,gs://well-workover-intervention-data/landing/generator/2026/09/23/well_status_history.parquet,BATCH-GELEKI-20260923-V1
EP-GK-085-012,GK-085,UNDER_WORKOVER,2025-08-24,2025-08-26,ROD_PART,False,WO-GK-085-012,407.5,2026-09-23T16:00:00Z,GENERATOR,gs://well-workover-intervention-data/landing/generator/2026/09/23/well_status_history.parquet,BATCH-GELEKI-20260923-V1
EP-GK-085-013,GK-085,PRODUCING,2025-08-27,2026-02-20,,,,0.0,2026-09-23T16:00:00Z,GENERATOR,gs://well-workover-intervention-data/landing/generator/2026/09/23/well_status_history.parquet,BATCH-GELEKI-20260923-V1
EP-GK-085-014,GK-085,WAITING_ON_RIG,2026-02-21,2026-07-23,SUDDEN_MECH,False,,15687.3,2026-09-23T16:00:00Z,GENERATOR,gs://well-workover-intervention-data/landing/generator/2026/09/23/well_status_history.parquet,BATCH-GELEKI-20260923-V1
EP-GK-085-015,GK-085,UNDER_WORKOVER,2026-07-24,2026-09-11,SUDDEN_MECH,False,WO-GK-085-015,5195.1,2026-09-23T16:00:00Z,GENERATOR,gs://well-workover-intervention-data/landing/generator/2026/09/23/well_status_history.parquet,BATCH-GELEKI-20260923-V1
EP-GK-085-016,GK-085,PRODUCING,2026-09-12,,,,,0.0,2026-09-23T16:00:00Z,GENERATOR,gs://well-workover-intervention-data/landing/generator/2026/09/23/well_status_history.parquet,BATCH-GELEKI-20260923-V1
EP-GK-086-001,GK-086,PRODUCING,2023-10-01,2024-02-06,,,,0.0,2026-09-23T16:00:00Z,GENERATOR,gs://well-workover-intervention-data/landing/generator/2026/09/23/well_status_history.parquet,BATCH-GELEKI-20260923-V1
EP-GK-086-002,GK-086,WAITING_ON_RIG,2024-02-07,2024-02-28,OTHER,False,,1882.2,2026-09-23T16:00:00Z,GENERATOR,gs://well-workover-intervention-data/landing/generator/2026/09/23/well_status_history.parquet,BATCH-GELEKI-20260923-V1
EP-GK-086-003,GK-086,UNDER_WORKOVER,2024-02-29,2024-03-06,OTHER,False,WO-GK-086-003,654.7,2026-09-23T16:00:00Z,GENERATOR,gs://well-workover-intervention-data/landing/generator/2026/09/23/well_status_history.parquet,BATCH-GELEKI-20260923-V1
EP-GK-086-004,GK-086,PRODUCING,2024-03-07,2024-08-24,,,,0.0,2026-09-23T16:00:00Z,GENERATOR,gs://well-workover-intervention-data/landing/generator/2026/09/23/well_status_history.parquet,BATCH-GELEKI-20260923-V1
EP-GK-086-005,GK-086,WAITING_ON_RIG,2024-08-25,2024-12-27,TUBING_LEAK,False,,10311.4,2026-09-23T16:00:00Z,GENERATOR,gs://well-workover-intervention-data/landing/generator/2026/09/23/well_status_history.parquet,BATCH-GELEKI-20260923-V1
EP-GK-086-006,GK-086,UNDER_WORKOVER,2024-12-28,2025-02-06,TUBING_LEAK,False,WO-GK-086-006,3437.1,2026-09-23T16:00:00Z,GENERATOR,gs://well-workover-intervention-data/landing/generator/2026/09/23/well_status_history.parquet,BATCH-GELEKI-20260923-V1
EP-GK-086-007,GK-086,PRODUCING,2025-02-07,2025-05-20,,,,0.0,2026-09-23T16:00:00Z,GENERATOR,gs://well-workover-intervention-data/landing/generator/2026/09/23/well_status_history.parquet,BATCH-GELEKI-20260923-V1
EP-GK-086-008,GK-086,UNDER_WORKOVER,2025-05-21,2025-05-22,WAX,True,WO-GK-086-008,245.5,2026-09-23T16:00:00Z,GENERATOR,gs://well-workover-intervention-data/landing/generator/2026/09/23/well_status_history.parquet,BATCH-GELEKI-20260923-V1
EP-GK-086-009,GK-086,PRODUCING,2025-05-23,2025-12-14,,,,0.0,2026-09-23T16:00:00Z,GENERATOR,gs://well-workover-intervention-data/landing/generator/2026/09/23/well_status_history.parquet,BATCH-GELEKI-20260923-V1
EP-GK-086-010,GK-086,WAITING_ON_RIG,2025-12-15,2026-01-13,SUDDEN_MECH,False,,2536.9,2026-09-23T16:00:00Z,GENERATOR,gs://well-workover-intervention-data/landing/generator/2026/09/23/well_status_history.parquet,BATCH-GELEKI-20260923-V1
EP-GK-086-011,GK-086,UNDER_WORKOVER,2026-01-14,2026-01-22,SUDDEN_MECH,False,WO-GK-086-011,818.4,2026-09-23T16:00:00Z,GENERATOR,gs://well-workover-intervention-data/landing/generator/2026/09/23/well_status_history.parquet,BATCH-GELEKI-20260923-V1
EP-GK-086-012,GK-086,PRODUCING,2026-01-23,2026-05-17,,,,0.0,2026-09-23T16:00:00Z,GENERATOR,gs://well-workover-intervention-data/landing/generator/2026/09/23/well_status_history.parquet,BATCH-GELEKI-20260923-V1
EP-GK-086-013,GK-086,WAITING_ON_RIG,2026-05-18,2026-06-07,SAND,False,,1800.4,2026-09-23T16:00:00Z,GENERATOR,gs://well-workover-intervention-data/landing/generator/2026/09/23/well_status_history.parquet,BATCH-GELEKI-20260923-V1
EP-GK-086-014,GK-086,UNDER_WORKOVER,2026-06-08,2026-06-14,SAND,False,WO-GK-086-014,654.7,2026-09-23T16:00:00Z,GENERATOR,gs://well-workover-intervention-data/landing/generator/2026/09/23/well_status_history.parquet,BATCH-GELEKI-20260923-V1
EP-GK-086-015,GK-086,PRODUCING,2026-06-15,,,,,0.0,2026-09-23T16:00:00Z,GENERATOR,gs://well-workover-intervention-data/landing/generator/2026/09/23/well_status_history.parquet,BATCH-GELEKI-20260923-V1
EP-GK-087-001,GK-087,PRODUCING,2023-10-01,2024-01-30,,,,0.0,2026-09-23T16:00:00Z,GENERATOR,gs://well-workover-intervention-data/landing/generator/2026/09/23/well_status_history.parquet,BATCH-GELEKI-20260923-V1
EP-GK-087-002,GK-087,WAITING_ON_RIG,2024-01-31,2024-03-18,OTHER,False,,1724.8,2026-09-23T16:00:00Z,GENERATOR,gs://well-workover-intervention-data/landing/generator/2026/09/23/well_status_history.parquet,BATCH-GELEKI-20260923-V1
EP-GK-087-003,GK-087,UNDER_WORKOVER,2024-03-19,2024-04-02,OTHER,False,WO-GK-087-003,563.2,2026-09-23T16:00:00Z,GENERATOR,gs://well-workover-intervention-data/landing/generator/2026/09/23/well_status_history.parquet,BATCH-GELEKI-20260923-V1
EP-GK-087-004,GK-087,PRODUCING,2024-04-03,2025-01-28,,,,0.0,2026-09-23T16:00:00Z,GENERATOR,gs://well-workover-intervention-data/landing/generator/2026/09/23/well_status_history.parquet,BATCH-GELEKI-20260923-V1
EP-GK-087-005,GK-087,UNDER_WORKOVER,2025-01-29,2025-01-29,SURFACE,True,WO-GK-087-005,70.4,2026-09-23T16:00:00Z,GENERATOR,gs://well-workover-intervention-data/landing/generator/2026/09/23/well_status_history.parquet,BATCH-GELEKI-20260923-V1
EP-GK-087-006,GK-087,PRODUCING,2025-01-30,2026-01-17,,,,0.0,2026-09-23T16:00:00Z,GENERATOR,gs://well-workover-intervention-data/landing/generator/2026/09/23/well_status_history.parquet,BATCH-GELEKI-20260923-V1
EP-GK-087-007,GK-087,WAITING_ON_RIG,2026-01-18,2026-02-19,ROD_PART,False,,1196.8,2026-09-23T16:00:00Z,GENERATOR,gs://well-workover-intervention-data/landing/generator/2026/09/23/well_status_history.parquet,BATCH-GELEKI-20260923-V1
EP-GK-087-008,GK-087,UNDER_WORKOVER,2026-02-20,2026-03-01,ROD_PART,False,WO-GK-087-008,387.2,2026-09-23T16:00:00Z,GENERATOR,gs://well-workover-intervention-data/landing/generator/2026/09/23/well_status_history.parquet,BATCH-GELEKI-20260923-V1
EP-GK-087-009,GK-087,PRODUCING,2026-03-02,,,,,0.0,2026-09-23T16:00:00Z,GENERATOR,gs://well-workover-intervention-data/landing/generator/2026/09/23/well_status_history.parquet,BATCH-GELEKI-20260923-V1
EP-GK-088-001,GK-088,PRODUCING,2023-10-01,2023-11-18,,,,0.0,2026-09-23T16:00:00Z,GENERATOR,gs://well-workover-intervention-data/landing/generator/2026/09/23/well_status_history.parquet,BATCH-GELEKI-20260923-V1
EP-GK-088-002,GK-088,WAITING_ON_RIG,2023-11-19,2023-11-23,WAX,False,,499.9,2026-09-23T16:00:00Z,GENERATOR,gs://well-workover-intervention-data/landing/generator/2026/09/23/well_status_history.parquet,BATCH-GELEKI-20260923-V1
EP-GK-088-003,GK-088,UNDER_WORKOVER,2023-11-24,2023-11-24,WAX,False,WO-GK-088-003,166.6,2026-09-23T16:00:00Z,GENERATOR,gs://well-workover-intervention-data/landing/generator/2026/09/23/well_status_history.parquet,BATCH-GELEKI-20260923-V1
EP-GK-088-004,GK-088,PRODUCING,2023-11-25,2024-05-12,,,,0.0,2026-09-23T16:00:00Z,GENERATOR,gs://well-workover-intervention-data/landing/generator/2026/09/23/well_status_history.parquet,BATCH-GELEKI-20260923-V1
EP-GK-088-005,GK-088,WAITING_ON_RIG,2024-05-13,2024-05-18,GL_INJ_ANOMALY,False,,583.2,2026-09-23T16:00:00Z,GENERATOR,gs://well-workover-intervention-data/landing/generator/2026/09/23/well_status_history.parquet,BATCH-GELEKI-20260923-V1
EP-GK-088-006,GK-088,UNDER_WORKOVER,2024-05-19,2024-05-19,GL_INJ_ANOMALY,False,WO-GK-088-006,166.6,2026-09-23T16:00:00Z,GENERATOR,gs://well-workover-intervention-data/landing/generator/2026/09/23/well_status_history.parquet,BATCH-GELEKI-20260923-V1
EP-GK-088-007,GK-088,PRODUCING,2024-05-20,2024-09-30,,,,0.0,2026-09-23T16:00:00Z,GENERATOR,gs://well-workover-intervention-data/landing/generator/2026/09/23/well_status_history.parquet,BATCH-GELEKI-20260923-V1
EP-GK-088-008,GK-088,WAITING_ON_RIG,2024-10-01,2024-10-06,GL_INJ_ANOMALY,False,,583.2,2026-09-23T16:00:00Z,GENERATOR,gs://well-workover-intervention-data/landing/generator/2026/09/23/well_status_history.parquet,BATCH-GELEKI-20260923-V1
EP-GK-088-009,GK-088,UNDER_WORKOVER,2024-10-07,2024-10-07,GL_INJ_ANOMALY,False,WO-GK-088-009,166.6,2026-09-23T16:00:00Z,GENERATOR,gs://well-workover-intervention-data/landing/generator/2026/09/23/well_status_history.parquet,BATCH-GELEKI-20260923-V1
EP-GK-088-010,GK-088,PRODUCING,2024-10-08,2025-03-01,,,,0.0,2026-09-23T16:00:00Z,GENERATOR,gs://well-workover-intervention-data/landing/generator/2026/09/23/well_status_history.parquet,BATCH-GELEKI-20260923-V1
EP-GK-088-011,GK-088,WAITING_ON_RIG,2025-03-02,2025-03-10,GL_INJ_ANOMALY,False,,833.2,2026-09-23T16:00:00Z,GENERATOR,gs://well-workover-intervention-data/landing/generator/2026/09/23/well_status_history.parquet,BATCH-GELEKI-20260923-V1
EP-GK-088-012,GK-088,UNDER_WORKOVER,2025-03-11,2025-03-13,GL_INJ_ANOMALY,False,WO-GK-088-012,333.3,2026-09-23T16:00:00Z,GENERATOR,gs://well-workover-intervention-data/landing/generator/2026/09/23/well_status_history.parquet,BATCH-GELEKI-20260923-V1
EP-GK-088-013,GK-088,PRODUCING,2025-03-14,2025-06-22,,,,0.0,2026-09-23T16:00:00Z,GENERATOR,gs://well-workover-intervention-data/landing/generator/2026/09/23/well_status_history.parquet,BATCH-GELEKI-20260923-V1
EP-GK-088-014,GK-088,UNDER_WORKOVER,2025-06-23,2025-06-23,GL_HEADING,True,WO-GK-088-014,166.6,2026-09-23T16:00:00Z,GENERATOR,gs://well-workover-intervention-data/landing/generator/2026/09/23/well_status_history.parquet,BATCH-GELEKI-20260923-V1
EP-GK-088-015,GK-088,PRODUCING,2025-06-24,2025-09-19,,,,0.0,2026-09-23T16:00:00Z,GENERATOR,gs://well-workover-intervention-data/landing/generator/2026/09/23/well_status_history.parquet,BATCH-GELEKI-20260923-V1
EP-GK-088-016,GK-088,WAITING_ON_RIG,2025-09-20,2025-10-06,SAND,False,,1499.7,2026-09-23T16:00:00Z,GENERATOR,gs://well-workover-intervention-data/landing/generator/2026/09/23/well_status_history.parquet,BATCH-GELEKI-20260923-V1
EP-GK-088-017,GK-088,UNDER_WORKOVER,2025-10-07,2025-10-11,SAND,False,WO-GK-088-017,499.9,2026-09-23T16:00:00Z,GENERATOR,gs://well-workover-intervention-data/landing/generator/2026/09/23/well_status_history.parquet,BATCH-GELEKI-20260923-V1
EP-GK-088-018,GK-088,PRODUCING,2025-10-12,2026-05-27,,,,0.0,2026-09-23T16:00:00Z,GENERATOR,gs://well-workover-intervention-data/landing/generator/2026/09/23/well_status_history.parquet,BATCH-GELEKI-20260923-V1
EP-GK-088-019,GK-088,WAITING_ON_RIG,2026-05-28,2026-06-01,WAX,False,,499.9,2026-09-23T16:00:00Z,GENERATOR,gs://well-workover-intervention-data/landing/generator/2026/09/23/well_status_history.parquet,BATCH-GELEKI-20260923-V1
EP-GK-088-020,GK-088,UNDER_WORKOVER,2026-06-02,2026-06-02,WAX,False,WO-GK-088-020,166.6,2026-09-23T16:00:00Z,GENERATOR,gs://well-workover-intervention-data/landing/generator/2026/09/23/well_status_history.parquet,BATCH-GELEKI-20260923-V1
EP-GK-088-021,GK-088,PRODUCING,2026-06-03,2026-09-27,,,,0.0,2026-09-23T16:00:00Z,GENERATOR,gs://well-workover-intervention-data/landing/generator/2026/09/23/well_status_history.parquet,BATCH-GELEKI-20260923-V1
EP-GK-088-022,GK-088,WAITING_ON_RIG,2026-09-28,,GL_INJ_ANOMALY,False,,0.0,2026-09-23T16:00:00Z,GENERATOR,gs://well-workover-intervention-data/landing/generator/2026/09/23/well_status_history.parquet,BATCH-GELEKI-20260923-V1
EP-GK-089-001,GK-089,SHUT_IN,2023-10-01,,OTHER,False,,0.0,2026-09-23T16:00:00Z,GENERATOR,gs://well-workover-intervention-data/landing/generator/2026/09/23/well_status_history.parquet,BATCH-GELEKI-20260923-V1
EP-GK-090-001,GK-090,PRODUCING,2023-10-01,2023-11-20,,,,0.0,2026-09-23T16:00:00Z,GENERATOR,gs://well-workover-intervention-data/landing/generator/2026/09/23/well_status_history.parquet,BATCH-GELEKI-20260923-V1
EP-GK-090-002,GK-090,WAITING_ON_RIG,2023-11-21,2023-12-16,TUBING_LEAK,False,,3545.4,2026-09-23T16:00:00Z,GENERATOR,gs://well-workover-intervention-data/landing/generator/2026/09/23/well_status_history.parquet,BATCH-GELEKI-20260923-V1
EP-GK-090-003,GK-090,UNDER_WORKOVER,2023-12-17,2023-12-24,TUBING_LEAK,False,WO-GK-090-003,1181.8,2026-09-23T16:00:00Z,GENERATOR,gs://well-workover-intervention-data/landing/generator/2026/09/23/well_status_history.parquet,BATCH-GELEKI-20260923-V1
EP-GK-090-004,GK-090,PRODUCING,2023-12-25,2024-02-19,,,,0.0,2026-09-23T16:00:00Z,GENERATOR,gs://well-workover-intervention-data/landing/generator/2026/09/23/well_status_history.parquet,BATCH-GELEKI-20260923-V1
EP-GK-090-005,GK-090,WAITING_ON_RIG,2024-02-20,2024-03-06,TUBING_LEAK,False,,2232.3,2026-09-23T16:00:00Z,GENERATOR,gs://well-workover-intervention-data/landing/generator/2026/09/23/well_status_history.parquet,BATCH-GELEKI-20260923-V1
EP-GK-090-006,GK-090,UNDER_WORKOVER,2024-03-07,2024-03-11,TUBING_LEAK,False,WO-GK-090-006,787.9,2026-09-23T16:00:00Z,GENERATOR,gs://well-workover-intervention-data/landing/generator/2026/09/23/well_status_history.parquet,BATCH-GELEKI-20260923-V1
EP-GK-090-007,GK-090,PRODUCING,2024-03-12,2024-05-30,,,,0.0,2026-09-23T16:00:00Z,GENERATOR,gs://well-workover-intervention-data/landing/generator/2026/09/23/well_status_history.parquet,BATCH-GELEKI-20260923-V1
EP-GK-090-008,GK-090,WAITING_ON_RIG,2024-05-31,2024-06-06,ROD_PART,False,,1050.5,2026-09-23T16:00:00Z,GENERATOR,gs://well-workover-intervention-data/landing/generator/2026/09/23/well_status_history.parquet,BATCH-GELEKI-20260923-V1
EP-GK-090-009,GK-090,UNDER_WORKOVER,2024-06-07,2024-06-07,ROD_PART,False,WO-GK-090-009,262.6,2026-09-23T16:00:00Z,GENERATOR,gs://well-workover-intervention-data/landing/generator/2026/09/23/well_status_history.parquet,BATCH-GELEKI-20260923-V1
EP-GK-090-010,GK-090,PRODUCING,2024-06-08,2024-10-18,,,,0.0,2026-09-23T16:00:00Z,GENERATOR,gs://well-workover-intervention-data/landing/generator/2026/09/23/well_status_history.parquet,BATCH-GELEKI-20260923-V1
EP-GK-090-011,GK-090,WAITING_ON_RIG,2024-10-19,2024-10-23,SUDDEN_MECH,False,,787.9,2026-09-23T16:00:00Z,GENERATOR,gs://well-workover-intervention-data/landing/generator/2026/09/23/well_status_history.parquet,BATCH-GELEKI-20260923-V1
EP-GK-090-012,GK-090,UNDER_WORKOVER,2024-10-24,2024-10-24,SUDDEN_MECH,False,WO-GK-090-012,262.6,2026-09-23T16:00:00Z,GENERATOR,gs://well-workover-intervention-data/landing/generator/2026/09/23/well_status_history.parquet,BATCH-GELEKI-20260923-V1
EP-GK-090-013,GK-090,PRODUCING,2024-10-25,2025-01-24,,,,0.0,2026-09-23T16:00:00Z,GENERATOR,gs://well-workover-intervention-data/landing/generator/2026/09/23/well_status_history.parquet,BATCH-GELEKI-20260923-V1
EP-GK-090-014,GK-090,WAITING_ON_RIG,2025-01-25,2025-01-29,ROD_PART,False,,787.9,2026-09-23T16:00:00Z,GENERATOR,gs://well-workover-intervention-data/landing/generator/2026/09/23/well_status_history.parquet,BATCH-GELEKI-20260923-V1
EP-GK-090-015,GK-090,UNDER_WORKOVER,2025-01-30,2025-01-30,ROD_PART,False,WO-GK-090-015,262.6,2026-09-23T16:00:00Z,GENERATOR,gs://well-workover-intervention-data/landing/generator/2026/09/23/well_status_history.parquet,BATCH-GELEKI-20260923-V1
EP-GK-090-016,GK-090,PRODUCING,2025-01-31,2025-03-13,,,,0.0,2026-09-23T16:00:00Z,GENERATOR,gs://well-workover-intervention-data/landing/generator/2026/09/23/well_status_history.parquet,BATCH-GELEKI-20260923-V1
EP-GK-090-017,GK-090,WAITING_ON_RIG,2025-03-14,2025-04-08,PUMP_WEAR,False,,3545.4,2026-09-23T16:00:00Z,GENERATOR,gs://well-workover-intervention-data/landing/generator/2026/09/23/well_status_history.parquet,BATCH-GELEKI-20260923-V1
EP-GK-090-018,GK-090,UNDER_WORKOVER,2025-04-09,2025-04-16,PUMP_WEAR,False,WO-GK-090-018,1181.8,2026-09-23T16:00:00Z,GENERATOR,gs://well-workover-intervention-data/landing/generator/2026/09/23/well_status_history.parquet,BATCH-GELEKI-20260923-V1
EP-GK-090-019,GK-090,PRODUCING,2025-04-17,2025-08-17,,,,0.0,2026-09-23T16:00:00Z,GENERATOR,gs://well-workover-intervention-data/landing/generator/2026/09/23/well_status_history.parquet,BATCH-GELEKI-20260923-V1
EP-GK-090-020,GK-090,WAITING_ON_RIG,2025-08-18,2025-09-15,ROD_PART,False,,3939.3,2026-09-23T16:00:00Z,GENERATOR,gs://well-workover-intervention-data/landing/generator/2026/09/23/well_status_history.parquet,BATCH-GELEKI-20260923-V1
EP-GK-090-021,GK-090,UNDER_WORKOVER,2025-09-16,2025-09-24,ROD_PART,False,WO-GK-090-021,1313.1,2026-09-23T16:00:00Z,GENERATOR,gs://well-workover-intervention-data/landing/generator/2026/09/23/well_status_history.parquet,BATCH-GELEKI-20260923-V1
EP-GK-090-022,GK-090,PRODUCING,2025-09-25,2025-12-07,,,,0.0,2026-09-23T16:00:00Z,GENERATOR,gs://well-workover-intervention-data/landing/generator/2026/09/23/well_status_history.parquet,BATCH-GELEKI-20260923-V1
EP-GK-090-023,GK-090,WAITING_ON_RIG,2025-12-08,2025-12-26,ROD_PART,False,,2626.2,2026-09-23T16:00:00Z,GENERATOR,gs://well-workover-intervention-data/landing/generator/2026/09/23/well_status_history.parquet,BATCH-GELEKI-20260923-V1
EP-GK-090-024,GK-090,UNDER_WORKOVER,2025-12-27,2025-12-31,ROD_PART,False,WO-GK-090-024,787.9,2026-09-23T16:00:00Z,GENERATOR,gs://well-workover-intervention-data/landing/generator/2026/09/23/well_status_history.parquet,BATCH-GELEKI-20260923-V1
EP-GK-090-025,GK-090,PRODUCING,2026-01-01,2026-04-09,,,,0.0,2026-09-23T16:00:00Z,GENERATOR,gs://well-workover-intervention-data/landing/generator/2026/09/23/well_status_history.parquet,BATCH-GELEKI-20260923-V1
EP-GK-090-026,GK-090,WAITING_ON_RIG,2026-04-10,2026-06-23,SAND,False,,9979.6,2026-09-23T16:00:00Z,GENERATOR,gs://well-workover-intervention-data/landing/generator/2026/09/23/well_status_history.parquet,BATCH-GELEKI-20260923-V1
EP-GK-090-027,GK-090,UNDER_WORKOVER,2026-06-24,2026-07-18,SAND,False,WO-GK-090-027,3414.1,2026-09-23T16:00:00Z,GENERATOR,gs://well-workover-intervention-data/landing/generator/2026/09/23/well_status_history.parquet,BATCH-GELEKI-20260923-V1
EP-GK-090-028,GK-090,PRODUCING,2026-07-19,,,,,0.0,2026-09-23T16:00:00Z,GENERATOR,gs://well-workover-intervention-data/landing/generator/2026/09/23/well_status_history.parquet,BATCH-GELEKI-20260923-V1
EP-GK-091-001,GK-091,PRODUCING,2023-10-01,2024-01-28,,,,0.0,2026-09-23T16:00:00Z,GENERATOR,gs://well-workover-intervention-data/landing/generator/2026/09/23/well_status_history.parquet,BATCH-GELEKI-20260923-V1
EP-GK-091-002,GK-091,WAITING_ON_RIG,2024-01-29,2024-02-07,WAX,False,,835.5,2026-09-23T16:00:00Z,GENERATOR,gs://well-workover-intervention-data/landing/generator/2026/09/23/well_status_history.parquet,BATCH-GELEKI-20260923-V1
EP-GK-091-003,GK-091,UNDER_WORKOVER,2024-02-08,2024-02-10,WAX,False,WO-GK-091-003,303.8,2026-09-23T16:00:00Z,GENERATOR,gs://well-workover-intervention-data/landing/generator/2026/09/23/well_status_history.parquet,BATCH-GELEKI-20260923-V1
EP-GK-091-004,GK-091,PRODUCING,2024-02-11,2024-08-14,,,,0.0,2026-09-23T16:00:00Z,GENERATOR,gs://well-workover-intervention-data/landing/generator/2026/09/23/well_status_history.parquet,BATCH-GELEKI-20260923-V1
EP-GK-091-005,GK-091,WAITING_ON_RIG,2024-08-15,2024-09-04,GL_INJ_ANOMALY,False,,1671.0,2026-09-23T16:00:00Z,GENERATOR,gs://well-workover-intervention-data/landing/generator/2026/09/23/well_status_history.parquet,BATCH-GELEKI-20260923-V1
EP-GK-091-006,GK-091,UNDER_WORKOVER,2024-09-05,2024-09-11,GL_INJ_ANOMALY,False,WO-GK-091-006,607.6,2026-09-23T16:00:00Z,GENERATOR,gs://well-workover-intervention-data/landing/generator/2026/09/23/well_status_history.parquet,BATCH-GELEKI-20260923-V1
EP-GK-091-007,GK-091,PRODUCING,2024-09-12,2025-01-19,,,,0.0,2026-09-23T16:00:00Z,GENERATOR,gs://well-workover-intervention-data/landing/generator/2026/09/23/well_status_history.parquet,BATCH-GELEKI-20260923-V1
EP-GK-091-008,GK-091,UNDER_WORKOVER,2025-01-20,2025-01-20,WAX,True,WO-GK-091-008,151.9,2026-09-23T16:00:00Z,GENERATOR,gs://well-workover-intervention-data/landing/generator/2026/09/23/well_status_history.parquet,BATCH-GELEKI-20260923-V1
EP-GK-091-009,GK-091,PRODUCING,2025-01-21,2025-08-07,,,,0.0,2026-09-23T16:00:00Z,GENERATOR,gs://well-workover-intervention-data/landing/generator/2026/09/23/well_status_history.parquet,BATCH-GELEKI-20260923-V1
EP-GK-091-010,GK-091,UNDER_WORKOVER,2025-08-08,2025-08-08,GL_HEADING,True,WO-GK-091-010,151.9,2026-09-23T16:00:00Z,GENERATOR,gs://well-workover-intervention-data/landing/generator/2026/09/23/well_status_history.parquet,BATCH-GELEKI-20260923-V1
EP-GK-091-011,GK-091,PRODUCING,2025-08-09,2025-12-22,,,,0.0,2026-09-23T16:00:00Z,GENERATOR,gs://well-workover-intervention-data/landing/generator/2026/09/23/well_status_history.parquet,BATCH-GELEKI-20260923-V1
EP-GK-091-012,GK-091,WAITING_ON_RIG,2025-12-23,2026-03-01,GL_INJ_ANOMALY,False,,5316.8,2026-09-23T16:00:00Z,GENERATOR,gs://well-workover-intervention-data/landing/generator/2026/09/23/well_status_history.parquet,BATCH-GELEKI-20260923-V1
EP-GK-091-013,GK-091,UNDER_WORKOVER,2026-03-02,2026-03-23,GL_INJ_ANOMALY,False,WO-GK-091-013,1746.9,2026-09-23T16:00:00Z,GENERATOR,gs://well-workover-intervention-data/landing/generator/2026/09/23/well_status_history.parquet,BATCH-GELEKI-20260923-V1
EP-GK-091-014,GK-091,PRODUCING,2026-03-24,2026-09-15,,,,0.0,2026-09-23T16:00:00Z,GENERATOR,gs://well-workover-intervention-data/landing/generator/2026/09/23/well_status_history.parquet,BATCH-GELEKI-20260923-V1
EP-GK-091-015,GK-091,WAITING_ON_RIG,2026-09-16,,GL_INJ_ANOMALY,False,,0.0,2026-09-23T16:00:00Z,GENERATOR,gs://well-workover-intervention-data/landing/generator/2026/09/23/well_status_history.parquet,BATCH-GELEKI-20260923-V1
EP-GK-092-001,GK-092,PRODUCING,2023-10-01,2023-10-25,,,,0.0,2026-09-23T16:00:00Z,GENERATOR,gs://well-workover-intervention-data/landing/generator/2026/09/23/well_status_history.parquet,BATCH-GELEKI-20260923-V1
EP-GK-092-002,GK-092,UNDER_WORKOVER,2023-10-26,2023-10-26,SURFACE,True,WO-GK-092-002,149.5,2026-09-23T16:00:00Z,GENERATOR,gs://well-workover-intervention-data/landing/generator/2026/09/23/well_status_history.parquet,BATCH-GELEKI-20260923-V1
EP-GK-092-003,GK-092,PRODUCING,2023-10-27,2024-02-25,,,,0.0,2026-09-23T16:00:00Z,GENERATOR,gs://well-workover-intervention-data/landing/generator/2026/09/23/well_status_history.parquet,BATCH-GELEKI-20260923-V1
EP-GK-092-004,GK-092,WAITING_ON_RIG,2024-02-26,2024-03-31,PUMP_WEAR,False,,2691.4,2026-09-23T16:00:00Z,GENERATOR,gs://well-workover-intervention-data/landing/generator/2026/09/23/well_status_history.parquet,BATCH-GELEKI-20260923-V1
EP-GK-092-005,GK-092,UNDER_WORKOVER,2024-04-01,2024-04-11,PUMP_WEAR,False,WO-GK-092-005,897.1,2026-09-23T16:00:00Z,GENERATOR,gs://well-workover-intervention-data/landing/generator/2026/09/23/well_status_history.parquet,BATCH-GELEKI-20260923-V1
EP-GK-092-006,GK-092,PRODUCING,2024-04-12,2024-08-26,,,,0.0,2026-09-23T16:00:00Z,GENERATOR,gs://well-workover-intervention-data/landing/generator/2026/09/23/well_status_history.parquet,BATCH-GELEKI-20260923-V1
EP-GK-092-007,GK-092,UNDER_WORKOVER,2024-08-27,2024-08-27,WAX,True,WO-GK-092-007,149.5,2026-09-23T16:00:00Z,GENERATOR,gs://well-workover-intervention-data/landing/generator/2026/09/23/well_status_history.parquet,BATCH-GELEKI-20260923-V1
EP-GK-092-008,GK-092,PRODUCING,2024-08-28,2025-02-12,,,,0.0,2026-09-23T16:00:00Z,GENERATOR,gs://well-workover-intervention-data/landing/generator/2026/09/23/well_status_history.parquet,BATCH-GELEKI-20260923-V1
EP-GK-092-009,GK-092,WAITING_ON_RIG,2025-02-13,2025-02-17,OTHER,False,,448.6,2026-09-23T16:00:00Z,GENERATOR,gs://well-workover-intervention-data/landing/generator/2026/09/23/well_status_history.parquet,BATCH-GELEKI-20260923-V1
EP-GK-092-010,GK-092,UNDER_WORKOVER,2025-02-18,2025-02-18,OTHER,False,WO-GK-092-010,149.5,2026-09-23T16:00:00Z,GENERATOR,gs://well-workover-intervention-data/landing/generator/2026/09/23/well_status_history.parquet,BATCH-GELEKI-20260923-V1
EP-GK-092-011,GK-092,PRODUCING,2025-02-19,2025-06-08,,,,0.0,2026-09-23T16:00:00Z,GENERATOR,gs://well-workover-intervention-data/landing/generator/2026/09/23/well_status_history.parquet,BATCH-GELEKI-20260923-V1
EP-GK-092-012,GK-092,WAITING_ON_RIG,2025-06-09,2025-06-20,PUMP_WEAR,False,,971.9,2026-09-23T16:00:00Z,GENERATOR,gs://well-workover-intervention-data/landing/generator/2026/09/23/well_status_history.parquet,BATCH-GELEKI-20260923-V1
EP-GK-092-013,GK-092,UNDER_WORKOVER,2025-06-21,2025-06-23,PUMP_WEAR,False,WO-GK-092-013,299.0,2026-09-23T16:00:00Z,GENERATOR,gs://well-workover-intervention-data/landing/generator/2026/09/23/well_status_history.parquet,BATCH-GELEKI-20260923-V1
EP-GK-092-014,GK-092,PRODUCING,2025-06-24,2025-12-07,,,,0.0,2026-09-23T16:00:00Z,GENERATOR,gs://well-workover-intervention-data/landing/generator/2026/09/23/well_status_history.parquet,BATCH-GELEKI-20260923-V1
EP-GK-092-015,GK-092,WAITING_ON_RIG,2025-12-08,2025-12-14,ROD_PART,False,,598.1,2026-09-23T16:00:00Z,GENERATOR,gs://well-workover-intervention-data/landing/generator/2026/09/23/well_status_history.parquet,BATCH-GELEKI-20260923-V1
EP-GK-092-016,GK-092,UNDER_WORKOVER,2025-12-15,2025-12-16,ROD_PART,False,WO-GK-092-016,224.3,2026-09-23T16:00:00Z,GENERATOR,gs://well-workover-intervention-data/landing/generator/2026/09/23/well_status_history.parquet,BATCH-GELEKI-20260923-V1
EP-GK-092-017,GK-092,PRODUCING,2025-12-17,2026-04-18,,,,0.0,2026-09-23T16:00:00Z,GENERATOR,gs://well-workover-intervention-data/landing/generator/2026/09/23/well_status_history.parquet,BATCH-GELEKI-20260923-V1
EP-GK-092-018,GK-092,WAITING_ON_RIG,2026-04-19,2026-06-30,PUMP_WEAR,False,,5532.4,2026-09-23T16:00:00Z,GENERATOR,gs://well-workover-intervention-data/landing/generator/2026/09/23/well_status_history.parquet,BATCH-GELEKI-20260923-V1
EP-GK-092-019,GK-092,UNDER_WORKOVER,2026-07-01,2026-07-24,PUMP_WEAR,False,WO-GK-092-019,1869.0,2026-09-23T16:00:00Z,GENERATOR,gs://well-workover-intervention-data/landing/generator/2026/09/23/well_status_history.parquet,BATCH-GELEKI-20260923-V1
EP-GK-092-020,GK-092,PRODUCING,2026-07-25,,,,,0.0,2026-09-23T16:00:00Z,GENERATOR,gs://well-workover-intervention-data/landing/generator/2026/09/23/well_status_history.parquet,BATCH-GELEKI-20260923-V1
EP-GK-093-001,GK-093,PRODUCING,2023-10-01,2024-02-19,,,,0.0,2026-09-23T16:00:00Z,GENERATOR,gs://well-workover-intervention-data/landing/generator/2026/09/23/well_status_history.parquet,BATCH-GELEKI-20260923-V1
EP-GK-093-002,GK-093,WAITING_ON_RIG,2024-02-20,2024-03-08,PUMP_WEAR,False,,1328.6,2026-09-23T16:00:00Z,GENERATOR,gs://well-workover-intervention-data/landing/generator/2026/09/23/well_status_history.parquet,BATCH-GELEKI-20260923-V1
EP-GK-093-003,GK-093,UNDER_WORKOVER,2024-03-09,2024-03-13,PUMP_WEAR,False,WO-GK-093-003,419.6,2026-09-23T16:00:00Z,GENERATOR,gs://well-workover-intervention-data/landing/generator/2026/09/23/well_status_history.parquet,BATCH-GELEKI-20260923-V1
EP-GK-093-004,GK-093,PRODUCING,2024-03-14,2024-09-25,,,,0.0,2026-09-23T16:00:00Z,GENERATOR,gs://well-workover-intervention-data/landing/generator/2026/09/23/well_status_history.parquet,BATCH-GELEKI-20260923-V1
EP-GK-093-005,GK-093,WAITING_ON_RIG,2024-09-26,2024-10-23,TUBING_LEAK,False,,2027.9,2026-09-23T16:00:00Z,GENERATOR,gs://well-workover-intervention-data/landing/generator/2026/09/23/well_status_history.parquet,BATCH-GELEKI-20260923-V1
EP-GK-093-006,GK-093,UNDER_WORKOVER,2024-10-24,2024-11-01,TUBING_LEAK,False,WO-GK-093-006,699.3,2026-09-23T16:00:00Z,GENERATOR,gs://well-workover-intervention-data/landing/generator/2026/09/23/well_status_history.parquet,BATCH-GELEKI-20260923-V1
EP-GK-093-007,GK-093,PRODUCING,2024-11-02,2025-04-09,,,,0.0,2026-09-23T16:00:00Z,GENERATOR,gs://well-workover-intervention-data/landing/generator/2026/09/23/well_status_history.parquet,BATCH-GELEKI-20260923-V1
EP-GK-093-008,GK-093,WAITING_ON_RIG,2025-04-10,2025-04-16,ROD_PART,False,,559.4,2026-09-23T16:00:00Z,GENERATOR,gs://well-workover-intervention-data/landing/generator/2026/09/23/well_status_history.parquet,BATCH-GELEKI-20260923-V1
EP-GK-093-009,GK-093,UNDER_WORKOVER,2025-04-17,2025-04-18,ROD_PART,False,WO-GK-093-009,209.8,2026-09-23T16:00:00Z,GENERATOR,gs://well-workover-intervention-data/landing/generator/2026/09/23/well_status_history.parquet,BATCH-GELEKI-20260923-V1
EP-GK-093-010,GK-093,PRODUCING,2025-04-19,2026-01-31,,,,0.0,2026-09-23T16:00:00Z,GENERATOR,gs://well-workover-intervention-data/landing/generator/2026/09/23/well_status_history.parquet,BATCH-GELEKI-20260923-V1
EP-GK-093-011,GK-093,UNDER_WORKOVER,2026-02-01,2026-02-02,SCALE,True,WO-GK-093-011,209.8,2026-09-23T16:00:00Z,GENERATOR,gs://well-workover-intervention-data/landing/generator/2026/09/23/well_status_history.parquet,BATCH-GELEKI-20260923-V1
EP-GK-093-012,GK-093,PRODUCING,2026-02-03,2026-07-30,,,,0.0,2026-09-23T16:00:00Z,GENERATOR,gs://well-workover-intervention-data/landing/generator/2026/09/23/well_status_history.parquet,BATCH-GELEKI-20260923-V1
EP-GK-093-013,GK-093,WAITING_ON_RIG,2026-07-31,2026-08-12,SUDDEN_MECH,False,,979.0,2026-09-23T16:00:00Z,GENERATOR,gs://well-workover-intervention-data/landing/generator/2026/09/23/well_status_history.parquet,BATCH-GELEKI-20260923-V1
EP-GK-093-014,GK-093,UNDER_WORKOVER,2026-08-13,2026-08-15,SUDDEN_MECH,False,WO-GK-093-014,279.7,2026-09-23T16:00:00Z,GENERATOR,gs://well-workover-intervention-data/landing/generator/2026/09/23/well_status_history.parquet,BATCH-GELEKI-20260923-V1
EP-GK-093-015,GK-093,PRODUCING,2026-08-16,,,,,0.0,2026-09-23T16:00:00Z,GENERATOR,gs://well-workover-intervention-data/landing/generator/2026/09/23/well_status_history.parquet,BATCH-GELEKI-20260923-V1
EP-GK-094-001,GK-094,PRODUCING,2023-10-01,2024-08-26,,,,0.0,2026-09-23T16:00:00Z,GENERATOR,gs://well-workover-intervention-data/landing/generator/2026/09/23/well_status_history.parquet,BATCH-GELEKI-20260923-V1
EP-GK-094-002,GK-094,WAITING_ON_RIG,2024-08-27,2024-09-09,TUBING_LEAK,False,,563.1,2026-09-23T16:00:00Z,GENERATOR,gs://well-workover-intervention-data/landing/generator/2026/09/23/well_status_history.parquet,BATCH-GELEKI-20260923-V1
EP-GK-094-003,GK-094,UNDER_WORKOVER,2024-09-10,2024-09-13,TUBING_LEAK,False,WO-GK-094-003,187.7,2026-09-23T16:00:00Z,GENERATOR,gs://well-workover-intervention-data/landing/generator/2026/09/23/well_status_history.parquet,BATCH-GELEKI-20260923-V1
EP-GK-094-004,GK-094,PRODUCING,2024-09-14,2025-08-27,,,,0.0,2026-09-23T16:00:00Z,GENERATOR,gs://well-workover-intervention-data/landing/generator/2026/09/23/well_status_history.parquet,BATCH-GELEKI-20260923-V1
EP-GK-094-005,GK-094,WAITING_ON_RIG,2025-08-28,2025-10-23,TUBING_LEAK,False,,2177.3,2026-09-23T16:00:00Z,GENERATOR,gs://well-workover-intervention-data/landing/generator/2026/09/23/well_status_history.parquet,BATCH-GELEKI-20260923-V1
EP-GK-094-006,GK-094,UNDER_WORKOVER,2025-10-24,2025-11-11,TUBING_LEAK,False,WO-GK-094-006,750.8,2026-09-23T16:00:00Z,GENERATOR,gs://well-workover-intervention-data/landing/generator/2026/09/23/well_status_history.parquet,BATCH-GELEKI-20260923-V1
EP-GK-094-007,GK-094,PRODUCING,2025-11-12,2026-06-28,,,,0.0,2026-09-23T16:00:00Z,GENERATOR,gs://well-workover-intervention-data/landing/generator/2026/09/23/well_status_history.parquet,BATCH-GELEKI-20260923-V1
EP-GK-094-008,GK-094,WAITING_ON_RIG,2026-06-29,2026-07-11,TUBING_LEAK,False,,525.5,2026-09-23T16:00:00Z,GENERATOR,gs://well-workover-intervention-data/landing/generator/2026/09/23/well_status_history.parquet,BATCH-GELEKI-20260923-V1
EP-GK-094-009,GK-094,UNDER_WORKOVER,2026-07-12,2026-07-14,TUBING_LEAK,False,WO-GK-094-009,150.2,2026-09-23T16:00:00Z,GENERATOR,gs://well-workover-intervention-data/landing/generator/2026/09/23/well_status_history.parquet,BATCH-GELEKI-20260923-V1
EP-GK-094-010,GK-094,PRODUCING,2026-07-15,,,,,0.0,2026-09-23T16:00:00Z,GENERATOR,gs://well-workover-intervention-data/landing/generator/2026/09/23/well_status_history.parquet,BATCH-GELEKI-20260923-V1
EP-GK-095-001,GK-095,PRODUCING,2023-10-01,2024-01-04,,,,0.0,2026-09-23T16:00:00Z,GENERATOR,gs://well-workover-intervention-data/landing/generator/2026/09/23/well_status_history.parquet,BATCH-GELEKI-20260923-V1
EP-GK-095-002,GK-095,WAITING_ON_RIG,2024-01-05,2024-02-18,TUBING_LEAK,False,,1913.6,2026-09-23T16:00:00Z,GENERATOR,gs://well-workover-intervention-data/landing/generator/2026/09/23/well_status_history.parquet,BATCH-GELEKI-20260923-V1
EP-GK-095-003,GK-095,UNDER_WORKOVER,2024-02-19,2024-03-04,TUBING_LEAK,False,WO-GK-095-003,665.6,2026-09-23T16:00:00Z,GENERATOR,gs://well-workover-intervention-data/landing/generator/2026/09/23/well_status_history.parquet,BATCH-GELEKI-20260923-V1
EP-GK-095-004,GK-095,PRODUCING,2024-03-05,2024-12-10,,,,0.0,2026-09-23T16:00:00Z,GENERATOR,gs://well-workover-intervention-data/landing/generator/2026/09/23/well_status_history.parquet,BATCH-GELEKI-20260923-V1
EP-GK-095-005,GK-095,WAITING_ON_RIG,2024-12-11,2025-01-16,ROD_PART,False,,1580.8,2026-09-23T16:00:00Z,GENERATOR,gs://well-workover-intervention-data/landing/generator/2026/09/23/well_status_history.parquet,BATCH-GELEKI-20260923-V1
EP-GK-095-006,GK-095,UNDER_WORKOVER,2025-01-17,2025-01-28,ROD_PART,False,WO-GK-095-006,540.8,2026-09-23T16:00:00Z,GENERATOR,gs://well-workover-intervention-data/landing/generator/2026/09/23/well_status_history.parquet,BATCH-GELEKI-20260923-V1
EP-GK-095-007,GK-095,PRODUCING,2025-01-29,2025-07-05,,,,0.0,2026-09-23T16:00:00Z,GENERATOR,gs://well-workover-intervention-data/landing/generator/2026/09/23/well_status_history.parquet,BATCH-GELEKI-20260923-V1
EP-GK-095-008,GK-095,WAITING_ON_RIG,2025-07-06,2025-07-26,PUMP_WEAR,False,,915.2,2026-09-23T16:00:00Z,GENERATOR,gs://well-workover-intervention-data/landing/generator/2026/09/23/well_status_history.parquet,BATCH-GELEKI-20260923-V1
EP-GK-095-009,GK-095,UNDER_WORKOVER,2025-07-27,2025-08-01,PUMP_WEAR,False,WO-GK-095-009,291.2,2026-09-23T16:00:00Z,GENERATOR,gs://well-workover-intervention-data/landing/generator/2026/09/23/well_status_history.parquet,BATCH-GELEKI-20260923-V1
EP-GK-095-010,GK-095,PRODUCING,2025-08-02,2026-03-16,,,,0.0,2026-09-23T16:00:00Z,GENERATOR,gs://well-workover-intervention-data/landing/generator/2026/09/23/well_status_history.parquet,BATCH-GELEKI-20260923-V1
EP-GK-095-011,GK-095,WAITING_ON_RIG,2026-03-17,2026-03-29,SAND,False,,582.4,2026-09-23T16:00:00Z,GENERATOR,gs://well-workover-intervention-data/landing/generator/2026/09/23/well_status_history.parquet,BATCH-GELEKI-20260923-V1
EP-GK-095-012,GK-095,UNDER_WORKOVER,2026-03-30,2026-04-01,SAND,False,WO-GK-095-012,166.4,2026-09-23T16:00:00Z,GENERATOR,gs://well-workover-intervention-data/landing/generator/2026/09/23/well_status_history.parquet,BATCH-GELEKI-20260923-V1
EP-GK-095-013,GK-095,PRODUCING,2026-04-02,,,,,0.0,2026-09-23T16:00:00Z,GENERATOR,gs://well-workover-intervention-data/landing/generator/2026/09/23/well_status_history.parquet,BATCH-GELEKI-20260923-V1
EP-GK-096-001,GK-096,PRODUCING,2023-10-01,2023-11-24,,,,0.0,2026-09-23T16:00:00Z,GENERATOR,gs://well-workover-intervention-data/landing/generator/2026/09/23/well_status_history.parquet,BATCH-GELEKI-20260923-V1
EP-GK-096-002,GK-096,UNDER_WORKOVER,2023-11-25,2023-11-25,SURFACE,True,WO-GK-096-002,182.9,2026-09-23T16:00:00Z,GENERATOR,gs://well-workover-intervention-data/landing/generator/2026/09/23/well_status_history.parquet,BATCH-GELEKI-20260923-V1
EP-GK-096-003,GK-096,PRODUCING,2023-11-26,2024-06-03,,,,0.0,2026-09-23T16:00:00Z,GENERATOR,gs://well-workover-intervention-data/landing/generator/2026/09/23/well_status_history.parquet,BATCH-GELEKI-20260923-V1
EP-GK-096-004,GK-096,WAITING_ON_RIG,2024-06-04,2024-09-18,ROD_PART,False,,9876.2,2026-09-23T16:00:00Z,GENERATOR,gs://well-workover-intervention-data/landing/generator/2026/09/23/well_status_history.parquet,BATCH-GELEKI-20260923-V1
EP-GK-096-005,GK-096,UNDER_WORKOVER,2024-09-19,2024-10-23,ROD_PART,False,WO-GK-096-005,3292.1,2026-09-23T16:00:00Z,GENERATOR,gs://well-workover-intervention-data/landing/generator/2026/09/23/well_status_history.parquet,BATCH-GELEKI-20260923-V1
EP-GK-096-006,GK-096,PRODUCING,2024-10-24,2025-01-29,,,,0.0,2026-09-23T16:00:00Z,GENERATOR,gs://well-workover-intervention-data/landing/generator/2026/09/23/well_status_history.parquet,BATCH-GELEKI-20260923-V1
EP-GK-096-007,GK-096,WAITING_ON_RIG,2025-01-30,2025-02-05,TUBING_LEAK,False,,731.6,2026-09-23T16:00:00Z,GENERATOR,gs://well-workover-intervention-data/landing/generator/2026/09/23/well_status_history.parquet,BATCH-GELEKI-20260923-V1
EP-GK-096-008,GK-096,UNDER_WORKOVER,2025-02-06,2025-02-06,TUBING_LEAK,False,WO-GK-096-008,182.9,2026-09-23T16:00:00Z,GENERATOR,gs://well-workover-intervention-data/landing/generator/2026/09/23/well_status_history.parquet,BATCH-GELEKI-20260923-V1
EP-GK-096-009,GK-096,PRODUCING,2025-02-07,2025-06-08,,,,0.0,2026-09-23T16:00:00Z,GENERATOR,gs://well-workover-intervention-data/landing/generator/2026/09/23/well_status_history.parquet,BATCH-GELEKI-20260923-V1
EP-GK-096-010,GK-096,WAITING_ON_RIG,2025-06-09,2025-07-02,ROD_PART,False,,2286.2,2026-09-23T16:00:00Z,GENERATOR,gs://well-workover-intervention-data/landing/generator/2026/09/23/well_status_history.parquet,BATCH-GELEKI-20260923-V1
EP-GK-096-011,GK-096,UNDER_WORKOVER,2025-07-03,2025-07-09,ROD_PART,False,WO-GK-096-011,731.6,2026-09-23T16:00:00Z,GENERATOR,gs://well-workover-intervention-data/landing/generator/2026/09/23/well_status_history.parquet,BATCH-GELEKI-20260923-V1
EP-GK-096-012,GK-096,PRODUCING,2025-07-10,2026-03-24,,,,0.0,2026-09-23T16:00:00Z,GENERATOR,gs://well-workover-intervention-data/landing/generator/2026/09/23/well_status_history.parquet,BATCH-GELEKI-20260923-V1
EP-GK-096-013,GK-096,WAITING_ON_RIG,2026-03-25,2026-04-01,TUBING_LEAK,False,,823.0,2026-09-23T16:00:00Z,GENERATOR,gs://well-workover-intervention-data/landing/generator/2026/09/23/well_status_history.parquet,BATCH-GELEKI-20260923-V1
EP-GK-096-014,GK-096,UNDER_WORKOVER,2026-04-02,2026-04-03,TUBING_LEAK,False,WO-GK-096-014,274.3,2026-09-23T16:00:00Z,GENERATOR,gs://well-workover-intervention-data/landing/generator/2026/09/23/well_status_history.parquet,BATCH-GELEKI-20260923-V1
EP-GK-096-015,GK-096,PRODUCING,2026-04-04,2026-05-23,,,,0.0,2026-09-23T16:00:00Z,GENERATOR,gs://well-workover-intervention-data/landing/generator/2026/09/23/well_status_history.parquet,BATCH-GELEKI-20260923-V1
EP-GK-096-016,GK-096,WAITING_ON_RIG,2026-05-24,2026-05-31,PUMP_WEAR,False,,823.0,2026-09-23T16:00:00Z,GENERATOR,gs://well-workover-intervention-data/landing/generator/2026/09/23/well_status_history.parquet,BATCH-GELEKI-20260923-V1
EP-GK-096-017,GK-096,UNDER_WORKOVER,2026-06-01,2026-06-02,PUMP_WEAR,False,WO-GK-096-017,274.3,2026-09-23T16:00:00Z,GENERATOR,gs://well-workover-intervention-data/landing/generator/2026/09/23/well_status_history.parquet,BATCH-GELEKI-20260923-V1
EP-GK-096-018,GK-096,PRODUCING,2026-06-03,,,,,0.0,2026-09-23T16:00:00Z,GENERATOR,gs://well-workover-intervention-data/landing/generator/2026/09/23/well_status_history.parquet,BATCH-GELEKI-20260923-V1
EP-GK-097-001,GK-097,PRODUCING,2023-10-01,2024-01-26,,,,0.0,2026-09-23T16:00:00Z,GENERATOR,gs://well-workover-intervention-data/landing/generator/2026/09/23/well_status_history.parquet,BATCH-GELEKI-20260923-V1
EP-GK-097-002,GK-097,WAITING_ON_RIG,2024-01-27,2024-02-11,OTHER,False,,1554.9,2026-09-23T16:00:00Z,GENERATOR,gs://well-workover-intervention-data/landing/generator/2026/09/23/well_status_history.parquet,BATCH-GELEKI-20260923-V1
EP-GK-097-003,GK-097,UNDER_WORKOVER,2024-02-12,2024-02-16,OTHER,False,WO-GK-097-003,548.8,2026-09-23T16:00:00Z,GENERATOR,gs://well-workover-intervention-data/landing/generator/2026/09/23/well_status_history.parquet,BATCH-GELEKI-20260923-V1
EP-GK-097-004,GK-097,PRODUCING,2024-02-17,2024-06-10,,,,0.0,2026-09-23T16:00:00Z,GENERATOR,gs://well-workover-intervention-data/landing/generator/2026/09/23/well_status_history.parquet,BATCH-GELEKI-20260923-V1
EP-GK-097-005,GK-097,WAITING_ON_RIG,2024-06-11,2024-07-15,SAND,False,,3292.7,2026-09-23T16:00:00Z,GENERATOR,gs://well-workover-intervention-data/landing/generator/2026/09/23/well_status_history.parquet,BATCH-GELEKI-20260923-V1
EP-GK-097-006,GK-097,UNDER_WORKOVER,2024-07-16,2024-07-26,SAND,False,WO-GK-097-006,1097.6,2026-09-23T16:00:00Z,GENERATOR,gs://well-workover-intervention-data/landing/generator/2026/09/23/well_status_history.parquet,BATCH-GELEKI-20260923-V1
EP-GK-097-007,GK-097,PRODUCING,2024-07-27,2024-12-26,,,,0.0,2026-09-23T16:00:00Z,GENERATOR,gs://well-workover-intervention-data/landing/generator/2026/09/23/well_status_history.parquet,BATCH-GELEKI-20260923-V1
EP-GK-097-008,GK-097,UNDER_WORKOVER,2024-12-27,2024-12-27,SURFACE,True,WO-GK-097-008,182.9,2026-09-23T16:00:00Z,GENERATOR,gs://well-workover-intervention-data/landing/generator/2026/09/23/well_status_history.parquet,BATCH-GELEKI-20260923-V1
EP-GK-097-009,GK-097,PRODUCING,2024-12-28,2025-04-13,,,,0.0,2026-09-23T16:00:00Z,GENERATOR,gs://well-workover-intervention-data/landing/generator/2026/09/23/well_status_history.parquet,BATCH-GELEKI-20260923-V1
EP-GK-097-010,GK-097,WAITING_ON_RIG,2025-04-14,2025-05-05,ROD_PART,False,,2103.7,2026-09-23T16:00:00Z,GENERATOR,gs://well-workover-intervention-data/landing/generator/2026/09/23/well_status_history.parquet,BATCH-GELEKI-20260923-V1
EP-GK-097-011,GK-097,UNDER_WORKOVER,2025-05-06,2025-05-12,ROD_PART,False,WO-GK-097-011,731.7,2026-09-23T16:00:00Z,GENERATOR,gs://well-workover-intervention-data/landing/generator/2026/09/23/well_status_history.parquet,BATCH-GELEKI-20260923-V1
EP-GK-097-012,GK-097,PRODUCING,2025-05-13,2025-06-25,,,,0.0,2026-09-23T16:00:00Z,GENERATOR,gs://well-workover-intervention-data/landing/generator/2026/09/23/well_status_history.parquet,BATCH-GELEKI-20260923-V1
EP-GK-097-013,GK-097,WAITING_ON_RIG,2025-06-26,2025-07-22,TUBING_LEAK,False,,2561.0,2026-09-23T16:00:00Z,GENERATOR,gs://well-workover-intervention-data/landing/generator/2026/09/23/well_status_history.parquet,BATCH-GELEKI-20260923-V1
EP-GK-097-014,GK-097,UNDER_WORKOVER,2025-07-23,2025-07-30,TUBING_LEAK,False,WO-GK-097-014,823.2,2026-09-23T16:00:00Z,GENERATOR,gs://well-workover-intervention-data/landing/generator/2026/09/23/well_status_history.parquet,BATCH-GELEKI-20260923-V1
EP-GK-097-015,GK-097,PRODUCING,2025-07-31,2025-11-11,,,,0.0,2026-09-23T16:00:00Z,GENERATOR,gs://well-workover-intervention-data/landing/generator/2026/09/23/well_status_history.parquet,BATCH-GELEKI-20260923-V1
EP-GK-097-016,GK-097,WAITING_ON_RIG,2025-11-12,2025-12-04,OTHER,False,,2195.1,2026-09-23T16:00:00Z,GENERATOR,gs://well-workover-intervention-data/landing/generator/2026/09/23/well_status_history.parquet,BATCH-GELEKI-20260923-V1
EP-GK-097-017,GK-097,UNDER_WORKOVER,2025-12-05,2025-12-11,OTHER,False,WO-GK-097-017,731.7,2026-09-23T16:00:00Z,GENERATOR,gs://well-workover-intervention-data/landing/generator/2026/09/23/well_status_history.parquet,BATCH-GELEKI-20260923-V1
EP-GK-097-018,GK-097,PRODUCING,2025-12-12,2026-03-11,,,,0.0,2026-09-23T16:00:00Z,GENERATOR,gs://well-workover-intervention-data/landing/generator/2026/09/23/well_status_history.parquet,BATCH-GELEKI-20260923-V1
EP-GK-097-019,GK-097,WAITING_ON_RIG,2026-03-12,2026-03-21,ROD_PART,False,,1006.1,2026-09-23T16:00:00Z,GENERATOR,gs://well-workover-intervention-data/landing/generator/2026/09/23/well_status_history.parquet,BATCH-GELEKI-20260923-V1
EP-GK-097-020,GK-097,UNDER_WORKOVER,2026-03-22,2026-03-24,ROD_PART,False,WO-GK-097-020,365.9,2026-09-23T16:00:00Z,GENERATOR,gs://well-workover-intervention-data/landing/generator/2026/09/23/well_status_history.parquet,BATCH-GELEKI-20260923-V1
EP-GK-097-021,GK-097,PRODUCING,2026-03-25,2026-08-21,,,,0.0,2026-09-23T16:00:00Z,GENERATOR,gs://well-workover-intervention-data/landing/generator/2026/09/23/well_status_history.parquet,BATCH-GELEKI-20260923-V1
EP-GK-097-022,GK-097,WAITING_ON_RIG,2026-08-22,2026-09-11,ROD_PART,False,,2012.2,2026-09-23T16:00:00Z,GENERATOR,gs://well-workover-intervention-data/landing/generator/2026/09/23/well_status_history.parquet,BATCH-GELEKI-20260923-V1
EP-GK-097-023,GK-097,UNDER_WORKOVER,2026-09-12,2026-09-18,ROD_PART,False,WO-GK-097-023,731.7,2026-09-23T16:00:00Z,GENERATOR,gs://well-workover-intervention-data/landing/generator/2026/09/23/well_status_history.parquet,BATCH-GELEKI-20260923-V1
EP-GK-097-024,GK-097,PRODUCING,2026-09-19,,,,,0.0,2026-09-23T16:00:00Z,GENERATOR,gs://well-workover-intervention-data/landing/generator/2026/09/23/well_status_history.parquet,BATCH-GELEKI-20260923-V1
EP-GK-098-001,GK-098,PRODUCING,2023-10-01,2023-12-08,,,,0.0,2026-09-23T16:00:00Z,GENERATOR,gs://well-workover-intervention-data/landing/generator/2026/09/23/well_status_history.parquet,BATCH-GELEKI-20260923-V1
EP-GK-098-002,GK-098,WAITING_ON_RIG,2023-12-09,2023-12-29,WAX,False,,2729.8,2026-09-23T16:00:00Z,GENERATOR,gs://well-workover-intervention-data/landing/generator/2026/09/23/well_status_history.parquet,BATCH-GELEKI-20260923-V1
EP-GK-098-003,GK-098,UNDER_WORKOVER,2023-12-30,2024-01-05,WAX,False,WO-GK-098-003,992.7,2026-09-23T16:00:00Z,GENERATOR,gs://well-workover-intervention-data/landing/generator/2026/09/23/well_status_history.parquet,BATCH-GELEKI-20260923-V1
EP-GK-098-004,GK-098,PRODUCING,2024-01-06,2024-02-20,,,,0.0,2026-09-23T16:00:00Z,GENERATOR,gs://well-workover-intervention-data/landing/generator/2026/09/23/well_status_history.parquet,BATCH-GELEKI-20260923-V1
EP-GK-098-005,GK-098,WAITING_ON_RIG,2024-02-21,2024-03-10,ROD_PART,False,,2481.7,2026-09-23T16:00:00Z,GENERATOR,gs://well-workover-intervention-data/landing/generator/2026/09/23/well_status_history.parquet,BATCH-GELEKI-20260923-V1
EP-GK-098-006,GK-098,UNDER_WORKOVER,2024-03-11,2024-03-15,ROD_PART,False,WO-GK-098-006,744.5,2026-09-23T16:00:00Z,GENERATOR,gs://well-workover-intervention-data/landing/generator/2026/09/23/well_status_history.parquet,BATCH-GELEKI-20260923-V1
EP-GK-098-007,GK-098,PRODUCING,2024-03-16,2024-06-11,,,,0.0,2026-09-23T16:00:00Z,GENERATOR,gs://well-workover-intervention-data/landing/generator/2026/09/23/well_status_history.parquet,BATCH-GELEKI-20260923-V1
EP-GK-098-008,GK-098,UNDER_WORKOVER,2024-06-12,2024-06-12,SURFACE,True,WO-GK-098-008,248.2,2026-09-23T16:00:00Z,GENERATOR,gs://well-workover-intervention-data/landing/generator/2026/09/23/well_status_history.parquet,BATCH-GELEKI-20260923-V1
EP-GK-098-009,GK-098,PRODUCING,2024-06-13,2024-09-26,,,,0.0,2026-09-23T16:00:00Z,GENERATOR,gs://well-workover-intervention-data/landing/generator/2026/09/23/well_status_history.parquet,BATCH-GELEKI-20260923-V1
EP-GK-098-010,GK-098,UNDER_WORKOVER,2024-09-27,2024-09-27,WAX,True,WO-GK-098-010,248.2,2026-09-23T16:00:00Z,GENERATOR,gs://well-workover-intervention-data/landing/generator/2026/09/23/well_status_history.parquet,BATCH-GELEKI-20260923-V1
EP-GK-098-011,GK-098,PRODUCING,2024-09-28,2024-12-11,,,,0.0,2026-09-23T16:00:00Z,GENERATOR,gs://well-workover-intervention-data/landing/generator/2026/09/23/well_status_history.parquet,BATCH-GELEKI-20260923-V1
EP-GK-098-012,GK-098,WAITING_ON_RIG,2024-12-12,2024-12-16,SAND,False,,744.5,2026-09-23T16:00:00Z,GENERATOR,gs://well-workover-intervention-data/landing/generator/2026/09/23/well_status_history.parquet,BATCH-GELEKI-20260923-V1
EP-GK-098-013,GK-098,UNDER_WORKOVER,2024-12-17,2024-12-17,SAND,False,WO-GK-098-013,248.2,2026-09-23T16:00:00Z,GENERATOR,gs://well-workover-intervention-data/landing/generator/2026/09/23/well_status_history.parquet,BATCH-GELEKI-20260923-V1
EP-GK-098-014,GK-098,PRODUCING,2024-12-18,2025-02-17,,,,0.0,2026-09-23T16:00:00Z,GENERATOR,gs://well-workover-intervention-data/landing/generator/2026/09/23/well_status_history.parquet,BATCH-GELEKI-20260923-V1
EP-GK-098-015,GK-098,WAITING_ON_RIG,2025-02-18,2025-03-09,SAND,False,,2605.7,2026-09-23T16:00:00Z,GENERATOR,gs://well-workover-intervention-data/landing/generator/2026/09/23/well_status_history.parquet,BATCH-GELEKI-20260923-V1
EP-GK-098-016,GK-098,UNDER_WORKOVER,2025-03-10,2025-03-15,SAND,False,WO-GK-098-016,868.6,2026-09-23T16:00:00Z,GENERATOR,gs://well-workover-intervention-data/landing/generator/2026/09/23/well_status_history.parquet,BATCH-GELEKI-20260923-V1
EP-GK-098-017,GK-098,PRODUCING,2025-03-16,2025-06-20,,,,0.0,2026-09-23T16:00:00Z,GENERATOR,gs://well-workover-intervention-data/landing/generator/2026/09/23/well_status_history.parquet,BATCH-GELEKI-20260923-V1
EP-GK-098-018,GK-098,UNDER_WORKOVER,2025-06-21,2025-06-21,WAX,True,WO-GK-098-018,248.2,2026-09-23T16:00:00Z,GENERATOR,gs://well-workover-intervention-data/landing/generator/2026/09/23/well_status_history.parquet,BATCH-GELEKI-20260923-V1
EP-GK-098-019,GK-098,PRODUCING,2025-06-22,2025-08-03,,,,0.0,2026-09-23T16:00:00Z,GENERATOR,gs://well-workover-intervention-data/landing/generator/2026/09/23/well_status_history.parquet,BATCH-GELEKI-20260923-V1
EP-GK-098-020,GK-098,UNDER_WORKOVER,2025-08-04,2025-08-04,WAX,True,WO-GK-098-020,248.2,2026-09-23T16:00:00Z,GENERATOR,gs://well-workover-intervention-data/landing/generator/2026/09/23/well_status_history.parquet,BATCH-GELEKI-20260923-V1
EP-GK-098-021,GK-098,PRODUCING,2025-08-05,2025-10-15,,,,0.0,2026-09-23T16:00:00Z,GENERATOR,gs://well-workover-intervention-data/landing/generator/2026/09/23/well_status_history.parquet,BATCH-GELEKI-20260923-V1
EP-GK-098-022,GK-098,UNDER_WORKOVER,2025-10-16,2025-10-17,SURFACE,True,WO-GK-098-022,372.2,2026-09-23T16:00:00Z,GENERATOR,gs://well-workover-intervention-data/landing/generator/2026/09/23/well_status_history.parquet,BATCH-GELEKI-20260923-V1
EP-GK-098-023,GK-098,PRODUCING,2025-10-18,2025-12-31,,,,0.0,2026-09-23T16:00:00Z,GENERATOR,gs://well-workover-intervention-data/landing/generator/2026/09/23/well_status_history.parquet,BATCH-GELEKI-20260923-V1
EP-GK-098-024,GK-098,WAITING_ON_RIG,2026-01-01,2026-02-16,ROD_PART,False,,5956.0,2026-09-23T16:00:00Z,GENERATOR,gs://well-workover-intervention-data/landing/generator/2026/09/23/well_status_history.parquet,BATCH-GELEKI-20260923-V1
EP-GK-098-025,GK-098,UNDER_WORKOVER,2026-02-17,2026-03-03,ROD_PART,False,WO-GK-098-025,1985.3,2026-09-23T16:00:00Z,GENERATOR,gs://well-workover-intervention-data/landing/generator/2026/09/23/well_status_history.parquet,BATCH-GELEKI-20260923-V1
EP-GK-098-026,GK-098,PRODUCING,2026-03-04,2026-06-06,,,,0.0,2026-09-23T16:00:00Z,GENERATOR,gs://well-workover-intervention-data/landing/generator/2026/09/23/well_status_history.parquet,BATCH-GELEKI-20260923-V1
EP-GK-098-027,GK-098,WAITING_ON_RIG,2026-06-07,2026-06-21,WAX,False,,1985.3,2026-09-23T16:00:00Z,GENERATOR,gs://well-workover-intervention-data/landing/generator/2026/09/23/well_status_history.parquet,BATCH-GELEKI-20260923-V1
EP-GK-098-028,GK-098,UNDER_WORKOVER,2026-06-22,2026-06-26,WAX,False,WO-GK-098-028,744.5,2026-09-23T16:00:00Z,GENERATOR,gs://well-workover-intervention-data/landing/generator/2026/09/23/well_status_history.parquet,BATCH-GELEKI-20260923-V1
EP-GK-098-029,GK-098,PRODUCING,2026-06-27,,,,,0.0,2026-09-23T16:00:00Z,GENERATOR,gs://well-workover-intervention-data/landing/generator/2026/09/23/well_status_history.parquet,BATCH-GELEKI-20260923-V1
EP-GK-099-001,GK-099,PRODUCING,2023-10-01,2024-02-05,,,,0.0,2026-09-23T16:00:00Z,GENERATOR,gs://well-workover-intervention-data/landing/generator/2026/09/23/well_status_history.parquet,BATCH-GELEKI-20260923-V1
EP-GK-099-002,GK-099,WAITING_ON_RIG,2024-02-06,2024-02-23,ROD_PART,False,,1103.7,2026-09-23T16:00:00Z,GENERATOR,gs://well-workover-intervention-data/landing/generator/2026/09/23/well_status_history.parquet,BATCH-GELEKI-20260923-V1
EP-GK-099-003,GK-099,UNDER_WORKOVER,2024-02-24,2024-02-28,ROD_PART,False,WO-GK-099-003,348.5,2026-09-23T16:00:00Z,GENERATOR,gs://well-workover-intervention-data/landing/generator/2026/09/23/well_status_history.parquet,BATCH-GELEKI-20260923-V1
EP-GK-099-004,GK-099,PRODUCING,2024-02-29,2024-10-23,,,,0.0,2026-09-23T16:00:00Z,GENERATOR,gs://well-workover-intervention-data/landing/generator/2026/09/23/well_status_history.parquet,BATCH-GELEKI-20260923-V1
EP-GK-099-005,GK-099,WAITING_ON_RIG,2024-10-24,2024-11-13,SAND,False,,1278.0,2026-09-23T16:00:00Z,GENERATOR,gs://well-workover-intervention-data/landing/generator/2026/09/23/well_status_history.parquet,BATCH-GELEKI-20260923-V1
EP-GK-099-006,GK-099,UNDER_WORKOVER,2024-11-14,2024-11-19,SAND,False,WO-GK-099-006,406.6,2026-09-23T16:00:00Z,GENERATOR,gs://well-workover-intervention-data/landing/generator/2026/09/23/well_status_history.parquet,BATCH-GELEKI-20260923-V1
EP-GK-099-007,GK-099,PRODUCING,2024-11-20,2025-09-09,,,,0.0,2026-09-23T16:00:00Z,GENERATOR,gs://well-workover-intervention-data/landing/generator/2026/09/23/well_status_history.parquet,BATCH-GELEKI-20260923-V1
EP-GK-099-008,GK-099,UNDER_WORKOVER,2025-09-10,2025-09-10,SCALE,True,WO-GK-099-008,116.2,2026-09-23T16:00:00Z,GENERATOR,gs://well-workover-intervention-data/landing/generator/2026/09/23/well_status_history.parquet,BATCH-GELEKI-20260923-V1
EP-GK-099-009,GK-099,PRODUCING,2025-09-11,2026-07-19,,,,0.0,2026-09-23T16:00:00Z,GENERATOR,gs://well-workover-intervention-data/landing/generator/2026/09/23/well_status_history.parquet,BATCH-GELEKI-20260923-V1
EP-GK-099-010,GK-099,UNDER_WORKOVER,2026-07-20,2026-07-21,SURFACE,True,WO-GK-099-010,174.3,2026-09-23T16:00:00Z,GENERATOR,gs://well-workover-intervention-data/landing/generator/2026/09/23/well_status_history.parquet,BATCH-GELEKI-20260923-V1
EP-GK-099-011,GK-099,PRODUCING,2026-07-22,,,,,0.0,2026-09-23T16:00:00Z,GENERATOR,gs://well-workover-intervention-data/landing/generator/2026/09/23/well_status_history.parquet,BATCH-GELEKI-20260923-V1
EP-GK-100-001,GK-100,PRODUCING,2023-10-01,2024-01-18,,,,0.0,2026-09-23T16:00:00Z,GENERATOR,gs://well-workover-intervention-data/landing/generator/2026/09/23/well_status_history.parquet,BATCH-GELEKI-20260923-V1
EP-GK-100-002,GK-100,WAITING_ON_RIG,2024-01-19,2024-03-13,TUBING_LEAK,False,,6455.3,2026-09-23T16:00:00Z,GENERATOR,gs://well-workover-intervention-data/landing/generator/2026/09/23/well_status_history.parquet,BATCH-GELEKI-20260923-V1
EP-GK-100-003,GK-100,UNDER_WORKOVER,2024-03-14,2024-03-31,TUBING_LEAK,False,WO-GK-100-003,2190.2,2026-09-23T16:00:00Z,GENERATOR,gs://well-workover-intervention-data/landing/generator/2026/09/23/well_status_history.parquet,BATCH-GELEKI-20260923-V1
EP-GK-100-004,GK-100,PRODUCING,2024-04-01,2024-07-10,,,,0.0,2026-09-23T16:00:00Z,GENERATOR,gs://well-workover-intervention-data/landing/generator/2026/09/23/well_status_history.parquet,BATCH-GELEKI-20260923-V1
EP-GK-100-005,GK-100,UNDER_WORKOVER,2024-07-11,2024-07-11,WAX,True,WO-GK-100-005,230.5,2026-09-23T16:00:00Z,GENERATOR,gs://well-workover-intervention-data/landing/generator/2026/09/23/well_status_history.parquet,BATCH-GELEKI-20260923-V1
EP-GK-100-006,GK-100,PRODUCING,2024-07-12,2025-01-25,,,,0.0,2026-09-23T16:00:00Z,GENERATOR,gs://well-workover-intervention-data/landing/generator/2026/09/23/well_status_history.parquet,BATCH-GELEKI-20260923-V1
EP-GK-100-007,GK-100,UNDER_WORKOVER,2025-01-26,2025-01-27,WAX,True,WO-GK-100-007,345.8,2026-09-23T16:00:00Z,GENERATOR,gs://well-workover-intervention-data/landing/generator/2026/09/23/well_status_history.parquet,BATCH-GELEKI-20260923-V1
EP-GK-100-008,GK-100,PRODUCING,2025-01-28,2025-06-28,,,,0.0,2026-09-23T16:00:00Z,GENERATOR,gs://well-workover-intervention-data/landing/generator/2026/09/23/well_status_history.parquet,BATCH-GELEKI-20260923-V1
EP-GK-100-009,GK-100,WAITING_ON_RIG,2025-06-29,2025-07-10,SAND,False,,1498.6,2026-09-23T16:00:00Z,GENERATOR,gs://well-workover-intervention-data/landing/generator/2026/09/23/well_status_history.parquet,BATCH-GELEKI-20260923-V1
EP-GK-100-010,GK-100,UNDER_WORKOVER,2025-07-11,2025-07-13,SAND,False,WO-GK-100-010,461.1,2026-09-23T16:00:00Z,GENERATOR,gs://well-workover-intervention-data/landing/generator/2026/09/23/well_status_history.parquet,BATCH-GELEKI-20260923-V1
EP-GK-100-011,GK-100,PRODUCING,2025-07-14,2025-11-11,,,,0.0,2026-09-23T16:00:00Z,GENERATOR,gs://well-workover-intervention-data/landing/generator/2026/09/23/well_status_history.parquet,BATCH-GELEKI-20260923-V1
EP-GK-100-012,GK-100,WAITING_ON_RIG,2025-11-12,2026-01-11,TUBING_LEAK,False,,7147.0,2026-09-23T16:00:00Z,GENERATOR,gs://well-workover-intervention-data/landing/generator/2026/09/23/well_status_history.parquet,BATCH-GELEKI-20260923-V1
EP-GK-100-013,GK-100,UNDER_WORKOVER,2026-01-12,2026-01-30,TUBING_LEAK,False,WO-GK-100-013,2305.5,2026-09-23T16:00:00Z,GENERATOR,gs://well-workover-intervention-data/landing/generator/2026/09/23/well_status_history.parquet,BATCH-GELEKI-20260923-V1
EP-GK-100-014,GK-100,PRODUCING,2026-01-31,2026-05-26,,,,0.0,2026-09-23T16:00:00Z,GENERATOR,gs://well-workover-intervention-data/landing/generator/2026/09/23/well_status_history.parquet,BATCH-GELEKI-20260923-V1
EP-GK-100-015,GK-100,WAITING_ON_RIG,2026-05-27,2026-05-31,PUMP_WEAR,False,,691.6,2026-09-23T16:00:00Z,GENERATOR,gs://well-workover-intervention-data/landing/generator/2026/09/23/well_status_history.parquet,BATCH-GELEKI-20260923-V1
EP-GK-100-016,GK-100,UNDER_WORKOVER,2026-06-01,2026-06-01,PUMP_WEAR,False,WO-GK-100-016,230.5,2026-09-23T16:00:00Z,GENERATOR,gs://well-workover-intervention-data/landing/generator/2026/09/23/well_status_history.parquet,BATCH-GELEKI-20260923-V1
EP-GK-100-017,GK-100,PRODUCING,2026-06-02,,,,,0.0,2026-09-23T16:00:00Z,GENERATOR,gs://well-workover-intervention-data/landing/generator/2026/09/23/well_status_history.parquet,BATCH-GELEKI-20260923-V1
EP-GK-101-001,GK-101,WAITING_ON_RIG,2023-10-01,2023-09-30,TUBING_LEAK,False,,1000.2,2026-09-23T16:00:00Z,GENERATOR,gs://well-workover-intervention-data/landing/generator/2026/09/23/well_status_history.parquet,BATCH-GELEKI-20260923-V1
EP-GK-101-002,GK-101,UNDER_WORKOVER,2023-10-01,2023-10-01,TUBING_LEAK,False,WO-GK-101-002,250.0,2026-09-23T16:00:00Z,GENERATOR,gs://well-workover-intervention-data/landing/generator/2026/09/23/well_status_history.parquet,BATCH-GELEKI-20260923-V1
EP-GK-101-003,GK-101,PRODUCING,2023-10-02,2024-03-29,,,,0.0,2026-09-23T16:00:00Z,GENERATOR,gs://well-workover-intervention-data/landing/generator/2026/09/23/well_status_history.parquet,BATCH-GELEKI-20260923-V1
EP-GK-101-004,GK-101,WAITING_ON_RIG,2024-03-30,2024-04-03,ROD_PART,False,,750.1,2026-09-23T16:00:00Z,GENERATOR,gs://well-workover-intervention-data/landing/generator/2026/09/23/well_status_history.parquet,BATCH-GELEKI-20260923-V1
EP-GK-101-005,GK-101,UNDER_WORKOVER,2024-04-04,2024-04-04,ROD_PART,False,WO-GK-101-005,250.0,2026-09-23T16:00:00Z,GENERATOR,gs://well-workover-intervention-data/landing/generator/2026/09/23/well_status_history.parquet,BATCH-GELEKI-20260923-V1
EP-GK-101-006,GK-101,PRODUCING,2024-04-05,2024-06-23,,,,0.0,2026-09-23T16:00:00Z,GENERATOR,gs://well-workover-intervention-data/landing/generator/2026/09/23/well_status_history.parquet,BATCH-GELEKI-20260923-V1
EP-GK-101-007,GK-101,WAITING_ON_RIG,2024-06-24,2024-07-12,TUBING_LEAK,False,,2500.4,2026-09-23T16:00:00Z,GENERATOR,gs://well-workover-intervention-data/landing/generator/2026/09/23/well_status_history.parquet,BATCH-GELEKI-20260923-V1
EP-GK-101-008,GK-101,UNDER_WORKOVER,2024-07-13,2024-07-17,TUBING_LEAK,False,WO-GK-101-008,750.1,2026-09-23T16:00:00Z,GENERATOR,gs://well-workover-intervention-data/landing/generator/2026/09/23/well_status_history.parquet,BATCH-GELEKI-20260923-V1
EP-GK-101-009,GK-101,PRODUCING,2024-07-18,2024-11-13,,,,0.0,2026-09-23T16:00:00Z,GENERATOR,gs://well-workover-intervention-data/landing/generator/2026/09/23/well_status_history.parquet,BATCH-GELEKI-20260923-V1
EP-GK-101-010,GK-101,WAITING_ON_RIG,2024-11-14,2024-11-18,TUBING_LEAK,False,,750.1,2026-09-23T16:00:00Z,GENERATOR,gs://well-workover-intervention-data/landing/generator/2026/09/23/well_status_history.parquet,BATCH-GELEKI-20260923-V1
EP-GK-101-011,GK-101,UNDER_WORKOVER,2024-11-19,2024-11-19,TUBING_LEAK,False,WO-GK-101-011,250.0,2026-09-23T16:00:00Z,GENERATOR,gs://well-workover-intervention-data/landing/generator/2026/09/23/well_status_history.parquet,BATCH-GELEKI-20260923-V1
EP-GK-101-012,GK-101,PRODUCING,2024-11-20,2025-05-03,,,,0.0,2026-09-23T16:00:00Z,GENERATOR,gs://well-workover-intervention-data/landing/generator/2026/09/23/well_status_history.parquet,BATCH-GELEKI-20260923-V1
EP-GK-101-013,GK-101,WAITING_ON_RIG,2025-05-04,2025-06-27,TUBING_LEAK,False,,7001.2,2026-09-23T16:00:00Z,GENERATOR,gs://well-workover-intervention-data/landing/generator/2026/09/23/well_status_history.parquet,BATCH-GELEKI-20260923-V1
EP-GK-101-014,GK-101,UNDER_WORKOVER,2025-06-28,2025-07-14,TUBING_LEAK,False,WO-GK-101-014,2250.4,2026-09-23T16:00:00Z,GENERATOR,gs://well-workover-intervention-data/landing/generator/2026/09/23/well_status_history.parquet,BATCH-GELEKI-20260923-V1
EP-GK-101-015,GK-101,PRODUCING,2025-07-15,2025-12-07,,,,0.0,2026-09-23T16:00:00Z,GENERATOR,gs://well-workover-intervention-data/landing/generator/2026/09/23/well_status_history.parquet,BATCH-GELEKI-20260923-V1
EP-GK-101-016,GK-101,UNDER_WORKOVER,2025-12-08,2025-12-08,WAX,True,WO-GK-101-016,250.0,2026-09-23T16:00:00Z,GENERATOR,gs://well-workover-intervention-data/landing/generator/2026/09/23/well_status_history.parquet,BATCH-GELEKI-20260923-V1
EP-GK-101-017,GK-101,PRODUCING,2025-12-09,2026-05-09,,,,0.0,2026-09-23T16:00:00Z,GENERATOR,gs://well-workover-intervention-data/landing/generator/2026/09/23/well_status_history.parquet,BATCH-GELEKI-20260923-V1
EP-GK-101-018,GK-101,UNDER_WORKOVER,2026-05-10,2026-05-10,WAX,True,WO-GK-101-018,250.0,2026-09-23T16:00:00Z,GENERATOR,gs://well-workover-intervention-data/landing/generator/2026/09/23/well_status_history.parquet,BATCH-GELEKI-20260923-V1
EP-GK-101-019,GK-101,PRODUCING,2026-05-11,2026-06-29,,,,0.0,2026-09-23T16:00:00Z,GENERATOR,gs://well-workover-intervention-data/landing/generator/2026/09/23/well_status_history.parquet,BATCH-GELEKI-20260923-V1
EP-GK-101-020,GK-101,WAITING_ON_RIG,2026-06-30,2026-07-06,TUBING_LEAK,False,,1000.2,2026-09-23T16:00:00Z,GENERATOR,gs://well-workover-intervention-data/landing/generator/2026/09/23/well_status_history.parquet,BATCH-GELEKI-20260923-V1
EP-GK-101-021,GK-101,UNDER_WORKOVER,2026-07-07,2026-07-08,TUBING_LEAK,False,WO-GK-101-021,375.1,2026-09-23T16:00:00Z,GENERATOR,gs://well-workover-intervention-data/landing/generator/2026/09/23/well_status_history.parquet,BATCH-GELEKI-20260923-V1
EP-GK-101-022,GK-101,PRODUCING,2026-07-09,,,,,0.0,2026-09-23T16:00:00Z,GENERATOR,gs://well-workover-intervention-data/landing/generator/2026/09/23/well_status_history.parquet,BATCH-GELEKI-20260923-V1
EP-GK-102-001,GK-102,PRODUCING,2023-10-01,2023-12-17,,,,0.0,2026-09-23T16:00:00Z,GENERATOR,gs://well-workover-intervention-data/landing/generator/2026/09/23/well_status_history.parquet,BATCH-GELEKI-20260923-V1
EP-GK-102-002,GK-102,WAITING_ON_RIG,2023-12-18,2023-12-29,TUBING_LEAK,False,,936.6,2026-09-23T16:00:00Z,GENERATOR,gs://well-workover-intervention-data/landing/generator/2026/09/23/well_status_history.parquet,BATCH-GELEKI-20260923-V1
EP-GK-102-003,GK-102,UNDER_WORKOVER,2023-12-30,2024-01-01,TUBING_LEAK,False,WO-GK-102-003,288.2,2026-09-23T16:00:00Z,GENERATOR,gs://well-workover-intervention-data/landing/generator/2026/09/23/well_status_history.parquet,BATCH-GELEKI-20260923-V1
EP-GK-102-004,GK-102,PRODUCING,2024-01-02,2024-04-17,,,,0.0,2026-09-23T16:00:00Z,GENERATOR,gs://well-workover-intervention-data/landing/generator/2026/09/23/well_status_history.parquet,BATCH-GELEKI-20260923-V1
EP-GK-102-005,GK-102,WAITING_ON_RIG,2024-04-18,2024-06-08,TUBING_LEAK,False,,3818.3,2026-09-23T16:00:00Z,GENERATOR,gs://well-workover-intervention-data/landing/generator/2026/09/23/well_status_history.parquet,BATCH-GELEKI-20260923-V1
EP-GK-102-006,GK-102,UNDER_WORKOVER,2024-06-09,2024-06-25,TUBING_LEAK,False,WO-GK-102-006,1296.8,2026-09-23T16:00:00Z,GENERATOR,gs://well-workover-intervention-data/landing/generator/2026/09/23/well_status_history.parquet,BATCH-GELEKI-20260923-V1
EP-GK-102-007,GK-102,PRODUCING,2024-06-26,2025-01-12,,,,0.0,2026-09-23T16:00:00Z,GENERATOR,gs://well-workover-intervention-data/landing/generator/2026/09/23/well_status_history.parquet,BATCH-GELEKI-20260923-V1
EP-GK-102-008,GK-102,WAITING_ON_RIG,2025-01-13,2025-01-26,TUBING_LEAK,False,,1080.7,2026-09-23T16:00:00Z,GENERATOR,gs://well-workover-intervention-data/landing/generator/2026/09/23/well_status_history.parquet,BATCH-GELEKI-20260923-V1
EP-GK-102-009,GK-102,UNDER_WORKOVER,2025-01-27,2025-01-30,TUBING_LEAK,False,WO-GK-102-009,360.2,2026-09-23T16:00:00Z,GENERATOR,gs://well-workover-intervention-data/landing/generator/2026/09/23/well_status_history.parquet,BATCH-GELEKI-20260923-V1
EP-GK-102-010,GK-102,PRODUCING,2025-01-31,2025-05-19,,,,0.0,2026-09-23T16:00:00Z,GENERATOR,gs://well-workover-intervention-data/landing/generator/2026/09/23/well_status_history.parquet,BATCH-GELEKI-20260923-V1
EP-GK-102-011,GK-102,WAITING_ON_RIG,2025-05-20,2025-05-24,GL_INJ_ANOMALY,False,,432.3,2026-09-23T16:00:00Z,GENERATOR,gs://well-workover-intervention-data/landing/generator/2026/09/23/well_status_history.parquet,BATCH-GELEKI-20260923-V1
EP-GK-102-012,GK-102,UNDER_WORKOVER,2025-05-25,2025-05-25,GL_INJ_ANOMALY,False,WO-GK-102-012,144.1,2026-09-23T16:00:00Z,GENERATOR,gs://well-workover-intervention-data/landing/generator/2026/09/23/well_status_history.parquet,BATCH-GELEKI-20260923-V1
EP-GK-102-013,GK-102,PRODUCING,2025-05-26,2025-08-14,,,,0.0,2026-09-23T16:00:00Z,GENERATOR,gs://well-workover-intervention-data/landing/generator/2026/09/23/well_status_history.parquet,BATCH-GELEKI-20260923-V1
EP-GK-102-014,GK-102,UNDER_WORKOVER,2025-08-15,2025-08-15,GL_HEADING,True,WO-GK-102-014,144.1,2026-09-23T16:00:00Z,GENERATOR,gs://well-workover-intervention-data/landing/generator/2026/09/23/well_status_history.parquet,BATCH-GELEKI-20260923-V1
EP-GK-102-015,GK-102,PRODUCING,2025-08-16,2025-11-10,,,,0.0,2026-09-23T16:00:00Z,GENERATOR,gs://well-workover-intervention-data/landing/generator/2026/09/23/well_status_history.parquet,BATCH-GELEKI-20260923-V1
EP-GK-102-016,GK-102,UNDER_WORKOVER,2025-11-11,2025-11-11,GL_HEADING,True,WO-GK-102-016,144.1,2026-09-23T16:00:00Z,GENERATOR,gs://well-workover-intervention-data/landing/generator/2026/09/23/well_status_history.parquet,BATCH-GELEKI-20260923-V1
EP-GK-102-017,GK-102,PRODUCING,2025-11-12,2026-03-08,,,,0.0,2026-09-23T16:00:00Z,GENERATOR,gs://well-workover-intervention-data/landing/generator/2026/09/23/well_status_history.parquet,BATCH-GELEKI-20260923-V1
EP-GK-102-018,GK-102,WAITING_ON_RIG,2026-03-09,2026-03-27,OTHER,False,,1440.9,2026-09-23T16:00:00Z,GENERATOR,gs://well-workover-intervention-data/landing/generator/2026/09/23/well_status_history.parquet,BATCH-GELEKI-20260923-V1
EP-GK-102-019,GK-102,UNDER_WORKOVER,2026-03-28,2026-04-01,OTHER,False,WO-GK-102-019,432.3,2026-09-23T16:00:00Z,GENERATOR,gs://well-workover-intervention-data/landing/generator/2026/09/23/well_status_history.parquet,BATCH-GELEKI-20260923-V1
EP-GK-102-020,GK-102,PRODUCING,2026-04-02,2026-07-09,,,,0.0,2026-09-23T16:00:00Z,GENERATOR,gs://well-workover-intervention-data/landing/generator/2026/09/23/well_status_history.parquet,BATCH-GELEKI-20260923-V1
EP-GK-102-021,GK-102,UNDER_WORKOVER,2026-07-10,2026-07-11,SURFACE,True,WO-GK-102-021,216.1,2026-09-23T16:00:00Z,GENERATOR,gs://well-workover-intervention-data/landing/generator/2026/09/23/well_status_history.parquet,BATCH-GELEKI-20260923-V1
EP-GK-102-022,GK-102,PRODUCING,2026-07-12,,,,,0.0,2026-09-23T16:00:00Z,GENERATOR,gs://well-workover-intervention-data/landing/generator/2026/09/23/well_status_history.parquet,BATCH-GELEKI-20260923-V1
EP-GK-103-001,GK-103,PRODUCING,2023-10-01,2024-05-02,,,,0.0,2026-09-23T16:00:00Z,GENERATOR,gs://well-workover-intervention-data/landing/generator/2026/09/23/well_status_history.parquet,BATCH-GELEKI-20260923-V1
EP-GK-103-002,GK-103,WAITING_ON_RIG,2024-05-03,2024-05-07,ROD_PART,False,,230.4,2026-09-23T16:00:00Z,GENERATOR,gs://well-workover-intervention-data/landing/generator/2026/09/23/well_status_history.parquet,BATCH-GELEKI-20260923-V1
EP-GK-103-003,GK-103,UNDER_WORKOVER,2024-05-08,2024-05-08,ROD_PART,False,WO-GK-103-003,76.8,2026-09-23T16:00:00Z,GENERATOR,gs://well-workover-intervention-data/landing/generator/2026/09/23/well_status_history.parquet,BATCH-GELEKI-20260923-V1
EP-GK-103-004,GK-103,PRODUCING,2024-05-09,2024-12-16,,,,0.0,2026-09-23T16:00:00Z,GENERATOR,gs://well-workover-intervention-data/landing/generator/2026/09/23/well_status_history.parquet,BATCH-GELEKI-20260923-V1
EP-GK-103-005,GK-103,WAITING_ON_RIG,2024-12-17,2025-01-10,WAX,False,,998.4,2026-09-23T16:00:00Z,GENERATOR,gs://well-workover-intervention-data/landing/generator/2026/09/23/well_status_history.parquet,BATCH-GELEKI-20260923-V1
EP-GK-103-006,GK-103,UNDER_WORKOVER,2025-01-11,2025-01-17,WAX,False,WO-GK-103-006,307.2,2026-09-23T16:00:00Z,GENERATOR,gs://well-workover-intervention-data/landing/generator/2026/09/23/well_status_history.parquet,BATCH-GELEKI-20260923-V1
EP-GK-103-007,GK-103,PRODUCING,2025-01-18,2025-11-19,,,,0.0,2026-09-23T16:00:00Z,GENERATOR,gs://well-workover-intervention-data/landing/generator/2026/09/23/well_status_history.parquet,BATCH-GELEKI-20260923-V1
EP-GK-103-008,GK-103,WAITING_ON_RIG,2025-11-20,2025-11-27,OTHER,False,,345.6,2026-09-23T16:00:00Z,GENERATOR,gs://well-workover-intervention-data/landing/generator/2026/09/23/well_status_history.parquet,BATCH-GELEKI-20260923-V1
EP-GK-103-009,GK-103,UNDER_WORKOVER,2025-11-28,2025-11-29,OTHER,False,WO-GK-103-009,115.2,2026-09-23T16:00:00Z,GENERATOR,gs://well-workover-intervention-data/landing/generator/2026/09/23/well_status_history.parquet,BATCH-GELEKI-20260923-V1
EP-GK-103-010,GK-103,PRODUCING,2025-11-30,,,,,0.0,2026-09-23T16:00:00Z,GENERATOR,gs://well-workover-intervention-data/landing/generator/2026/09/23/well_status_history.parquet,BATCH-GELEKI-20260923-V1
EP-GK-104-001,GK-104,PRODUCING,2023-10-01,2023-11-08,,,,0.0,2026-09-23T16:00:00Z,GENERATOR,gs://well-workover-intervention-data/landing/generator/2026/09/23/well_status_history.parquet,BATCH-GELEKI-20260923-V1
EP-GK-104-002,GK-104,WAITING_ON_RIG,2023-11-09,2023-11-13,OTHER,False,,428.0,2026-09-23T16:00:00Z,GENERATOR,gs://well-workover-intervention-data/landing/generator/2026/09/23/well_status_history.parquet,BATCH-GELEKI-20260923-V1
EP-GK-104-003,GK-104,UNDER_WORKOVER,2023-11-14,2023-11-14,OTHER,False,WO-GK-104-003,142.7,2026-09-23T16:00:00Z,GENERATOR,gs://well-workover-intervention-data/landing/generator/2026/09/23/well_status_history.parquet,BATCH-GELEKI-20260923-V1
EP-GK-104-004,GK-104,PRODUCING,2023-11-15,2024-04-28,,,,0.0,2026-09-23T16:00:00Z,GENERATOR,gs://well-workover-intervention-data/landing/generator/2026/09/23/well_status_history.parquet,BATCH-GELEKI-20260923-V1
EP-GK-104-005,GK-104,UNDER_WORKOVER,2024-04-29,2024-04-29,SCALE,True,WO-GK-104-005,142.7,2026-09-23T16:00:00Z,GENERATOR,gs://well-workover-intervention-data/landing/generator/2026/09/23/well_status_history.parquet,BATCH-GELEKI-20260923-V1
EP-GK-104-006,GK-104,PRODUCING,2024-04-30,2024-09-23,,,,0.0,2026-09-23T16:00:00Z,GENERATOR,gs://well-workover-intervention-data/landing/generator/2026/09/23/well_status_history.parquet,BATCH-GELEKI-20260923-V1
EP-GK-104-007,GK-104,WAITING_ON_RIG,2024-09-24,2025-02-23,TUBING_LEAK,False,,10985.3,2026-09-23T16:00:00Z,GENERATOR,gs://well-workover-intervention-data/landing/generator/2026/09/23/well_status_history.parquet,BATCH-GELEKI-20260923-V1
EP-GK-104-008,GK-104,UNDER_WORKOVER,2025-02-24,2025-04-14,TUBING_LEAK,False,WO-GK-104-008,3638.0,2026-09-23T16:00:00Z,GENERATOR,gs://well-workover-intervention-data/landing/generator/2026/09/23/well_status_history.parquet,BATCH-GELEKI-20260923-V1
EP-GK-104-009,GK-104,PRODUCING,2025-04-15,2025-10-17,,,,0.0,2026-09-23T16:00:00Z,GENERATOR,gs://well-workover-intervention-data/landing/generator/2026/09/23/well_status_history.parquet,BATCH-GELEKI-20260923-V1
EP-GK-104-010,GK-104,WAITING_ON_RIG,2025-10-18,2025-11-13,ROD_PART,False,,1997.3,2026-09-23T16:00:00Z,GENERATOR,gs://well-workover-intervention-data/landing/generator/2026/09/23/well_status_history.parquet,BATCH-GELEKI-20260923-V1
EP-GK-104-011,GK-104,UNDER_WORKOVER,2025-11-14,2025-11-21,ROD_PART,False,WO-GK-104-011,642.0,2026-09-23T16:00:00Z,GENERATOR,gs://well-workover-intervention-data/landing/generator/2026/09/23/well_status_history.parquet,BATCH-GELEKI-20260923-V1
EP-GK-104-012,GK-104,PRODUCING,2025-11-22,2026-05-18,,,,0.0,2026-09-23T16:00:00Z,GENERATOR,gs://well-workover-intervention-data/landing/generator/2026/09/23/well_status_history.parquet,BATCH-GELEKI-20260923-V1
EP-GK-104-013,GK-104,WAITING_ON_RIG,2026-05-19,2026-07-06,PUMP_WEAR,False,,3566.7,2026-09-23T16:00:00Z,GENERATOR,gs://well-workover-intervention-data/landing/generator/2026/09/23/well_status_history.parquet,BATCH-GELEKI-20260923-V1
EP-GK-104-014,GK-104,UNDER_WORKOVER,2026-07-07,2026-07-21,PUMP_WEAR,False,WO-GK-104-014,1141.3,2026-09-23T16:00:00Z,GENERATOR,gs://well-workover-intervention-data/landing/generator/2026/09/23/well_status_history.parquet,BATCH-GELEKI-20260923-V1
EP-GK-104-015,GK-104,PRODUCING,2026-07-22,,,,,0.0,2026-09-23T16:00:00Z,GENERATOR,gs://well-workover-intervention-data/landing/generator/2026/09/23/well_status_history.parquet,BATCH-GELEKI-20260923-V1
EP-GK-105-001,GK-105,PRODUCING,2023-10-01,2023-11-04,,,,0.0,2026-09-23T16:00:00Z,GENERATOR,gs://well-workover-intervention-data/landing/generator/2026/09/23/well_status_history.parquet,BATCH-GELEKI-20260923-V1
EP-GK-105-002,GK-105,WAITING_ON_RIG,2023-11-05,2023-12-05,ROD_PART,False,,1120.7,2026-09-23T16:00:00Z,GENERATOR,gs://well-workover-intervention-data/landing/generator/2026/09/23/well_status_history.parquet,BATCH-GELEKI-20260923-V1
EP-GK-105-003,GK-105,UNDER_WORKOVER,2023-12-06,2023-12-14,ROD_PART,False,WO-GK-105-003,350.2,2026-09-23T16:00:00Z,GENERATOR,gs://well-workover-intervention-data/landing/generator/2026/09/23/well_status_history.parquet,BATCH-GELEKI-20260923-V1
EP-GK-105-004,GK-105,PRODUCING,2023-12-15,2024-04-30,,,,0.0,2026-09-23T16:00:00Z,GENERATOR,gs://well-workover-intervention-data/landing/generator/2026/09/23/well_status_history.parquet,BATCH-GELEKI-20260923-V1
EP-GK-105-005,GK-105,WAITING_ON_RIG,2024-05-01,2024-06-03,TUBING_LEAK,False,,1225.8,2026-09-23T16:00:00Z,GENERATOR,gs://well-workover-intervention-data/landing/generator/2026/09/23/well_status_history.parquet,BATCH-GELEKI-20260923-V1
EP-GK-105-006,GK-105,UNDER_WORKOVER,2024-06-04,2024-06-14,TUBING_LEAK,False,WO-GK-105-006,420.3,2026-09-23T16:00:00Z,GENERATOR,gs://well-workover-intervention-data/landing/generator/2026/09/23/well_status_history.parquet,BATCH-GELEKI-20260923-V1
EP-GK-105-007,GK-105,PRODUCING,2024-06-15,2025-01-12,,,,0.0,2026-09-23T16:00:00Z,GENERATOR,gs://well-workover-intervention-data/landing/generator/2026/09/23/well_status_history.parquet,BATCH-GELEKI-20260923-V1
EP-GK-105-008,GK-105,UNDER_WORKOVER,2025-01-13,2025-01-13,WAX,True,WO-GK-105-008,70.0,2026-09-23T16:00:00Z,GENERATOR,gs://well-workover-intervention-data/landing/generator/2026/09/23/well_status_history.parquet,BATCH-GELEKI-20260923-V1
EP-GK-105-009,GK-105,PRODUCING,2025-01-14,2025-09-09,,,,0.0,2026-09-23T16:00:00Z,GENERATOR,gs://well-workover-intervention-data/landing/generator/2026/09/23/well_status_history.parquet,BATCH-GELEKI-20260923-V1
EP-GK-105-010,GK-105,WAITING_ON_RIG,2025-09-10,2026-02-09,TUBING_LEAK,False,,5393.4,2026-09-23T16:00:00Z,GENERATOR,gs://well-workover-intervention-data/landing/generator/2026/09/23/well_status_history.parquet,BATCH-GELEKI-20260923-V1
EP-GK-105-011,GK-105,UNDER_WORKOVER,2026-02-10,2026-03-31,TUBING_LEAK,False,WO-GK-105-011,1786.1,2026-09-23T16:00:00Z,GENERATOR,gs://well-workover-intervention-data/landing/generator/2026/09/23/well_status_history.parquet,BATCH-GELEKI-20260923-V1
EP-GK-105-012,GK-105,PRODUCING,2026-04-01,2026-07-26,,,,0.0,2026-09-23T16:00:00Z,GENERATOR,gs://well-workover-intervention-data/landing/generator/2026/09/23/well_status_history.parquet,BATCH-GELEKI-20260923-V1
EP-GK-105-013,GK-105,WAITING_ON_RIG,2026-07-27,2026-08-08,ROD_PART,False,,490.3,2026-09-23T16:00:00Z,GENERATOR,gs://well-workover-intervention-data/landing/generator/2026/09/23/well_status_history.parquet,BATCH-GELEKI-20260923-V1
EP-GK-105-014,GK-105,UNDER_WORKOVER,2026-08-09,2026-08-11,ROD_PART,False,WO-GK-105-014,140.1,2026-09-23T16:00:00Z,GENERATOR,gs://well-workover-intervention-data/landing/generator/2026/09/23/well_status_history.parquet,BATCH-GELEKI-20260923-V1
EP-GK-105-015,GK-105,PRODUCING,2026-08-12,,,,,0.0,2026-09-23T16:00:00Z,GENERATOR,gs://well-workover-intervention-data/landing/generator/2026/09/23/well_status_history.parquet,BATCH-GELEKI-20260923-V1
EP-GK-106-001,GK-106,WAITING_ON_RIG,2023-10-01,2023-10-05,TUBING_LEAK,False,,940.2,2026-09-23T16:00:00Z,GENERATOR,gs://well-workover-intervention-data/landing/generator/2026/09/23/well_status_history.parquet,BATCH-GELEKI-20260923-V1
EP-GK-106-002,GK-106,UNDER_WORKOVER,2023-10-06,2023-10-07,TUBING_LEAK,False,WO-GK-106-002,352.6,2026-09-23T16:00:00Z,GENERATOR,gs://well-workover-intervention-data/landing/generator/2026/09/23/well_status_history.parquet,BATCH-GELEKI-20260923-V1
EP-GK-106-003,GK-106,PRODUCING,2023-10-08,2024-01-05,,,,0.0,2026-09-23T16:00:00Z,GENERATOR,gs://well-workover-intervention-data/landing/generator/2026/09/23/well_status_history.parquet,BATCH-GELEKI-20260923-V1
EP-GK-106-004,GK-106,WAITING_ON_RIG,2024-01-06,2024-01-10,TUBING_LEAK,False,,705.1,2026-09-23T16:00:00Z,GENERATOR,gs://well-workover-intervention-data/landing/generator/2026/09/23/well_status_history.parquet,BATCH-GELEKI-20260923-V1
EP-GK-106-005,GK-106,UNDER_WORKOVER,2024-01-11,2024-01-11,TUBING_LEAK,False,WO-GK-106-005,235.0,2026-09-23T16:00:00Z,GENERATOR,gs://well-workover-intervention-data/landing/generator/2026/09/23/well_status_history.parquet,BATCH-GELEKI-20260923-V1
EP-GK-106-006,GK-106,PRODUCING,2024-01-12,2024-06-03,,,,0.0,2026-09-23T16:00:00Z,GENERATOR,gs://well-workover-intervention-data/landing/generator/2026/09/23/well_status_history.parquet,BATCH-GELEKI-20260923-V1
EP-GK-106-007,GK-106,WAITING_ON_RIG,2024-06-04,2024-06-08,PUMP_WEAR,False,,705.1,2026-09-23T16:00:00Z,GENERATOR,gs://well-workover-intervention-data/landing/generator/2026/09/23/well_status_history.parquet,BATCH-GELEKI-20260923-V1
EP-GK-106-008,GK-106,UNDER_WORKOVER,2024-06-09,2024-06-09,PUMP_WEAR,False,WO-GK-106-008,235.0,2026-09-23T16:00:00Z,GENERATOR,gs://well-workover-intervention-data/landing/generator/2026/09/23/well_status_history.parquet,BATCH-GELEKI-20260923-V1
EP-GK-106-009,GK-106,PRODUCING,2024-06-10,2024-09-05,,,,0.0,2026-09-23T16:00:00Z,GENERATOR,gs://well-workover-intervention-data/landing/generator/2026/09/23/well_status_history.parquet,BATCH-GELEKI-20260923-V1
EP-GK-106-010,GK-106,WAITING_ON_RIG,2024-09-06,2024-10-18,SAND,False,,5171.0,2026-09-23T16:00:00Z,GENERATOR,gs://well-workover-intervention-data/landing/generator/2026/09/23/well_status_history.parquet,BATCH-GELEKI-20260923-V1
EP-GK-106-011,GK-106,UNDER_WORKOVER,2024-10-19,2024-10-31,SAND,False,WO-GK-106-011,1645.3,2026-09-23T16:00:00Z,GENERATOR,gs://well-workover-intervention-data/landing/generator/2026/09/23/well_status_history.parquet,BATCH-GELEKI-20260923-V1
EP-GK-106-012,GK-106,PRODUCING,2024-11-01,2025-02-05,,,,0.0,2026-09-23T16:00:00Z,GENERATOR,gs://well-workover-intervention-data/landing/generator/2026/09/23/well_status_history.parquet,BATCH-GELEKI-20260923-V1
EP-GK-106-013,GK-106,WAITING_ON_RIG,2025-02-06,2025-04-05,ROD_PART,False,,7051.4,2026-09-23T16:00:00Z,GENERATOR,gs://well-workover-intervention-data/landing/generator/2026/09/23/well_status_history.parquet,BATCH-GELEKI-20260923-V1
EP-GK-106-014,GK-106,UNDER_WORKOVER,2025-04-06,2025-04-24,ROD_PART,False,WO-GK-106-014,2350.5,2026-09-23T16:00:00Z,GENERATOR,gs://well-workover-intervention-data/landing/generator/2026/09/23/well_status_history.parquet,BATCH-GELEKI-20260923-V1
EP-GK-106-015,GK-106,PRODUCING,2025-04-25,2025-10-14,,,,0.0,2026-09-23T16:00:00Z,GENERATOR,gs://well-workover-intervention-data/landing/generator/2026/09/23/well_status_history.parquet,BATCH-GELEKI-20260923-V1
EP-GK-106-016,GK-106,UNDER_WORKOVER,2025-10-15,2025-10-15,WAX,True,WO-GK-106-016,235.0,2026-09-23T16:00:00Z,GENERATOR,gs://well-workover-intervention-data/landing/generator/2026/09/23/well_status_history.parquet,BATCH-GELEKI-20260923-V1
EP-GK-106-017,GK-106,PRODUCING,2025-10-16,2026-01-13,,,,0.0,2026-09-23T16:00:00Z,GENERATOR,gs://well-workover-intervention-data/landing/generator/2026/09/23/well_status_history.parquet,BATCH-GELEKI-20260923-V1
EP-GK-106-018,GK-106,WAITING_ON_RIG,2026-01-14,2026-01-28,ROD_PART,False,,1880.4,2026-09-23T16:00:00Z,GENERATOR,gs://well-workover-intervention-data/landing/generator/2026/09/23/well_status_history.parquet,BATCH-GELEKI-20260923-V1
EP-GK-106-019,GK-106,UNDER_WORKOVER,2026-01-29,2026-02-02,ROD_PART,False,WO-GK-106-019,705.1,2026-09-23T16:00:00Z,GENERATOR,gs://well-workover-intervention-data/landing/generator/2026/09/23/well_status_history.parquet,BATCH-GELEKI-20260923-V1
EP-GK-106-020,GK-106,PRODUCING,2026-02-03,2026-05-10,,,,0.0,2026-09-23T16:00:00Z,GENERATOR,gs://well-workover-intervention-data/landing/generator/2026/09/23/well_status_history.parquet,BATCH-GELEKI-20260923-V1
EP-GK-106-021,GK-106,WAITING_ON_RIG,2026-05-11,2026-06-08,WAX,False,,3525.7,2026-09-23T16:00:00Z,GENERATOR,gs://well-workover-intervention-data/landing/generator/2026/09/23/well_status_history.parquet,BATCH-GELEKI-20260923-V1
EP-GK-106-022,GK-106,UNDER_WORKOVER,2026-06-09,2026-06-17,WAX,False,WO-GK-106-022,1175.2,2026-09-23T16:00:00Z,GENERATOR,gs://well-workover-intervention-data/landing/generator/2026/09/23/well_status_history.parquet,BATCH-GELEKI-20260923-V1
EP-GK-106-023,GK-106,PRODUCING,2026-06-18,2026-09-10,,,,0.0,2026-09-23T16:00:00Z,GENERATOR,gs://well-workover-intervention-data/landing/generator/2026/09/23/well_status_history.parquet,BATCH-GELEKI-20260923-V1
EP-GK-106-024,GK-106,UNDER_WORKOVER,2026-09-11,2026-09-11,SURFACE,True,WO-GK-106-024,235.0,2026-09-23T16:00:00Z,GENERATOR,gs://well-workover-intervention-data/landing/generator/2026/09/23/well_status_history.parquet,BATCH-GELEKI-20260923-V1
EP-GK-106-025,GK-106,PRODUCING,2026-09-12,,,,,0.0,2026-09-23T16:00:00Z,GENERATOR,gs://well-workover-intervention-data/landing/generator/2026/09/23/well_status_history.parquet,BATCH-GELEKI-20260923-V1
EP-GK-107-001,GK-107,PRODUCING,2023-10-01,2024-02-23,,,,0.0,2026-09-23T16:00:00Z,GENERATOR,gs://well-workover-intervention-data/landing/generator/2026/09/23/well_status_history.parquet,BATCH-GELEKI-20260923-V1
EP-GK-107-002,GK-107,UNDER_WORKOVER,2024-02-24,2024-02-24,WAX,True,WO-GK-107-002,152.7,2026-09-23T16:00:00Z,GENERATOR,gs://well-workover-intervention-data/landing/generator/2026/09/23/well_status_history.parquet,BATCH-GELEKI-20260923-V1
EP-GK-107-003,GK-107,PRODUCING,2024-02-25,2024-06-14,,,,0.0,2026-09-23T16:00:00Z,GENERATOR,gs://well-workover-intervention-data/landing/generator/2026/09/23/well_status_history.parquet,BATCH-GELEKI-20260923-V1
EP-GK-107-004,GK-107,WAITING_ON_RIG,2024-06-15,2024-09-01,TUBING_LEAK,False,,6106.1,2026-09-23T16:00:00Z,GENERATOR,gs://well-workover-intervention-data/landing/generator/2026/09/23/well_status_history.parquet,BATCH-GELEKI-20260923-V1
EP-GK-107-005,GK-107,UNDER_WORKOVER,2024-09-02,2024-09-26,TUBING_LEAK,False,WO-GK-107-005,1984.5,2026-09-23T16:00:00Z,GENERATOR,gs://well-workover-intervention-data/landing/generator/2026/09/23/well_status_history.parquet,BATCH-GELEKI-20260923-V1
EP-GK-107-006,GK-107,PRODUCING,2024-09-27,2025-01-02,,,,0.0,2026-09-23T16:00:00Z,GENERATOR,gs://well-workover-intervention-data/landing/generator/2026/09/23/well_status_history.parquet,BATCH-GELEKI-20260923-V1
EP-GK-107-007,GK-107,UNDER_WORKOVER,2025-01-03,2025-01-04,WAX,True,WO-GK-107-007,229.0,2026-09-23T16:00:00Z,GENERATOR,gs://well-workover-intervention-data/landing/generator/2026/09/23/well_status_history.parquet,BATCH-GELEKI-20260923-V1
EP-GK-107-008,GK-107,PRODUCING,2025-01-05,2025-07-28,,,,0.0,2026-09-23T16:00:00Z,GENERATOR,gs://well-workover-intervention-data/landing/generator/2026/09/23/well_status_history.parquet,BATCH-GELEKI-20260923-V1
EP-GK-107-009,GK-107,WAITING_ON_RIG,2025-07-29,2025-08-19,TUBING_LEAK,False,,1755.5,2026-09-23T16:00:00Z,GENERATOR,gs://well-workover-intervention-data/landing/generator/2026/09/23/well_status_history.parquet,BATCH-GELEKI-20260923-V1
EP-GK-107-010,GK-107,UNDER_WORKOVER,2025-08-20,2025-08-26,TUBING_LEAK,False,WO-GK-107-010,610.6,2026-09-23T16:00:00Z,GENERATOR,gs://well-workover-intervention-data/landing/generator/2026/09/23/well_status_history.parquet,BATCH-GELEKI-20260923-V1
EP-GK-107-011,GK-107,PRODUCING,2025-08-27,2025-11-05,,,,0.0,2026-09-23T16:00:00Z,GENERATOR,gs://well-workover-intervention-data/landing/generator/2026/09/23/well_status_history.parquet,BATCH-GELEKI-20260923-V1
EP-GK-107-012,GK-107,WAITING_ON_RIG,2025-11-06,2025-11-14,TUBING_LEAK,False,,763.3,2026-09-23T16:00:00Z,GENERATOR,gs://well-workover-intervention-data/landing/generator/2026/09/23/well_status_history.parquet,BATCH-GELEKI-20260923-V1
EP-GK-107-013,GK-107,UNDER_WORKOVER,2025-11-15,2025-11-17,TUBING_LEAK,False,WO-GK-107-013,305.3,2026-09-23T16:00:00Z,GENERATOR,gs://well-workover-intervention-data/landing/generator/2026/09/23/well_status_history.parquet,BATCH-GELEKI-20260923-V1
EP-GK-107-014,GK-107,PRODUCING,2025-11-18,2026-06-16,,,,0.0,2026-09-23T16:00:00Z,GENERATOR,gs://well-workover-intervention-data/landing/generator/2026/09/23/well_status_history.parquet,BATCH-GELEKI-20260923-V1
EP-GK-107-015,GK-107,WAITING_ON_RIG,2026-06-17,2026-06-21,TUBING_LEAK,False,,458.0,2026-09-23T16:00:00Z,GENERATOR,gs://well-workover-intervention-data/landing/generator/2026/09/23/well_status_history.parquet,BATCH-GELEKI-20260923-V1
EP-GK-107-016,GK-107,UNDER_WORKOVER,2026-06-22,2026-06-22,TUBING_LEAK,False,WO-GK-107-016,152.7,2026-09-23T16:00:00Z,GENERATOR,gs://well-workover-intervention-data/landing/generator/2026/09/23/well_status_history.parquet,BATCH-GELEKI-20260923-V1
EP-GK-107-017,GK-107,PRODUCING,2026-06-23,,,,,0.0,2026-09-23T16:00:00Z,GENERATOR,gs://well-workover-intervention-data/landing/generator/2026/09/23/well_status_history.parquet,BATCH-GELEKI-20260923-V1
EP-GK-108-001,GK-108,PRODUCING,2023-10-01,2024-02-15,,,,0.0,2026-09-23T16:00:00Z,GENERATOR,gs://well-workover-intervention-data/landing/generator/2026/09/23/well_status_history.parquet,BATCH-GELEKI-20260923-V1
EP-GK-108-002,GK-108,WAITING_ON_RIG,2024-02-16,2024-02-20,GL_INJ_ANOMALY,False,,416.7,2026-09-23T16:00:00Z,GENERATOR,gs://well-workover-intervention-data/landing/generator/2026/09/23/well_status_history.parquet,BATCH-GELEKI-20260923-V1
EP-GK-108-003,GK-108,UNDER_WORKOVER,2024-02-21,2024-02-21,GL_INJ_ANOMALY,False,WO-GK-108-003,138.9,2026-09-23T16:00:00Z,GENERATOR,gs://well-workover-intervention-data/landing/generator/2026/09/23/well_status_history.parquet,BATCH-GELEKI-20260923-V1
EP-GK-108-004,GK-108,PRODUCING,2024-02-22,2024-08-09,,,,0.0,2026-09-23T16:00:00Z,GENERATOR,gs://well-workover-intervention-data/landing/generator/2026/09/23/well_status_history.parquet,BATCH-GELEKI-20260923-V1
EP-GK-108-005,GK-108,UNDER_WORKOVER,2024-08-10,2024-08-11,WAX,True,WO-GK-108-005,208.3,2026-09-23T16:00:00Z,GENERATOR,gs://well-workover-intervention-data/landing/generator/2026/09/23/well_status_history.parquet,BATCH-GELEKI-20260923-V1
EP-GK-108-006,GK-108,PRODUCING,2024-08-12,2025-02-08,,,,0.0,2026-09-23T16:00:00Z,GENERATOR,gs://well-workover-intervention-data/landing/generator/2026/09/23/well_status_history.parquet,BATCH-GELEKI-20260923-V1
EP-GK-108-007,GK-108,UNDER_WORKOVER,2025-02-09,2025-02-10,SURFACE,True,WO-GK-108-007,208.3,2026-09-23T16:00:00Z,GENERATOR,gs://well-workover-intervention-data/landing/generator/2026/09/23/well_status_history.parquet,BATCH-GELEKI-20260923-V1
EP-GK-108-008,GK-108,PRODUCING,2025-02-11,2025-06-25,,,,0.0,2026-09-23T16:00:00Z,GENERATOR,gs://well-workover-intervention-data/landing/generator/2026/09/23/well_status_history.parquet,BATCH-GELEKI-20260923-V1
EP-GK-108-009,GK-108,WAITING_ON_RIG,2025-06-26,2025-06-30,SAND,False,,416.7,2026-09-23T16:00:00Z,GENERATOR,gs://well-workover-intervention-data/landing/generator/2026/09/23/well_status_history.parquet,BATCH-GELEKI-20260923-V1
EP-GK-108-010,GK-108,UNDER_WORKOVER,2025-07-01,2025-07-01,SAND,False,WO-GK-108-010,138.9,2026-09-23T16:00:00Z,GENERATOR,gs://well-workover-intervention-data/landing/generator/2026/09/23/well_status_history.parquet,BATCH-GELEKI-20260923-V1
EP-GK-108-011,GK-108,PRODUCING,2025-07-02,2025-10-14,,,,0.0,2026-09-23T16:00:00Z,GENERATOR,gs://well-workover-intervention-data/landing/generator/2026/09/23/well_status_history.parquet,BATCH-GELEKI-20260923-V1
EP-GK-108-012,GK-108,WAITING_ON_RIG,2025-10-15,2025-10-21,GL_LOADING,False,,555.6,2026-09-23T16:00:00Z,GENERATOR,gs://well-workover-intervention-data/landing/generator/2026/09/23/well_status_history.parquet,BATCH-GELEKI-20260923-V1
EP-GK-108-013,GK-108,UNDER_WORKOVER,2025-10-22,2025-10-22,GL_LOADING,False,WO-GK-108-013,138.9,2026-09-23T16:00:00Z,GENERATOR,gs://well-workover-intervention-data/landing/generator/2026/09/23/well_status_history.parquet,BATCH-GELEKI-20260923-V1
EP-GK-108-014,GK-108,PRODUCING,2025-10-23,2026-07-19,,,,0.0,2026-09-23T16:00:00Z,GENERATOR,gs://well-workover-intervention-data/landing/generator/2026/09/23/well_status_history.parquet,BATCH-GELEKI-20260923-V1
EP-GK-108-015,GK-108,WAITING_ON_RIG,2026-07-20,2026-08-20,GL_INJ_ANOMALY,False,,2291.7,2026-09-23T16:00:00Z,GENERATOR,gs://well-workover-intervention-data/landing/generator/2026/09/23/well_status_history.parquet,BATCH-GELEKI-20260923-V1
EP-GK-108-016,GK-108,UNDER_WORKOVER,2026-08-21,2026-08-30,GL_INJ_ANOMALY,False,WO-GK-108-016,763.9,2026-09-23T16:00:00Z,GENERATOR,gs://well-workover-intervention-data/landing/generator/2026/09/23/well_status_history.parquet,BATCH-GELEKI-20260923-V1
EP-GK-108-017,GK-108,PRODUCING,2026-08-31,,,,,0.0,2026-09-23T16:00:00Z,GENERATOR,gs://well-workover-intervention-data/landing/generator/2026/09/23/well_status_history.parquet,BATCH-GELEKI-20260923-V1
EP-GK-109-001,GK-109,UNDER_WORKOVER,2023-10-01,2023-09-30,GL_HEADING,True,WO-GK-109-001,101.9,2026-09-23T16:00:00Z,GENERATOR,gs://well-workover-intervention-data/landing/generator/2026/09/23/well_status_history.parquet,BATCH-GELEKI-20260923-V1
EP-GK-109-002,GK-109,PRODUCING,2023-10-01,2024-03-31,,,,0.0,2026-09-23T16:00:00Z,GENERATOR,gs://well-workover-intervention-data/landing/generator/2026/09/23/well_status_history.parquet,BATCH-GELEKI-20260923-V1
EP-GK-109-003,GK-109,WAITING_ON_RIG,2024-04-01,2024-04-21,GL_LOADING,False,,1121.2,2026-09-23T16:00:00Z,GENERATOR,gs://well-workover-intervention-data/landing/generator/2026/09/23/well_status_history.parquet,BATCH-GELEKI-20260923-V1
EP-GK-109-004,GK-109,UNDER_WORKOVER,2024-04-22,2024-04-27,GL_LOADING,False,WO-GK-109-004,356.7,2026-09-23T16:00:00Z,GENERATOR,gs://well-workover-intervention-data/landing/generator/2026/09/23/well_status_history.parquet,BATCH-GELEKI-20260923-V1
EP-GK-109-005,GK-109,PRODUCING,2024-04-28,2024-11-08,,,,0.0,2026-09-23T16:00:00Z,GENERATOR,gs://well-workover-intervention-data/landing/generator/2026/09/23/well_status_history.parquet,BATCH-GELEKI-20260923-V1
EP-GK-109-006,GK-109,UNDER_WORKOVER,2024-11-09,2024-11-09,GL_HEADING,True,WO-GK-109-006,101.9,2026-09-23T16:00:00Z,GENERATOR,gs://well-workover-intervention-data/landing/generator/2026/09/23/well_status_history.parquet,BATCH-GELEKI-20260923-V1
EP-GK-109-007,GK-109,PRODUCING,2024-11-10,2025-06-21,,,,0.0,2026-09-23T16:00:00Z,GENERATOR,gs://well-workover-intervention-data/landing/generator/2026/09/23/well_status_history.parquet,BATCH-GELEKI-20260923-V1
EP-GK-109-008,GK-109,WAITING_ON_RIG,2025-06-22,2025-07-31,GL_INJ_ANOMALY,False,,2089.5,2026-09-23T16:00:00Z,GENERATOR,gs://well-workover-intervention-data/landing/generator/2026/09/23/well_status_history.parquet,BATCH-GELEKI-20260923-V1
EP-GK-109-009,GK-109,UNDER_WORKOVER,2025-08-01,2025-08-13,GL_INJ_ANOMALY,False,WO-GK-109-009,713.5,2026-09-23T16:00:00Z,GENERATOR,gs://well-workover-intervention-data/landing/generator/2026/09/23/well_status_history.parquet,BATCH-GELEKI-20260923-V1
EP-GK-109-010,GK-109,PRODUCING,2025-08-14,2026-04-21,,,,0.0,2026-09-23T16:00:00Z,GENERATOR,gs://well-workover-intervention-data/landing/generator/2026/09/23/well_status_history.parquet,BATCH-GELEKI-20260923-V1
EP-GK-109-011,GK-109,UNDER_WORKOVER,2026-04-22,2026-04-22,GL_HEADING,True,WO-GK-109-011,101.9,2026-09-23T16:00:00Z,GENERATOR,gs://well-workover-intervention-data/landing/generator/2026/09/23/well_status_history.parquet,BATCH-GELEKI-20260923-V1
EP-GK-109-012,GK-109,PRODUCING,2026-04-23,2026-08-28,,,,0.0,2026-09-23T16:00:00Z,GENERATOR,gs://well-workover-intervention-data/landing/generator/2026/09/23/well_status_history.parquet,BATCH-GELEKI-20260923-V1
EP-GK-109-013,GK-109,UNDER_WORKOVER,2026-08-29,2026-08-29,GL_HEADING,True,WO-GK-109-013,101.9,2026-09-23T16:00:00Z,GENERATOR,gs://well-workover-intervention-data/landing/generator/2026/09/23/well_status_history.parquet,BATCH-GELEKI-20260923-V1
EP-GK-109-014,GK-109,PRODUCING,2026-08-30,,,,,0.0,2026-09-23T16:00:00Z,GENERATOR,gs://well-workover-intervention-data/landing/generator/2026/09/23/well_status_history.parquet,BATCH-GELEKI-20260923-V1
EP-GK-110-001,GK-110,PRODUCING,2023-10-01,2023-11-28,,,,0.0,2026-09-23T16:00:00Z,GENERATOR,gs://well-workover-intervention-data/landing/generator/2026/09/23/well_status_history.parquet,BATCH-GELEKI-20260923-V1
EP-GK-110-002,GK-110,WAITING_ON_RIG,2023-11-29,2023-12-12,SUDDEN_MECH,False,,1358.4,2026-09-23T16:00:00Z,GENERATOR,gs://well-workover-intervention-data/landing/generator/2026/09/23/well_status_history.parquet,BATCH-GELEKI-20260923-V1
EP-GK-110-003,GK-110,UNDER_WORKOVER,2023-12-13,2023-12-16,SUDDEN_MECH,False,WO-GK-110-003,452.8,2026-09-23T16:00:00Z,GENERATOR,gs://well-workover-intervention-data/landing/generator/2026/09/23/well_status_history.parquet,BATCH-GELEKI-20260923-V1
EP-GK-110-004,GK-110,PRODUCING,2023-12-17,2024-04-28,,,,0.0,2026-09-23T16:00:00Z,GENERATOR,gs://well-workover-intervention-data/landing/generator/2026/09/23/well_status_history.parquet,BATCH-GELEKI-20260923-V1
EP-GK-110-005,GK-110,WAITING_ON_RIG,2024-04-29,2024-05-11,PUMP_WEAR,False,,1267.9,2026-09-23T16:00:00Z,GENERATOR,gs://well-workover-intervention-data/landing/generator/2026/09/23/well_status_history.parquet,BATCH-GELEKI-20260923-V1
EP-GK-110-006,GK-110,UNDER_WORKOVER,2024-05-12,2024-05-14,PUMP_WEAR,False,WO-GK-110-006,362.2,2026-09-23T16:00:00Z,GENERATOR,gs://well-workover-intervention-data/landing/generator/2026/09/23/well_status_history.parquet,BATCH-GELEKI-20260923-V1
EP-GK-110-007,GK-110,PRODUCING,2024-05-15,2024-08-16,,,,0.0,2026-09-23T16:00:00Z,GENERATOR,gs://well-workover-intervention-data/landing/generator/2026/09/23/well_status_history.parquet,BATCH-GELEKI-20260923-V1
EP-GK-110-008,GK-110,WAITING_ON_RIG,2024-08-17,2024-10-10,TUBING_LEAK,False,,5071.5,2026-09-23T16:00:00Z,GENERATOR,gs://well-workover-intervention-data/landing/generator/2026/09/23/well_status_history.parquet,BATCH-GELEKI-20260923-V1
EP-GK-110-009,GK-110,UNDER_WORKOVER,2024-10-11,2024-10-27,TUBING_LEAK,False,WO-GK-110-009,1630.1,2026-09-23T16:00:00Z,GENERATOR,gs://well-workover-intervention-data/landing/generator/2026/09/23/well_status_history.parquet,BATCH-GELEKI-20260923-V1
EP-GK-110-010,GK-110,PRODUCING,2024-10-28,2025-03-03,,,,0.0,2026-09-23T16:00:00Z,GENERATOR,gs://well-workover-intervention-data/landing/generator/2026/09/23/well_status_history.parquet,BATCH-GELEKI-20260923-V1
EP-GK-110-011,GK-110,WAITING_ON_RIG,2025-03-04,2025-04-16,WAX,False,,4075.3,2026-09-23T16:00:00Z,GENERATOR,gs://well-workover-intervention-data/landing/generator/2026/09/23/well_status_history.parquet,BATCH-GELEKI-20260923-V1
EP-GK-110-012,GK-110,UNDER_WORKOVER,2025-04-17,2025-04-30,WAX,False,WO-GK-110-012,1358.4,2026-09-23T16:00:00Z,GENERATOR,gs://well-workover-intervention-data/landing/generator/2026/09/23/well_status_history.parquet,BATCH-GELEKI-20260923-V1
EP-GK-110-013,GK-110,PRODUCING,2025-05-01,2025-09-26,,,,0.0,2026-09-23T16:00:00Z,GENERATOR,gs://well-workover-intervention-data/landing/generator/2026/09/23/well_status_history.parquet,BATCH-GELEKI-20260923-V1
EP-GK-110-014,GK-110,WAITING_ON_RIG,2025-09-27,2025-10-27,SUDDEN_MECH,False,,2898.0,2026-09-23T16:00:00Z,GENERATOR,gs://well-workover-intervention-data/landing/generator/2026/09/23/well_status_history.parquet,BATCH-GELEKI-20260923-V1
EP-GK-110-015,GK-110,UNDER_WORKOVER,2025-10-28,2025-11-06,SUDDEN_MECH,False,WO-GK-110-015,996.2,2026-09-23T16:00:00Z,GENERATOR,gs://well-workover-intervention-data/landing/generator/2026/09/23/well_status_history.parquet,BATCH-GELEKI-20260923-V1
EP-GK-110-016,GK-110,PRODUCING,2025-11-07,2026-02-26,,,,0.0,2026-09-23T16:00:00Z,GENERATOR,gs://well-workover-intervention-data/landing/generator/2026/09/23/well_status_history.parquet,BATCH-GELEKI-20260923-V1
EP-GK-110-017,GK-110,WAITING_ON_RIG,2026-02-27,2026-03-03,OTHER,False,,543.4,2026-09-23T16:00:00Z,GENERATOR,gs://well-workover-intervention-data/landing/generator/2026/09/23/well_status_history.parquet,BATCH-GELEKI-20260923-V1
EP-GK-110-018,GK-110,UNDER_WORKOVER,2026-03-04,2026-03-04,OTHER,False,WO-GK-110-018,181.1,2026-09-23T16:00:00Z,GENERATOR,gs://well-workover-intervention-data/landing/generator/2026/09/23/well_status_history.parquet,BATCH-GELEKI-20260923-V1
EP-GK-110-019,GK-110,PRODUCING,2026-03-05,2026-09-08,,,,0.0,2026-09-23T16:00:00Z,GENERATOR,gs://well-workover-intervention-data/landing/generator/2026/09/23/well_status_history.parquet,BATCH-GELEKI-20260923-V1
EP-GK-110-020,GK-110,WAITING_ON_RIG,2026-09-09,,TUBING_LEAK,False,,0.0,2026-09-23T16:00:00Z,GENERATOR,gs://well-workover-intervention-data/landing/generator/2026/09/23/well_status_history.parquet,BATCH-GELEKI-20260923-V1
EP-GK-111-001,GK-111,PRODUCING,2023-10-01,2023-12-04,,,,0.0,2026-09-23T16:00:00Z,GENERATOR,gs://well-workover-intervention-data/landing/generator/2026/09/23/well_status_history.parquet,BATCH-GELEKI-20260923-V1
EP-GK-111-002,GK-111,UNDER_WORKOVER,2023-12-05,2023-12-05,SURFACE,True,WO-GK-111-002,173.3,2026-09-23T16:00:00Z,GENERATOR,gs://well-workover-intervention-data/landing/generator/2026/09/23/well_status_history.parquet,BATCH-GELEKI-20260923-V1
EP-GK-111-003,GK-111,PRODUCING,2023-12-06,2024-03-19,,,,0.0,2026-09-23T16:00:00Z,GENERATOR,gs://well-workover-intervention-data/landing/generator/2026/09/23/well_status_history.parquet,BATCH-GELEKI-20260923-V1
EP-GK-111-004,GK-111,WAITING_ON_RIG,2024-03-20,2024-03-24,OTHER,False,,520.0,2026-09-23T16:00:00Z,GENERATOR,gs://well-workover-intervention-data/landing/generator/2026/09/23/well_status_history.parquet,BATCH-GELEKI-20260923-V1
EP-GK-111-005,GK-111,UNDER_WORKOVER,2024-03-25,2024-03-25,OTHER,False,WO-GK-111-005,173.3,2026-09-23T16:00:00Z,GENERATOR,gs://well-workover-intervention-data/landing/generator/2026/09/23/well_status_history.parquet,BATCH-GELEKI-20260923-V1
EP-GK-111-006,GK-111,PRODUCING,2024-03-26,2025-01-26,,,,0.0,2026-09-23T16:00:00Z,GENERATOR,gs://well-workover-intervention-data/landing/generator/2026/09/23/well_status_history.parquet,BATCH-GELEKI-20260923-V1
EP-GK-111-007,GK-111,WAITING_ON_RIG,2025-01-27,2025-02-05,ROD_PART,False,,953.3,2026-09-23T16:00:00Z,GENERATOR,gs://well-workover-intervention-data/landing/generator/2026/09/23/well_status_history.parquet,BATCH-GELEKI-20260923-V1
EP-GK-111-008,GK-111,UNDER_WORKOVER,2025-02-06,2025-02-08,ROD_PART,False,WO-GK-111-008,346.7,2026-09-23T16:00:00Z,GENERATOR,gs://well-workover-intervention-data/landing/generator/2026/09/23/well_status_history.parquet,BATCH-GELEKI-20260923-V1
EP-GK-111-009,GK-111,PRODUCING,2025-02-09,2025-08-07,,,,0.0,2026-09-23T16:00:00Z,GENERATOR,gs://well-workover-intervention-data/landing/generator/2026/09/23/well_status_history.parquet,BATCH-GELEKI-20260923-V1
EP-GK-111-010,GK-111,UNDER_WORKOVER,2025-08-08,2025-08-08,SURFACE,True,WO-GK-111-010,173.3,2026-09-23T16:00:00Z,GENERATOR,gs://well-workover-intervention-data/landing/generator/2026/09/23/well_status_history.parquet,BATCH-GELEKI-20260923-V1
EP-GK-111-011,GK-111,PRODUCING,2025-08-09,2025-12-04,,,,0.0,2026-09-23T16:00:00Z,GENERATOR,gs://well-workover-intervention-data/landing/generator/2026/09/23/well_status_history.parquet,BATCH-GELEKI-20260923-V1
EP-GK-111-012,GK-111,WAITING_ON_RIG,2025-12-05,2025-12-13,OTHER,False,,866.7,2026-09-23T16:00:00Z,GENERATOR,gs://well-workover-intervention-data/landing/generator/2026/09/23/well_status_history.parquet,BATCH-GELEKI-20260923-V1
EP-GK-111-013,GK-111,UNDER_WORKOVER,2025-12-14,2025-12-15,OTHER,False,WO-GK-111-013,260.0,2026-09-23T16:00:00Z,GENERATOR,gs://well-workover-intervention-data/landing/generator/2026/09/23/well_status_history.parquet,BATCH-GELEKI-20260923-V1
EP-GK-111-014,GK-111,PRODUCING,2025-12-16,2026-04-04,,,,0.0,2026-09-23T16:00:00Z,GENERATOR,gs://well-workover-intervention-data/landing/generator/2026/09/23/well_status_history.parquet,BATCH-GELEKI-20260923-V1
EP-GK-111-015,GK-111,WAITING_ON_RIG,2026-04-05,2026-05-05,ROD_PART,False,,2773.3,2026-09-23T16:00:00Z,GENERATOR,gs://well-workover-intervention-data/landing/generator/2026/09/23/well_status_history.parquet,BATCH-GELEKI-20260923-V1
EP-GK-111-016,GK-111,UNDER_WORKOVER,2026-05-06,2026-05-14,ROD_PART,False,WO-GK-111-016,866.7,2026-09-23T16:00:00Z,GENERATOR,gs://well-workover-intervention-data/landing/generator/2026/09/23/well_status_history.parquet,BATCH-GELEKI-20260923-V1
EP-GK-111-017,GK-111,PRODUCING,2026-05-15,,,,,0.0,2026-09-23T16:00:00Z,GENERATOR,gs://well-workover-intervention-data/landing/generator/2026/09/23/well_status_history.parquet,BATCH-GELEKI-20260923-V1
EP-GK-112-001,GK-112,PRODUCING,2023-10-01,2023-12-28,,,,0.0,2026-09-23T16:00:00Z,GENERATOR,gs://well-workover-intervention-data/landing/generator/2026/09/23/well_status_history.parquet,BATCH-GELEKI-20260923-V1
EP-GK-112-002,GK-112,UNDER_WORKOVER,2023-12-29,2023-12-29,SURFACE,True,WO-GK-112-002,92.8,2026-09-23T16:00:00Z,GENERATOR,gs://well-workover-intervention-data/landing/generator/2026/09/23/well_status_history.parquet,BATCH-GELEKI-20260923-V1
EP-GK-112-003,GK-112,PRODUCING,2023-12-30,2024-10-10,,,,0.0,2026-09-23T16:00:00Z,GENERATOR,gs://well-workover-intervention-data/landing/generator/2026/09/23/well_status_history.parquet,BATCH-GELEKI-20260923-V1
EP-GK-112-004,GK-112,WAITING_ON_RIG,2024-10-11,2024-10-23,TUBING_LEAK,False,,649.6,2026-09-23T16:00:00Z,GENERATOR,gs://well-workover-intervention-data/landing/generator/2026/09/23/well_status_history.parquet,BATCH-GELEKI-20260923-V1
EP-GK-112-005,GK-112,UNDER_WORKOVER,2024-10-24,2024-10-26,TUBING_LEAK,False,WO-GK-112-005,185.6,2026-09-23T16:00:00Z,GENERATOR,gs://well-workover-intervention-data/landing/generator/2026/09/23/well_status_history.parquet,BATCH-GELEKI-20260923-V1
EP-GK-112-006,GK-112,PRODUCING,2024-10-27,2025-11-23,,,,0.0,2026-09-23T16:00:00Z,GENERATOR,gs://well-workover-intervention-data/landing/generator/2026/09/23/well_status_history.parquet,BATCH-GELEKI-20260923-V1
EP-GK-112-007,GK-112,WAITING_ON_RIG,2025-11-24,2025-12-03,SAND,False,,510.4,2026-09-23T16:00:00Z,GENERATOR,gs://well-workover-intervention-data/landing/generator/2026/09/23/well_status_history.parquet,BATCH-GELEKI-20260923-V1
EP-GK-112-008,GK-112,UNDER_WORKOVER,2025-12-04,2025-12-06,SAND,False,WO-GK-112-008,185.6,2026-09-23T16:00:00Z,GENERATOR,gs://well-workover-intervention-data/landing/generator/2026/09/23/well_status_history.parquet,BATCH-GELEKI-20260923-V1
EP-GK-112-009,GK-112,PRODUCING,2025-12-07,2026-05-27,,,,0.0,2026-09-23T16:00:00Z,GENERATOR,gs://well-workover-intervention-data/landing/generator/2026/09/23/well_status_history.parquet,BATCH-GELEKI-20260923-V1
EP-GK-112-010,GK-112,WAITING_ON_RIG,2026-05-28,2026-06-15,SAND,False,,928.0,2026-09-23T16:00:00Z,GENERATOR,gs://well-workover-intervention-data/landing/generator/2026/09/23/well_status_history.parquet,BATCH-GELEKI-20260923-V1
EP-GK-112-011,GK-112,PRODUCING,2026-06-18,,,,,0.0,2026-09-23T16:00:00Z,GENERATOR,gs://well-workover-intervention-data/landing/generator/2026/09/23/well_status_history.parquet,BATCH-GELEKI-20260923-V1
EP-GK-113-001,GK-113,UNDER_WORKOVER,2023-10-01,2023-09-30,SURFACE,True,WO-GK-113-001,92.6,2026-09-23T16:00:00Z,GENERATOR,gs://well-workover-intervention-data/landing/generator/2026/09/23/well_status_history.parquet,BATCH-GELEKI-20260923-V1
EP-GK-113-002,GK-113,PRODUCING,2023-10-01,2024-06-13,,,,0.0,2026-09-23T16:00:00Z,GENERATOR,gs://well-workover-intervention-data/landing/generator/2026/09/23/well_status_history.parquet,BATCH-GELEKI-20260923-V1
EP-GK-113-003,GK-113,UNDER_WORKOVER,2024-06-14,2024-06-14,SURFACE,True,WO-GK-113-003,92.6,2026-09-23T16:00:00Z,GENERATOR,gs://well-workover-intervention-data/landing/generator/2026/09/23/well_status_history.parquet,BATCH-GELEKI-20260923-V1
EP-GK-113-004,GK-113,PRODUCING,2024-06-15,2024-11-02,,,,0.0,2026-09-23T16:00:00Z,GENERATOR,gs://well-workover-intervention-data/landing/generator/2026/09/23/well_status_history.parquet,BATCH-GELEKI-20260923-V1
EP-GK-113-005,GK-113,UNDER_WORKOVER,2024-11-03,2024-11-04,SURFACE,True,WO-GK-113-005,139.0,2026-09-23T16:00:00Z,GENERATOR,gs://well-workover-intervention-data/landing/generator/2026/09/23/well_status_history.parquet,BATCH-GELEKI-20260923-V1
EP-GK-113-006,GK-113,PRODUCING,2024-11-05,2025-07-06,,,,0.0,2026-09-23T16:00:00Z,GENERATOR,gs://well-workover-intervention-data/landing/generator/2026/09/23/well_status_history.parquet,BATCH-GELEKI-20260923-V1
EP-GK-113-007,GK-113,WAITING_ON_RIG,2025-07-07,2025-08-03,ROD_PART,False,,1343.2,2026-09-23T16:00:00Z,GENERATOR,gs://well-workover-intervention-data/landing/generator/2026/09/23/well_status_history.parquet,BATCH-GELEKI-20260923-V1
EP-GK-113-008,GK-113,UNDER_WORKOVER,2025-08-04,2025-08-12,ROD_PART,False,WO-GK-113-008,463.2,2026-09-23T16:00:00Z,GENERATOR,gs://well-workover-intervention-data/landing/generator/2026/09/23/well_status_history.parquet,BATCH-GELEKI-20260923-V1
EP-GK-113-009,GK-113,PRODUCING,2025-08-13,2026-05-10,,,,0.0,2026-09-23T16:00:00Z,GENERATOR,gs://well-workover-intervention-data/landing/generator/2026/09/23/well_status_history.parquet,BATCH-GELEKI-20260923-V1
EP-GK-113-010,GK-113,WAITING_ON_RIG,2026-05-11,2026-07-09,SAND,False,,2825.4,2026-09-23T16:00:00Z,GENERATOR,gs://well-workover-intervention-data/landing/generator/2026/09/23/well_status_history.parquet,BATCH-GELEKI-20260923-V1
EP-GK-113-011,GK-113,UNDER_WORKOVER,2026-07-10,2026-07-28,SAND,False,WO-GK-113-011,926.4,2026-09-23T16:00:00Z,GENERATOR,gs://well-workover-intervention-data/landing/generator/2026/09/23/well_status_history.parquet,BATCH-GELEKI-20260923-V1
EP-GK-113-012,GK-113,PRODUCING,2026-07-29,,,,,0.0,2026-09-23T16:00:00Z,GENERATOR,gs://well-workover-intervention-data/landing/generator/2026/09/23/well_status_history.parquet,BATCH-GELEKI-20260923-V1
EP-GK-114-001,GK-114,WAITING_ON_RIG,2023-10-01,2023-09-30,OTHER,False,,3852.5,2026-09-23T16:00:00Z,GENERATOR,gs://well-workover-intervention-data/landing/generator/2026/09/23/well_status_history.parquet,BATCH-GELEKI-20260923-V1
EP-GK-114-002,GK-114,UNDER_WORKOVER,2023-10-01,2023-10-08,OTHER,False,WO-GK-114-002,1083.5,2026-09-23T16:00:00Z,GENERATOR,gs://well-workover-intervention-data/landing/generator/2026/09/23/well_status_history.parquet,BATCH-GELEKI-20260923-V1
EP-GK-114-003,GK-114,PRODUCING,2023-10-09,2024-01-24,,,,0.0,2026-09-23T16:00:00Z,GENERATOR,gs://well-workover-intervention-data/landing/generator/2026/09/23/well_status_history.parquet,BATCH-GELEKI-20260923-V1
EP-GK-114-004,GK-114,WAITING_ON_RIG,2024-01-25,2024-01-29,ROD_PART,False,,722.3,2026-09-23T16:00:00Z,GENERATOR,gs://well-workover-intervention-data/landing/generator/2026/09/23/well_status_history.parquet,BATCH-GELEKI-20260923-V1
EP-GK-114-005,GK-114,UNDER_WORKOVER,2024-01-30,2024-01-30,ROD_PART,False,WO-GK-114-005,240.8,2026-09-23T16:00:00Z,GENERATOR,gs://well-workover-intervention-data/landing/generator/2026/09/23/well_status_history.parquet,BATCH-GELEKI-20260923-V1
EP-GK-114-006,GK-114,PRODUCING,2024-01-31,2024-08-03,,,,0.0,2026-09-23T16:00:00Z,GENERATOR,gs://well-workover-intervention-data/landing/generator/2026/09/23/well_status_history.parquet,BATCH-GELEKI-20260923-V1
EP-GK-114-007,GK-114,UNDER_WORKOVER,2024-08-04,2024-08-04,SURFACE,True,WO-GK-114-007,240.8,2026-09-23T16:00:00Z,GENERATOR,gs://well-workover-intervention-data/landing/generator/2026/09/23/well_status_history.parquet,BATCH-GELEKI-20260923-V1
EP-GK-114-008,GK-114,PRODUCING,2024-08-05,2024-12-29,,,,0.0,2026-09-23T16:00:00Z,GENERATOR,gs://well-workover-intervention-data/landing/generator/2026/09/23/well_status_history.parquet,BATCH-GELEKI-20260923-V1
EP-GK-114-009,GK-114,WAITING_ON_RIG,2024-12-30,2025-01-04,TUBING_LEAK,False,,842.7,2026-09-23T16:00:00Z,GENERATOR,gs://well-workover-intervention-data/landing/generator/2026/09/23/well_status_history.parquet,BATCH-GELEKI-20260923-V1
EP-GK-114-010,GK-114,UNDER_WORKOVER,2025-01-05,2025-01-05,TUBING_LEAK,False,WO-GK-114-010,240.8,2026-09-23T16:00:00Z,GENERATOR,gs://well-workover-intervention-data/landing/generator/2026/09/23/well_status_history.parquet,BATCH-GELEKI-20260923-V1
EP-GK-114-011,GK-114,PRODUCING,2025-01-06,2025-05-20,,,,0.0,2026-09-23T16:00:00Z,GENERATOR,gs://well-workover-intervention-data/landing/generator/2026/09/23/well_status_history.parquet,BATCH-GELEKI-20260923-V1
EP-GK-114-012,GK-114,WAITING_ON_RIG,2025-05-21,2025-06-03,PUMP_WEAR,False,,1805.9,2026-09-23T16:00:00Z,GENERATOR,gs://well-workover-intervention-data/landing/generator/2026/09/23/well_status_history.parquet,BATCH-GELEKI-20260923-V1
EP-GK-114-013,GK-114,UNDER_WORKOVER,2025-06-04,2025-06-07,PUMP_WEAR,False,WO-GK-114-013,602.0,2026-09-23T16:00:00Z,GENERATOR,gs://well-workover-intervention-data/landing/generator/2026/09/23/well_status_history.parquet,BATCH-GELEKI-20260923-V1
EP-GK-114-014,GK-114,PRODUCING,2025-06-08,2025-11-06,,,,0.0,2026-09-23T16:00:00Z,GENERATOR,gs://well-workover-intervention-data/landing/generator/2026/09/23/well_status_history.parquet,BATCH-GELEKI-20260923-V1
EP-GK-114-015,GK-114,WAITING_ON_RIG,2025-11-07,2025-11-26,OTHER,False,,2528.2,2026-09-23T16:00:00Z,GENERATOR,gs://well-workover-intervention-data/landing/generator/2026/09/23/well_status_history.parquet,BATCH-GELEKI-20260923-V1
EP-GK-114-016,GK-114,UNDER_WORKOVER,2025-11-27,2025-12-02,OTHER,False,WO-GK-114-016,842.7,2026-09-23T16:00:00Z,GENERATOR,gs://well-workover-intervention-data/landing/generator/2026/09/23/well_status_history.parquet,BATCH-GELEKI-20260923-V1
EP-GK-114-017,GK-114,PRODUCING,2025-12-03,2026-05-31,,,,0.0,2026-09-23T16:00:00Z,GENERATOR,gs://well-workover-intervention-data/landing/generator/2026/09/23/well_status_history.parquet,BATCH-GELEKI-20260923-V1
EP-GK-114-018,GK-114,WAITING_ON_RIG,2026-06-01,2026-06-09,TUBING_LEAK,False,,1203.9,2026-09-23T16:00:00Z,GENERATOR,gs://well-workover-intervention-data/landing/generator/2026/09/23/well_status_history.parquet,BATCH-GELEKI-20260923-V1
EP-GK-114-019,GK-114,UNDER_WORKOVER,2026-06-10,2026-06-11,TUBING_LEAK,False,WO-GK-114-019,361.2,2026-09-23T16:00:00Z,GENERATOR,gs://well-workover-intervention-data/landing/generator/2026/09/23/well_status_history.parquet,BATCH-GELEKI-20260923-V1
EP-GK-114-020,GK-114,PRODUCING,2026-06-12,,,,,0.0,2026-09-23T16:00:00Z,GENERATOR,gs://well-workover-intervention-data/landing/generator/2026/09/23/well_status_history.parquet,BATCH-GELEKI-20260923-V1
EP-GK-115-001,GK-115,PRODUCING,2023-10-01,2024-01-08,,,,0.0,2026-09-23T16:00:00Z,GENERATOR,gs://well-workover-intervention-data/landing/generator/2026/09/23/well_status_history.parquet,BATCH-GELEKI-20260923-V1
EP-GK-115-002,GK-115,UNDER_WORKOVER,2024-01-09,2024-01-09,SURFACE,True,WO-GK-115-002,263.3,2026-09-23T16:00:00Z,GENERATOR,gs://well-workover-intervention-data/landing/generator/2026/09/23/well_status_history.parquet,BATCH-GELEKI-20260923-V1
EP-GK-115-003,GK-115,PRODUCING,2024-01-10,2024-04-15,,,,0.0,2026-09-23T16:00:00Z,GENERATOR,gs://well-workover-intervention-data/landing/generator/2026/09/23/well_status_history.parquet,BATCH-GELEKI-20260923-V1
EP-GK-115-004,GK-115,WAITING_ON_RIG,2024-04-16,2024-05-08,TUBING_LEAK,False,,3159.7,2026-09-23T16:00:00Z,GENERATOR,gs://well-workover-intervention-data/landing/generator/2026/09/23/well_status_history.parquet,BATCH-GELEKI-20260923-V1
EP-GK-115-005,GK-115,UNDER_WORKOVER,2024-05-09,2024-05-15,TUBING_LEAK,False,WO-GK-115-005,1053.2,2026-09-23T16:00:00Z,GENERATOR,gs://well-workover-intervention-data/landing/generator/2026/09/23/well_status_history.parquet,BATCH-GELEKI-20260923-V1
EP-GK-115-006,GK-115,PRODUCING,2024-05-16,2024-07-17,,,,0.0,2026-09-23T16:00:00Z,GENERATOR,gs://well-workover-intervention-data/landing/generator/2026/09/23/well_status_history.parquet,BATCH-GELEKI-20260923-V1
EP-GK-115-007,GK-115,UNDER_WORKOVER,2024-07-18,2024-07-19,SURFACE,True,WO-GK-115-007,395.0,2026-09-23T16:00:00Z,GENERATOR,gs://well-workover-intervention-data/landing/generator/2026/09/23/well_status_history.parquet,BATCH-GELEKI-20260923-V1
EP-GK-115-008,GK-115,PRODUCING,2024-07-20,2025-01-07,,,,0.0,2026-09-23T16:00:00Z,GENERATOR,gs://well-workover-intervention-data/landing/generator/2026/09/23/well_status_history.parquet,BATCH-GELEKI-20260923-V1
EP-GK-115-009,GK-115,WAITING_ON_RIG,2025-01-08,2025-01-12,SUDDEN_MECH,False,,789.9,2026-09-23T16:00:00Z,GENERATOR,gs://well-workover-intervention-data/landing/generator/2026/09/23/well_status_history.parquet,BATCH-GELEKI-20260923-V1
EP-GK-115-010,GK-115,UNDER_WORKOVER,2025-01-13,2025-01-13,SUDDEN_MECH,False,WO-GK-115-010,263.3,2026-09-23T16:00:00Z,GENERATOR,gs://well-workover-intervention-data/landing/generator/2026/09/23/well_status_history.parquet,BATCH-GELEKI-20260923-V1
EP-GK-115-011,GK-115,PRODUCING,2025-01-14,2025-05-31,,,,0.0,2026-09-23T16:00:00Z,GENERATOR,gs://well-workover-intervention-data/landing/generator/2026/09/23/well_status_history.parquet,BATCH-GELEKI-20260923-V1
EP-GK-115-012,GK-115,WAITING_ON_RIG,2025-06-01,2025-06-05,TUBING_LEAK,False,,789.9,2026-09-23T16:00:00Z,GENERATOR,gs://well-workover-intervention-data/landing/generator/2026/09/23/well_status_history.parquet,BATCH-GELEKI-20260923-V1
EP-GK-115-013,GK-115,UNDER_WORKOVER,2025-06-06,2025-06-06,TUBING_LEAK,False,WO-GK-115-013,263.3,2026-09-23T16:00:00Z,GENERATOR,gs://well-workover-intervention-data/landing/generator/2026/09/23/well_status_history.parquet,BATCH-GELEKI-20260923-V1
EP-GK-115-014,GK-115,PRODUCING,2025-06-07,2025-10-10,,,,0.0,2026-09-23T16:00:00Z,GENERATOR,gs://well-workover-intervention-data/landing/generator/2026/09/23/well_status_history.parquet,BATCH-GELEKI-20260923-V1
EP-GK-115-015,GK-115,WAITING_ON_RIG,2025-10-11,2025-10-19,TUBING_LEAK,False,,1316.5,2026-09-23T16:00:00Z,GENERATOR,gs://well-workover-intervention-data/landing/generator/2026/09/23/well_status_history.parquet,BATCH-GELEKI-20260923-V1
EP-GK-115-016,GK-115,UNDER_WORKOVER,2025-10-20,2025-10-21,TUBING_LEAK,False,WO-GK-115-016,395.0,2026-09-23T16:00:00Z,GENERATOR,gs://well-workover-intervention-data/landing/generator/2026/09/23/well_status_history.parquet,BATCH-GELEKI-20260923-V1
EP-GK-115-017,GK-115,PRODUCING,2025-10-22,2026-03-11,,,,0.0,2026-09-23T16:00:00Z,GENERATOR,gs://well-workover-intervention-data/landing/generator/2026/09/23/well_status_history.parquet,BATCH-GELEKI-20260923-V1
EP-GK-115-018,GK-115,WAITING_ON_RIG,2026-03-12,2026-03-16,WAX,False,,789.9,2026-09-23T16:00:00Z,GENERATOR,gs://well-workover-intervention-data/landing/generator/2026/09/23/well_status_history.parquet,BATCH-GELEKI-20260923-V1
EP-GK-115-019,GK-115,UNDER_WORKOVER,2026-03-17,2026-03-17,WAX,False,WO-GK-115-019,263.3,2026-09-23T16:00:00Z,GENERATOR,gs://well-workover-intervention-data/landing/generator/2026/09/23/well_status_history.parquet,BATCH-GELEKI-20260923-V1
EP-GK-115-020,GK-115,PRODUCING,2026-03-18,2026-06-12,,,,0.0,2026-09-23T16:00:00Z,GENERATOR,gs://well-workover-intervention-data/landing/generator/2026/09/23/well_status_history.parquet,BATCH-GELEKI-20260923-V1
EP-GK-115-021,GK-115,WAITING_ON_RIG,2026-06-13,2026-07-28,SUDDEN_MECH,False,,6187.8,2026-09-23T16:00:00Z,GENERATOR,gs://well-workover-intervention-data/landing/generator/2026/09/23/well_status_history.parquet,BATCH-GELEKI-20260923-V1
EP-GK-115-022,GK-115,UNDER_WORKOVER,2026-07-29,2026-08-12,SUDDEN_MECH,False,WO-GK-115-022,2106.5,2026-09-23T16:00:00Z,GENERATOR,gs://well-workover-intervention-data/landing/generator/2026/09/23/well_status_history.parquet,BATCH-GELEKI-20260923-V1
EP-GK-115-023,GK-115,PRODUCING,2026-08-13,,,,,0.0,2026-09-23T16:00:00Z,GENERATOR,gs://well-workover-intervention-data/landing/generator/2026/09/23/well_status_history.parquet,BATCH-GELEKI-20260923-V1
EP-GK-116-001,GK-116,PRODUCING,2023-10-01,2024-02-04,,,,0.0,2026-09-23T16:00:00Z,GENERATOR,gs://well-workover-intervention-data/landing/generator/2026/09/23/well_status_history.parquet,BATCH-GELEKI-20260923-V1
EP-GK-116-002,GK-116,WAITING_ON_RIG,2024-02-05,2024-02-22,ROD_PART,False,,1507.5,2026-09-23T16:00:00Z,GENERATOR,gs://well-workover-intervention-data/landing/generator/2026/09/23/well_status_history.parquet,BATCH-GELEKI-20260923-V1
EP-GK-116-003,GK-116,UNDER_WORKOVER,2024-02-23,2024-02-27,ROD_PART,False,WO-GK-116-003,476.1,2026-09-23T16:00:00Z,GENERATOR,gs://well-workover-intervention-data/landing/generator/2026/09/23/well_status_history.parquet,BATCH-GELEKI-20260923-V1
EP-GK-116-004,GK-116,PRODUCING,2024-02-28,2024-08-07,,,,0.0,2026-09-23T16:00:00Z,GENERATOR,gs://well-workover-intervention-data/landing/generator/2026/09/23/well_status_history.parquet,BATCH-GELEKI-20260923-V1
EP-GK-116-005,GK-116,UNDER_WORKOVER,2024-08-08,2024-08-08,SCALE,True,WO-GK-116-005,158.7,2026-09-23T16:00:00Z,GENERATOR,gs://well-workover-intervention-data/landing/generator/2026/09/23/well_status_history.parquet,BATCH-GELEKI-20260923-V1
EP-GK-116-006,GK-116,PRODUCING,2024-08-09,2024-12-14,,,,0.0,2026-09-23T16:00:00Z,GENERATOR,gs://well-workover-intervention-data/landing/generator/2026/09/23/well_status_history.parquet,BATCH-GELEKI-20260923-V1
EP-GK-116-007,GK-116,WAITING_ON_RIG,2024-12-15,2025-01-10,TUBING_LEAK,False,,2221.6,2026-09-23T16:00:00Z,GENERATOR,gs://well-workover-intervention-data/landing/generator/2026/09/23/well_status_history.parquet,BATCH-GELEKI-20260923-V1
EP-GK-116-008,GK-116,UNDER_WORKOVER,2025-01-11,2025-01-19,TUBING_LEAK,False,WO-GK-116-008,793.4,2026-09-23T16:00:00Z,GENERATOR,gs://well-workover-intervention-data/landing/generator/2026/09/23/well_status_history.parquet,BATCH-GELEKI-20260923-V1
EP-GK-116-009,GK-116,PRODUCING,2025-01-20,2025-06-22,,,,0.0,2026-09-23T16:00:00Z,GENERATOR,gs://well-workover-intervention-data/landing/generator/2026/09/23/well_status_history.parquet,BATCH-GELEKI-20260923-V1
EP-GK-116-010,GK-116,WAITING_ON_RIG,2025-06-23,2025-11-22,PUMP_WEAR,False,,12218.7,2026-09-23T16:00:00Z,GENERATOR,gs://well-workover-intervention-data/landing/generator/2026/09/23/well_status_history.parquet,BATCH-GELEKI-20260923-V1
EP-GK-116-011,GK-116,UNDER_WORKOVER,2025-11-23,2026-01-11,PUMP_WEAR,False,WO-GK-116-011,4046.4,2026-09-23T16:00:00Z,GENERATOR,gs://well-workover-intervention-data/landing/generator/2026/09/23/well_status_history.parquet,BATCH-GELEKI-20260923-V1
EP-GK-116-012,GK-116,PRODUCING,2026-01-12,2026-07-10,,,,0.0,2026-09-23T16:00:00Z,GENERATOR,gs://well-workover-intervention-data/landing/generator/2026/09/23/well_status_history.parquet,BATCH-GELEKI-20260923-V1
EP-GK-116-013,GK-116,WAITING_ON_RIG,2026-07-11,2026-07-15,TUBING_LEAK,False,,476.1,2026-09-23T16:00:00Z,GENERATOR,gs://well-workover-intervention-data/landing/generator/2026/09/23/well_status_history.parquet,BATCH-GELEKI-20260923-V1
EP-GK-116-014,GK-116,UNDER_WORKOVER,2026-07-16,2026-07-16,TUBING_LEAK,False,WO-GK-116-014,158.7,2026-09-23T16:00:00Z,GENERATOR,gs://well-workover-intervention-data/landing/generator/2026/09/23/well_status_history.parquet,BATCH-GELEKI-20260923-V1
EP-GK-116-015,GK-116,PRODUCING,2026-07-17,,,,,0.0,2026-09-23T16:00:00Z,GENERATOR,gs://well-workover-intervention-data/landing/generator/2026/09/23/well_status_history.parquet,BATCH-GELEKI-20260923-V1
EP-GK-117-001,GK-117,PRODUCING,2023-10-01,2024-03-03,,,,0.0,2026-09-23T16:00:00Z,GENERATOR,gs://well-workover-intervention-data/landing/generator/2026/09/23/well_status_history.parquet,BATCH-GELEKI-20260923-V1
EP-GK-117-002,GK-117,WAITING_ON_RIG,2024-03-04,2024-03-28,WAX,False,,1697.9,2026-09-23T16:00:00Z,GENERATOR,gs://well-workover-intervention-data/landing/generator/2026/09/23/well_status_history.parquet,BATCH-GELEKI-20260923-V1
EP-GK-117-003,GK-117,UNDER_WORKOVER,2024-03-29,2024-04-05,WAX,False,WO-GK-117-003,587.7,2026-09-23T16:00:00Z,GENERATOR,gs://well-workover-intervention-data/landing/generator/2026/09/23/well_status_history.parquet,BATCH-GELEKI-20260923-V1
EP-GK-117-004,GK-117,PRODUCING,2024-04-06,2024-09-25,,,,0.0,2026-09-23T16:00:00Z,GENERATOR,gs://well-workover-intervention-data/landing/generator/2026/09/23/well_status_history.parquet,BATCH-GELEKI-20260923-V1
EP-GK-117-005,GK-117,WAITING_ON_RIG,2024-09-26,2024-09-30,SUDDEN_MECH,False,,391.8,2026-09-23T16:00:00Z,GENERATOR,gs://well-workover-intervention-data/landing/generator/2026/09/23/well_status_history.parquet,BATCH-GELEKI-20260923-V1
EP-GK-117-006,GK-117,UNDER_WORKOVER,2024-10-01,2024-10-01,SUDDEN_MECH,False,WO-GK-117-006,130.6,2026-09-23T16:00:00Z,GENERATOR,gs://well-workover-intervention-data/landing/generator/2026/09/23/well_status_history.parquet,BATCH-GELEKI-20260923-V1
EP-GK-117-007,GK-117,PRODUCING,2024-10-02,2024-11-30,,,,0.0,2026-09-23T16:00:00Z,GENERATOR,gs://well-workover-intervention-data/landing/generator/2026/09/23/well_status_history.parquet,BATCH-GELEKI-20260923-V1
EP-GK-117-008,GK-117,WAITING_ON_RIG,2024-12-01,2024-12-19,ROD_PART,False,,1306.0,2026-09-23T16:00:00Z,GENERATOR,gs://well-workover-intervention-data/landing/generator/2026/09/23/well_status_history.parquet,BATCH-GELEKI-20260923-V1
EP-GK-117-009,GK-117,UNDER_WORKOVER,2024-12-20,2024-12-24,ROD_PART,False,WO-GK-117-009,391.8,2026-09-23T16:00:00Z,GENERATOR,gs://well-workover-intervention-data/landing/generator/2026/09/23/well_status_history.parquet,BATCH-GELEKI-20260923-V1
EP-GK-117-010,GK-117,PRODUCING,2024-12-25,2025-05-20,,,,0.0,2026-09-23T16:00:00Z,GENERATOR,gs://well-workover-intervention-data/landing/generator/2026/09/23/well_status_history.parquet,BATCH-GELEKI-20260923-V1
EP-GK-117-011,GK-117,WAITING_ON_RIG,2025-05-21,2025-06-19,TUBING_LEAK,False,,2024.4,2026-09-23T16:00:00Z,GENERATOR,gs://well-workover-intervention-data/landing/generator/2026/09/23/well_status_history.parquet,BATCH-GELEKI-20260923-V1
EP-GK-117-012,GK-117,UNDER_WORKOVER,2025-06-20,2025-06-28,TUBING_LEAK,False,WO-GK-117-012,653.0,2026-09-23T16:00:00Z,GENERATOR,gs://well-workover-intervention-data/landing/generator/2026/09/23/well_status_history.parquet,BATCH-GELEKI-20260923-V1
EP-GK-117-013,GK-117,PRODUCING,2025-06-29,2025-12-27,,,,0.0,2026-09-23T16:00:00Z,GENERATOR,gs://well-workover-intervention-data/landing/generator/2026/09/23/well_status_history.parquet,BATCH-GELEKI-20260923-V1
EP-GK-117-014,GK-117,WAITING_ON_RIG,2025-12-28,2026-01-14,ROD_PART,False,,1240.7,2026-09-23T16:00:00Z,GENERATOR,gs://well-workover-intervention-data/landing/generator/2026/09/23/well_status_history.parquet,BATCH-GELEKI-20260923-V1
EP-GK-117-015,GK-117,UNDER_WORKOVER,2026-01-15,2026-01-19,ROD_PART,False,WO-GK-117-015,391.8,2026-09-23T16:00:00Z,GENERATOR,gs://well-workover-intervention-data/landing/generator/2026/09/23/well_status_history.parquet,BATCH-GELEKI-20260923-V1
EP-GK-117-016,GK-117,PRODUCING,2026-01-20,2026-04-21,,,,0.0,2026-09-23T16:00:00Z,GENERATOR,gs://well-workover-intervention-data/landing/generator/2026/09/23/well_status_history.parquet,BATCH-GELEKI-20260923-V1
EP-GK-117-017,GK-117,UNDER_WORKOVER,2026-04-22,2026-04-23,WAX,True,WO-GK-117-017,195.9,2026-09-23T16:00:00Z,GENERATOR,gs://well-workover-intervention-data/landing/generator/2026/09/23/well_status_history.parquet,BATCH-GELEKI-20260923-V1
EP-GK-117-018,GK-117,PRODUCING,2026-04-24,,,,,0.0,2026-09-23T16:00:00Z,GENERATOR,gs://well-workover-intervention-data/landing/generator/2026/09/23/well_status_history.parquet,BATCH-GELEKI-20260923-V1
EP-GK-118-001,GK-118,WAITING_ON_RIG,2023-10-01,2023-10-13,ROD_PART,False,,3725.4,2026-09-23T16:00:00Z,GENERATOR,gs://well-workover-intervention-data/landing/generator/2026/09/23/well_status_history.parquet,BATCH-GELEKI-20260923-V1
EP-GK-118-002,GK-118,UNDER_WORKOVER,2023-10-14,2023-10-28,ROD_PART,False,WO-GK-118-002,1216.5,2026-09-23T16:00:00Z,GENERATOR,gs://well-workover-intervention-data/landing/generator/2026/09/23/well_status_history.parquet,BATCH-GELEKI-20260923-V1
EP-GK-118-003,GK-118,PRODUCING,2023-10-29,2024-04-19,,,,0.0,2026-09-23T16:00:00Z,GENERATOR,gs://well-workover-intervention-data/landing/generator/2026/09/23/well_status_history.parquet,BATCH-GELEKI-20260923-V1
EP-GK-118-004,GK-118,WAITING_ON_RIG,2024-04-20,2024-04-26,WAX,False,,608.2,2026-09-23T16:00:00Z,GENERATOR,gs://well-workover-intervention-data/landing/generator/2026/09/23/well_status_history.parquet,BATCH-GELEKI-20260923-V1
EP-GK-118-005,GK-118,UNDER_WORKOVER,2024-04-27,2024-04-28,WAX,False,WO-GK-118-005,228.1,2026-09-23T16:00:00Z,GENERATOR,gs://well-workover-intervention-data/landing/generator/2026/09/23/well_status_history.parquet,BATCH-GELEKI-20260923-V1
EP-GK-118-006,GK-118,PRODUCING,2024-04-29,2024-12-08,,,,0.0,2026-09-23T16:00:00Z,GENERATOR,gs://well-workover-intervention-data/landing/generator/2026/09/23/well_status_history.parquet,BATCH-GELEKI-20260923-V1
EP-GK-118-007,GK-118,UNDER_WORKOVER,2024-12-09,2024-12-09,SURFACE,True,WO-GK-118-007,152.1,2026-09-23T16:00:00Z,GENERATOR,gs://well-workover-intervention-data/landing/generator/2026/09/23/well_status_history.parquet,BATCH-GELEKI-20260923-V1
EP-GK-118-008,GK-118,PRODUCING,2024-12-10,2025-06-28,,,,0.0,2026-09-23T16:00:00Z,GENERATOR,gs://well-workover-intervention-data/landing/generator/2026/09/23/well_status_history.parquet,BATCH-GELEKI-20260923-V1
EP-GK-118-009,GK-118,UNDER_WORKOVER,2025-06-29,2025-06-30,SURFACE,True,WO-GK-118-009,228.1,2026-09-23T16:00:00Z,GENERATOR,gs://well-workover-intervention-data/landing/generator/2026/09/23/well_status_history.parquet,BATCH-GELEKI-20260923-V1
EP-GK-118-010,GK-118,PRODUCING,2025-07-01,2025-11-08,,,,0.0,2026-09-23T16:00:00Z,GENERATOR,gs://well-workover-intervention-data/landing/generator/2026/09/23/well_status_history.parquet,BATCH-GELEKI-20260923-V1
EP-GK-118-011,GK-118,UNDER_WORKOVER,2025-11-09,2025-11-09,SCALE,True,WO-GK-118-011,152.1,2026-09-23T16:00:00Z,GENERATOR,gs://well-workover-intervention-data/landing/generator/2026/09/23/well_status_history.parquet,BATCH-GELEKI-20260923-V1
EP-GK-118-012,GK-118,PRODUCING,2025-11-10,2026-06-05,,,,0.0,2026-09-23T16:00:00Z,GENERATOR,gs://well-workover-intervention-data/landing/generator/2026/09/23/well_status_history.parquet,BATCH-GELEKI-20260923-V1
EP-GK-118-013,GK-118,UNDER_WORKOVER,2026-06-06,2026-06-06,SURFACE,True,WO-GK-118-013,152.1,2026-09-23T16:00:00Z,GENERATOR,gs://well-workover-intervention-data/landing/generator/2026/09/23/well_status_history.parquet,BATCH-GELEKI-20260923-V1
EP-GK-118-014,GK-118,PRODUCING,2026-06-07,,,,,0.0,2026-09-23T16:00:00Z,GENERATOR,gs://well-workover-intervention-data/landing/generator/2026/09/23/well_status_history.parquet,BATCH-GELEKI-20260923-V1
EP-GK-119-001,GK-119,PRODUCING,2023-10-01,2023-11-26,,,,0.0,2026-09-23T16:00:00Z,GENERATOR,gs://well-workover-intervention-data/landing/generator/2026/09/23/well_status_history.parquet,BATCH-GELEKI-20260923-V1
EP-GK-119-002,GK-119,WAITING_ON_RIG,2023-11-27,2023-12-15,SAND,False,,1730.4,2026-09-23T16:00:00Z,GENERATOR,gs://well-workover-intervention-data/landing/generator/2026/09/23/well_status_history.parquet,BATCH-GELEKI-20260923-V1
EP-GK-119-003,GK-119,UNDER_WORKOVER,2023-12-16,2023-12-21,SAND,False,WO-GK-119-003,605.6,2026-09-23T16:00:00Z,GENERATOR,gs://well-workover-intervention-data/landing/generator/2026/09/23/well_status_history.parquet,BATCH-GELEKI-20260923-V1
EP-GK-119-004,GK-119,PRODUCING,2023-12-22,2024-03-27,,,,0.0,2026-09-23T16:00:00Z,GENERATOR,gs://well-workover-intervention-data/landing/generator/2026/09/23/well_status_history.parquet,BATCH-GELEKI-20260923-V1
EP-GK-119-005,GK-119,WAITING_ON_RIG,2024-03-28,2024-04-05,SAND,False,,865.2,2026-09-23T16:00:00Z,GENERATOR,gs://well-workover-intervention-data/landing/generator/2026/09/23/well_status_history.parquet,BATCH-GELEKI-20260923-V1
EP-GK-119-006,GK-119,UNDER_WORKOVER,2024-04-06,2024-04-07,SAND,False,WO-GK-119-006,259.6,2026-09-23T16:00:00Z,GENERATOR,gs://well-workover-intervention-data/landing/generator/2026/09/23/well_status_history.parquet,BATCH-GELEKI-20260923-V1
EP-GK-119-007,GK-119,PRODUCING,2024-04-08,2024-08-28,,,,0.0,2026-09-23T16:00:00Z,GENERATOR,gs://well-workover-intervention-data/landing/generator/2026/09/23/well_status_history.parquet,BATCH-GELEKI-20260923-V1
EP-GK-119-008,GK-119,WAITING_ON_RIG,2024-08-29,2024-09-16,WAX,False,,1730.4,2026-09-23T16:00:00Z,GENERATOR,gs://well-workover-intervention-data/landing/generator/2026/09/23/well_status_history.parquet,BATCH-GELEKI-20260923-V1
EP-GK-119-009,GK-119,UNDER_WORKOVER,2024-09-17,2024-09-22,WAX,False,WO-GK-119-009,605.6,2026-09-23T16:00:00Z,GENERATOR,gs://well-workover-intervention-data/landing/generator/2026/09/23/well_status_history.parquet,BATCH-GELEKI-20260923-V1
EP-GK-119-010,GK-119,PRODUCING,2024-09-23,2025-03-13,,,,0.0,2026-09-23T16:00:00Z,GENERATOR,gs://well-workover-intervention-data/landing/generator/2026/09/23/well_status_history.parquet,BATCH-GELEKI-20260923-V1
EP-GK-119-011,GK-119,UNDER_WORKOVER,2025-03-14,2025-03-15,SURFACE,True,WO-GK-119-011,259.6,2026-09-23T16:00:00Z,GENERATOR,gs://well-workover-intervention-data/landing/generator/2026/09/23/well_status_history.parquet,BATCH-GELEKI-20260923-V1
EP-GK-119-012,GK-119,PRODUCING,2025-03-16,2025-06-19,,,,0.0,2026-09-23T16:00:00Z,GENERATOR,gs://well-workover-intervention-data/landing/generator/2026/09/23/well_status_history.parquet,BATCH-GELEKI-20260923-V1
EP-GK-119-013,GK-119,WAITING_ON_RIG,2025-06-20,2025-06-27,WAX,False,,778.7,2026-09-23T16:00:00Z,GENERATOR,gs://well-workover-intervention-data/landing/generator/2026/09/23/well_status_history.parquet,BATCH-GELEKI-20260923-V1
EP-GK-119-014,GK-119,UNDER_WORKOVER,2025-06-28,2025-06-29,WAX,False,WO-GK-119-014,259.6,2026-09-23T16:00:00Z,GENERATOR,gs://well-workover-intervention-data/landing/generator/2026/09/23/well_status_history.parquet,BATCH-GELEKI-20260923-V1
EP-GK-119-015,GK-119,PRODUCING,2025-06-30,2025-11-01,,,,0.0,2026-09-23T16:00:00Z,GENERATOR,gs://well-workover-intervention-data/landing/generator/2026/09/23/well_status_history.parquet,BATCH-GELEKI-20260923-V1
EP-GK-119-016,GK-119,WAITING_ON_RIG,2025-11-02,2025-12-31,WAX,False,,5277.6,2026-09-23T16:00:00Z,GENERATOR,gs://well-workover-intervention-data/landing/generator/2026/09/23/well_status_history.parquet,BATCH-GELEKI-20260923-V1
EP-GK-119-017,GK-119,UNDER_WORKOVER,2026-01-01,2026-01-19,WAX,False,WO-GK-119-017,1730.4,2026-09-23T16:00:00Z,GENERATOR,gs://well-workover-intervention-data/landing/generator/2026/09/23/well_status_history.parquet,BATCH-GELEKI-20260923-V1
EP-GK-119-018,GK-119,PRODUCING,2026-01-20,2026-07-04,,,,0.0,2026-09-23T16:00:00Z,GENERATOR,gs://well-workover-intervention-data/landing/generator/2026/09/23/well_status_history.parquet,BATCH-GELEKI-20260923-V1
EP-GK-119-019,GK-119,WAITING_ON_RIG,2026-07-05,2026-07-11,SAND,False,,692.1,2026-09-23T16:00:00Z,GENERATOR,gs://well-workover-intervention-data/landing/generator/2026/09/23/well_status_history.parquet,BATCH-GELEKI-20260923-V1
EP-GK-119-020,GK-119,UNDER_WORKOVER,2026-07-12,2026-07-13,SAND,False,WO-GK-119-020,259.6,2026-09-23T16:00:00Z,GENERATOR,gs://well-workover-intervention-data/landing/generator/2026/09/23/well_status_history.parquet,BATCH-GELEKI-20260923-V1
EP-GK-119-021,GK-119,PRODUCING,2026-07-14,2026-09-07,,,,0.0,2026-09-23T16:00:00Z,GENERATOR,gs://well-workover-intervention-data/landing/generator/2026/09/23/well_status_history.parquet,BATCH-GELEKI-20260923-V1
EP-GK-119-022,GK-119,UNDER_WORKOVER,2026-09-08,2026-09-08,SURFACE,True,WO-GK-119-022,173.0,2026-09-23T16:00:00Z,GENERATOR,gs://well-workover-intervention-data/landing/generator/2026/09/23/well_status_history.parquet,BATCH-GELEKI-20260923-V1
EP-GK-119-023,GK-119,PRODUCING,2026-09-09,,,,,0.0,2026-09-23T16:00:00Z,GENERATOR,gs://well-workover-intervention-data/landing/generator/2026/09/23/well_status_history.parquet,BATCH-GELEKI-20260923-V1
EP-GK-120-001,GK-120,PRODUCING,2023-10-01,2023-12-25,,,,0.0,2026-09-23T16:00:00Z,GENERATOR,gs://well-workover-intervention-data/landing/generator/2026/09/23/well_status_history.parquet,BATCH-GELEKI-20260923-V1
EP-GK-120-002,GK-120,WAITING_ON_RIG,2023-12-26,2024-04-30,ROD_PART,False,,15883.0,2026-09-23T16:00:00Z,GENERATOR,gs://well-workover-intervention-data/landing/generator/2026/09/23/well_status_history.parquet,BATCH-GELEKI-20260923-V1
EP-GK-120-003,GK-120,UNDER_WORKOVER,2024-05-01,2024-06-10,ROD_PART,False,WO-GK-120-003,5211.6,2026-09-23T16:00:00Z,GENERATOR,gs://well-workover-intervention-data/landing/generator/2026/09/23/well_status_history.parquet,BATCH-GELEKI-20260923-V1
EP-GK-120-004,GK-120,PRODUCING,2024-06-11,2024-10-02,,,,0.0,2026-09-23T16:00:00Z,GENERATOR,gs://well-workover-intervention-data/landing/generator/2026/09/23/well_status_history.parquet,BATCH-GELEKI-20260923-V1
EP-GK-120-005,GK-120,WAITING_ON_RIG,2024-10-03,2024-10-11,TUBING_LEAK,False,,1240.9,2026-09-23T16:00:00Z,GENERATOR,gs://well-workover-intervention-data/landing/generator/2026/09/23/well_status_history.parquet,BATCH-GELEKI-20260923-V1
EP-GK-120-006,GK-120,UNDER_WORKOVER,2024-10-12,2024-10-13,TUBING_LEAK,False,WO-GK-120-006,372.3,2026-09-23T16:00:00Z,GENERATOR,gs://well-workover-intervention-data/landing/generator/2026/09/23/well_status_history.parquet,BATCH-GELEKI-20260923-V1
EP-GK-120-007,GK-120,PRODUCING,2024-10-14,2024-12-21,,,,0.0,2026-09-23T16:00:00Z,GENERATOR,gs://well-workover-intervention-data/landing/generator/2026/09/23/well_status_history.parquet,BATCH-GELEKI-20260923-V1
EP-GK-120-008,GK-120,WAITING_ON_RIG,2024-12-22,2025-01-19,TUBING_LEAK,False,,3722.6,2026-09-23T16:00:00Z,GENERATOR,gs://well-workover-intervention-data/landing/generator/2026/09/23/well_status_history.parquet,BATCH-GELEKI-20260923-V1
EP-GK-120-009,GK-120,UNDER_WORKOVER,2025-01-20,2025-01-28,TUBING_LEAK,False,WO-GK-120-009,1240.9,2026-09-23T16:00:00Z,GENERATOR,gs://well-workover-intervention-data/landing/generator/2026/09/23/well_status_history.parquet,BATCH-GELEKI-20260923-V1
EP-GK-120-010,GK-120,PRODUCING,2025-01-29,2025-07-20,,,,0.0,2026-09-23T16:00:00Z,GENERATOR,gs://well-workover-intervention-data/landing/generator/2026/09/23/well_status_history.parquet,BATCH-GELEKI-20260923-V1
EP-GK-120-011,GK-120,WAITING_ON_RIG,2025-07-21,2025-08-14,ROD_PART,False,,3226.2,2026-09-23T16:00:00Z,GENERATOR,gs://well-workover-intervention-data/landing/generator/2026/09/23/well_status_history.parquet,BATCH-GELEKI-20260923-V1
EP-GK-120-012,GK-120,UNDER_WORKOVER,2025-08-15,2025-08-21,ROD_PART,False,WO-GK-120-012,992.7,2026-09-23T16:00:00Z,GENERATOR,gs://well-workover-intervention-data/landing/generator/2026/09/23/well_status_history.parquet,BATCH-GELEKI-20260923-V1
EP-GK-120-013,GK-120,PRODUCING,2025-08-22,2025-12-15,,,,0.0,2026-09-23T16:00:00Z,GENERATOR,gs://well-workover-intervention-data/landing/generator/2026/09/23/well_status_history.parquet,BATCH-GELEKI-20260923-V1
EP-GK-120-014,GK-120,WAITING_ON_RIG,2025-12-16,2026-02-14,ROD_PART,False,,7693.3,2026-09-23T16:00:00Z,GENERATOR,gs://well-workover-intervention-data/landing/generator/2026/09/23/well_status_history.parquet,BATCH-GELEKI-20260923-V1
EP-GK-120-015,GK-120,UNDER_WORKOVER,2026-02-15,2026-03-06,ROD_PART,False,WO-GK-120-015,2605.8,2026-09-23T16:00:00Z,GENERATOR,gs://well-workover-intervention-data/landing/generator/2026/09/23/well_status_history.parquet,BATCH-GELEKI-20260923-V1
EP-GK-120-016,GK-120,PRODUCING,2026-03-07,2026-05-11,,,,0.0,2026-09-23T16:00:00Z,GENERATOR,gs://well-workover-intervention-data/landing/generator/2026/09/23/well_status_history.parquet,BATCH-GELEKI-20260923-V1
EP-GK-120-017,GK-120,WAITING_ON_RIG,2026-05-12,2026-05-21,SUDDEN_MECH,False,,1364.9,2026-09-23T16:00:00Z,GENERATOR,gs://well-workover-intervention-data/landing/generator/2026/09/23/well_status_history.parquet,BATCH-GELEKI-20260923-V1
EP-GK-120-018,GK-120,UNDER_WORKOVER,2026-05-22,2026-05-24,SUDDEN_MECH,False,WO-GK-120-018,496.3,2026-09-23T16:00:00Z,GENERATOR,gs://well-workover-intervention-data/landing/generator/2026/09/23/well_status_history.parquet,BATCH-GELEKI-20260923-V1
EP-GK-120-019,GK-120,PRODUCING,2026-05-25,,,,,0.0,2026-09-23T16:00:00Z,GENERATOR,gs://well-workover-intervention-data/landing/generator/2026/09/23/well_status_history.parquet,BATCH-GELEKI-20260923-V1
EP-GK-121-001,GK-121,PRODUCING,2023-10-01,2024-02-01,,,,0.0,2026-09-23T16:00:00Z,GENERATOR,gs://well-workover-intervention-data/landing/generator/2026/09/23/well_status_history.parquet,BATCH-GELEKI-20260923-V1
EP-GK-121-002,GK-121,UNDER_WORKOVER,2024-02-02,2024-02-02,SURFACE,True,WO-GK-121-002,152.9,2026-09-23T16:00:00Z,GENERATOR,gs://well-workover-intervention-data/landing/generator/2026/09/23/well_status_history.parquet,BATCH-GELEKI-20260923-V1
EP-GK-121-003,GK-121,PRODUCING,2024-02-03,2024-08-23,,,,0.0,2026-09-23T16:00:00Z,GENERATOR,gs://well-workover-intervention-data/landing/generator/2026/09/23/well_status_history.parquet,BATCH-GELEKI-20260923-V1
EP-GK-121-004,GK-121,WAITING_ON_RIG,2024-08-24,2024-10-15,SAND,False,,4127.7,2026-09-23T16:00:00Z,GENERATOR,gs://well-workover-intervention-data/landing/generator/2026/09/23/well_status_history.parquet,BATCH-GELEKI-20260923-V1
EP-GK-121-005,GK-121,UNDER_WORKOVER,2024-10-16,2024-11-01,SAND,False,WO-GK-121-005,1375.9,2026-09-23T16:00:00Z,GENERATOR,gs://well-workover-intervention-data/landing/generator/2026/09/23/well_status_history.parquet,BATCH-GELEKI-20260923-V1
EP-GK-121-006,GK-121,PRODUCING,2024-11-02,2025-05-14,,,,0.0,2026-09-23T16:00:00Z,GENERATOR,gs://well-workover-intervention-data/landing/generator/2026/09/23/well_status_history.parquet,BATCH-GELEKI-20260923-V1
EP-GK-121-007,GK-121,WAITING_ON_RIG,2025-05-15,2025-06-02,TUBING_LEAK,False,,1528.8,2026-09-23T16:00:00Z,GENERATOR,gs://well-workover-intervention-data/landing/generator/2026/09/23/well_status_history.parquet,BATCH-GELEKI-20260923-V1
EP-GK-121-008,GK-121,UNDER_WORKOVER,2025-06-03,2025-06-08,TUBING_LEAK,False,WO-GK-121-008,535.1,2026-09-23T16:00:00Z,GENERATOR,gs://well-workover-intervention-data/landing/generator/2026/09/23/well_status_history.parquet,BATCH-GELEKI-20260923-V1
EP-GK-121-009,GK-121,PRODUCING,2025-06-09,2025-12-19,,,,0.0,2026-09-23T16:00:00Z,GENERATOR,gs://well-workover-intervention-data/landing/generator/2026/09/23/well_status_history.parquet,BATCH-GELEKI-20260923-V1
EP-GK-121-010,GK-121,UNDER_WORKOVER,2025-12-20,2025-12-20,SURFACE,True,WO-GK-121-010,152.9,2026-09-23T16:00:00Z,GENERATOR,gs://well-workover-intervention-data/landing/generator/2026/09/23/well_status_history.parquet,BATCH-GELEKI-20260923-V1
EP-GK-121-011,GK-121,PRODUCING,2025-12-21,2026-08-11,,,,0.0,2026-09-23T16:00:00Z,GENERATOR,gs://well-workover-intervention-data/landing/generator/2026/09/23/well_status_history.parquet,BATCH-GELEKI-20260923-V1
EP-GK-121-012,GK-121,WAITING_ON_RIG,2026-08-12,,TUBING_LEAK,False,,0.0,2026-09-23T16:00:00Z,GENERATOR,gs://well-workover-intervention-data/landing/generator/2026/09/23/well_status_history.parquet,BATCH-GELEKI-20260923-V1
EP-GK-122-001,GK-122,PRODUCING,2023-10-01,2023-11-21,,,,0.0,2026-09-23T16:00:00Z,GENERATOR,gs://well-workover-intervention-data/landing/generator/2026/09/23/well_status_history.parquet,BATCH-GELEKI-20260923-V1
EP-GK-122-002,GK-122,WAITING_ON_RIG,2023-11-22,2023-12-04,TUBING_LEAK,False,,1173.1,2026-09-23T16:00:00Z,GENERATOR,gs://well-workover-intervention-data/landing/generator/2026/09/23/well_status_history.parquet,BATCH-GELEKI-20260923-V1
EP-GK-122-003,GK-122,UNDER_WORKOVER,2023-12-05,2023-12-07,TUBING_LEAK,False,WO-GK-122-003,335.2,2026-09-23T16:00:00Z,GENERATOR,gs://well-workover-intervention-data/landing/generator/2026/09/23/well_status_history.parquet,BATCH-GELEKI-20260923-V1
EP-GK-122-004,GK-122,PRODUCING,2023-12-08,2024-03-10,,,,0.0,2026-09-23T16:00:00Z,GENERATOR,gs://well-workover-intervention-data/landing/generator/2026/09/23/well_status_history.parquet,BATCH-GELEKI-20260923-V1
EP-GK-122-005,GK-122,UNDER_WORKOVER,2024-03-11,2024-03-12,WAX,True,WO-GK-122-005,251.4,2026-09-23T16:00:00Z,GENERATOR,gs://well-workover-intervention-data/landing/generator/2026/09/23/well_status_history.parquet,BATCH-GELEKI-20260923-V1
EP-GK-122-006,GK-122,PRODUCING,2024-03-13,2024-06-09,,,,0.0,2026-09-23T16:00:00Z,GENERATOR,gs://well-workover-intervention-data/landing/generator/2026/09/23/well_status_history.parquet,BATCH-GELEKI-20260923-V1
EP-GK-122-007,GK-122,WAITING_ON_RIG,2024-06-10,2024-06-16,TUBING_LEAK,False,,670.4,2026-09-23T16:00:00Z,GENERATOR,gs://well-workover-intervention-data/landing/generator/2026/09/23/well_status_history.parquet,BATCH-GELEKI-20260923-V1
EP-GK-122-008,GK-122,UNDER_WORKOVER,2024-06-17,2024-06-18,TUBING_LEAK,False,WO-GK-122-008,251.4,2026-09-23T16:00:00Z,GENERATOR,gs://well-workover-intervention-data/landing/generator/2026/09/23/well_status_history.parquet,BATCH-GELEKI-20260923-V1
EP-GK-122-009,GK-122,PRODUCING,2024-06-19,2024-09-10,,,,0.0,2026-09-23T16:00:00Z,GENERATOR,gs://well-workover-intervention-data/landing/generator/2026/09/23/well_status_history.parquet,BATCH-GELEKI-20260923-V1
EP-GK-122-010,GK-122,WAITING_ON_RIG,2024-09-11,2024-09-23,ROD_PART,False,,1173.1,2026-09-23T16:00:00Z,GENERATOR,gs://well-workover-intervention-data/landing/generator/2026/09/23/well_status_history.parquet,BATCH-GELEKI-20260923-V1
EP-GK-122-011,GK-122,UNDER_WORKOVER,2024-09-24,2024-09-26,ROD_PART,False,WO-GK-122-011,335.2,2026-09-23T16:00:00Z,GENERATOR,gs://well-workover-intervention-data/landing/generator/2026/09/23/well_status_history.parquet,BATCH-GELEKI-20260923-V1
EP-GK-122-012,GK-122,PRODUCING,2024-09-27,2025-03-09,,,,0.0,2026-09-23T16:00:00Z,GENERATOR,gs://well-workover-intervention-data/landing/generator/2026/09/23/well_status_history.parquet,BATCH-GELEKI-20260923-V1
EP-GK-122-013,GK-122,WAITING_ON_RIG,2025-03-10,2025-03-22,PUMP_WEAR,False,,1173.1,2026-09-23T16:00:00Z,GENERATOR,gs://well-workover-intervention-data/landing/generator/2026/09/23/well_status_history.parquet,BATCH-GELEKI-20260923-V1
EP-GK-122-014,GK-122,UNDER_WORKOVER,2025-03-23,2025-03-26,PUMP_WEAR,False,WO-GK-122-014,419.0,2026-09-23T16:00:00Z,GENERATOR,gs://well-workover-intervention-data/landing/generator/2026/09/23/well_status_history.parquet,BATCH-GELEKI-20260923-V1
EP-GK-122-015,GK-122,PRODUCING,2025-03-27,2025-09-01,,,,0.0,2026-09-23T16:00:00Z,GENERATOR,gs://well-workover-intervention-data/landing/generator/2026/09/23/well_status_history.parquet,BATCH-GELEKI-20260923-V1
EP-GK-122-016,GK-122,WAITING_ON_RIG,2025-09-02,2025-09-07,TUBING_LEAK,False,,586.6,2026-09-23T16:00:00Z,GENERATOR,gs://well-workover-intervention-data/landing/generator/2026/09/23/well_status_history.parquet,BATCH-GELEKI-20260923-V1
EP-GK-122-017,GK-122,UNDER_WORKOVER,2025-09-08,2025-09-08,TUBING_LEAK,False,WO-GK-122-017,167.6,2026-09-23T16:00:00Z,GENERATOR,gs://well-workover-intervention-data/landing/generator/2026/09/23/well_status_history.parquet,BATCH-GELEKI-20260923-V1
EP-GK-122-018,GK-122,PRODUCING,2025-09-09,2026-02-04,,,,0.0,2026-09-23T16:00:00Z,GENERATOR,gs://well-workover-intervention-data/landing/generator/2026/09/23/well_status_history.parquet,BATCH-GELEKI-20260923-V1
EP-GK-122-019,GK-122,WAITING_ON_RIG,2026-02-05,2026-05-23,TUBING_LEAK,False,,9133.6,2026-09-23T16:00:00Z,GENERATOR,gs://well-workover-intervention-data/landing/generator/2026/09/23/well_status_history.parquet,BATCH-GELEKI-20260923-V1
EP-GK-122-020,GK-122,UNDER_WORKOVER,2026-05-24,2026-06-27,TUBING_LEAK,False,WO-GK-122-020,3016.6,2026-09-23T16:00:00Z,GENERATOR,gs://well-workover-intervention-data/landing/generator/2026/09/23/well_status_history.parquet,BATCH-GELEKI-20260923-V1
EP-GK-122-021,GK-122,PRODUCING,2026-06-28,,,,,0.0,2026-09-23T16:00:00Z,GENERATOR,gs://well-workover-intervention-data/landing/generator/2026/09/23/well_status_history.parquet,BATCH-GELEKI-20260923-V1
EP-GK-123-001,GK-123,PRODUCING,2023-10-01,2024-04-09,,,,0.0,2026-09-23T16:00:00Z,GENERATOR,gs://well-workover-intervention-data/landing/generator/2026/09/23/well_status_history.parquet,BATCH-GELEKI-20260923-V1
EP-GK-123-002,GK-123,WAITING_ON_RIG,2024-04-10,2024-06-08,TUBING_LEAK,False,,4764.3,2026-09-23T16:00:00Z,GENERATOR,gs://well-workover-intervention-data/landing/generator/2026/09/23/well_status_history.parquet,BATCH-GELEKI-20260923-V1
EP-GK-123-003,GK-123,UNDER_WORKOVER,2024-06-09,2024-06-27,TUBING_LEAK,False,WO-GK-123-003,1562.1,2026-09-23T16:00:00Z,GENERATOR,gs://well-workover-intervention-data/landing/generator/2026/09/23/well_status_history.parquet,BATCH-GELEKI-20260923-V1
EP-GK-123-004,GK-123,PRODUCING,2024-06-28,2024-09-20,,,,0.0,2026-09-23T16:00:00Z,GENERATOR,gs://well-workover-intervention-data/landing/generator/2026/09/23/well_status_history.parquet,BATCH-GELEKI-20260923-V1
EP-GK-123-005,GK-123,WAITING_ON_RIG,2024-09-21,2024-11-04,ROD_PART,False,,3592.8,2026-09-23T16:00:00Z,GENERATOR,gs://well-workover-intervention-data/landing/generator/2026/09/23/well_status_history.parquet,BATCH-GELEKI-20260923-V1
EP-GK-123-006,GK-123,UNDER_WORKOVER,2024-11-05,2024-11-19,ROD_PART,False,WO-GK-123-006,1249.7,2026-09-23T16:00:00Z,GENERATOR,gs://well-workover-intervention-data/landing/generator/2026/09/23/well_status_history.parquet,BATCH-GELEKI-20260923-V1
EP-GK-123-007,GK-123,PRODUCING,2024-11-20,2025-03-23,,,,0.0,2026-09-23T16:00:00Z,GENERATOR,gs://well-workover-intervention-data/landing/generator/2026/09/23/well_status_history.parquet,BATCH-GELEKI-20260923-V1
EP-GK-123-008,GK-123,WAITING_ON_RIG,2025-03-24,2025-04-25,PUMP_WEAR,False,,2655.5,2026-09-23T16:00:00Z,GENERATOR,gs://well-workover-intervention-data/landing/generator/2026/09/23/well_status_history.parquet,BATCH-GELEKI-20260923-V1
EP-GK-123-009,GK-123,UNDER_WORKOVER,2025-04-26,2025-05-05,PUMP_WEAR,False,WO-GK-123-009,859.1,2026-09-23T16:00:00Z,GENERATOR,gs://well-workover-intervention-data/landing/generator/2026/09/23/well_status_history.parquet,BATCH-GELEKI-20260923-V1
EP-GK-123-010,GK-123,PRODUCING,2025-05-06,2025-06-21,,,,0.0,2026-09-23T16:00:00Z,GENERATOR,gs://well-workover-intervention-data/landing/generator/2026/09/23/well_status_history.parquet,BATCH-GELEKI-20260923-V1
EP-GK-123-011,GK-123,UNDER_WORKOVER,2025-06-22,2025-06-23,WAX,True,WO-GK-123-011,234.3,2026-09-23T16:00:00Z,GENERATOR,gs://well-workover-intervention-data/landing/generator/2026/09/23/well_status_history.parquet,BATCH-GELEKI-20260923-V1
EP-GK-123-012,GK-123,PRODUCING,2025-06-24,2026-02-24,,,,0.0,2026-09-23T16:00:00Z,GENERATOR,gs://well-workover-intervention-data/landing/generator/2026/09/23/well_status_history.parquet,BATCH-GELEKI-20260923-V1
EP-GK-123-013,GK-123,WAITING_ON_RIG,2026-02-25,2026-03-04,ROD_PART,False,,702.9,2026-09-23T16:00:00Z,GENERATOR,gs://well-workover-intervention-data/landing/generator/2026/09/23/well_status_history.parquet,BATCH-GELEKI-20260923-V1
EP-GK-123-014,GK-123,UNDER_WORKOVER,2026-03-05,2026-03-06,ROD_PART,False,WO-GK-123-014,234.3,2026-09-23T16:00:00Z,GENERATOR,gs://well-workover-intervention-data/landing/generator/2026/09/23/well_status_history.parquet,BATCH-GELEKI-20260923-V1
EP-GK-123-015,GK-123,PRODUCING,2026-03-07,,,,,0.0,2026-09-23T16:00:00Z,GENERATOR,gs://well-workover-intervention-data/landing/generator/2026/09/23/well_status_history.parquet,BATCH-GELEKI-20260923-V1
EP-GK-124-001,GK-124,PRODUCING,2023-10-01,2024-04-19,,,,0.0,2026-09-23T16:00:00Z,GENERATOR,gs://well-workover-intervention-data/landing/generator/2026/09/23/well_status_history.parquet,BATCH-GELEKI-20260923-V1
EP-GK-124-002,GK-124,WAITING_ON_RIG,2024-04-20,2024-04-29,OTHER,False,,457.6,2026-09-23T16:00:00Z,GENERATOR,gs://well-workover-intervention-data/landing/generator/2026/09/23/well_status_history.parquet,BATCH-GELEKI-20260923-V1
EP-GK-124-003,GK-124,UNDER_WORKOVER,2024-04-30,2024-05-02,OTHER,False,WO-GK-124-003,166.4,2026-09-23T16:00:00Z,GENERATOR,gs://well-workover-intervention-data/landing/generator/2026/09/23/well_status_history.parquet,BATCH-GELEKI-20260923-V1
EP-GK-124-004,GK-124,PRODUCING,2024-05-03,2025-03-29,,,,0.0,2026-09-23T16:00:00Z,GENERATOR,gs://well-workover-intervention-data/landing/generator/2026/09/23/well_status_history.parquet,BATCH-GELEKI-20260923-V1
EP-GK-124-005,GK-124,WAITING_ON_RIG,2025-03-30,2025-04-15,ROD_PART,False,,748.8,2026-09-23T16:00:00Z,GENERATOR,gs://well-workover-intervention-data/landing/generator/2026/09/23/well_status_history.parquet,BATCH-GELEKI-20260923-V1
EP-GK-124-006,GK-124,UNDER_WORKOVER,2025-04-16,2025-04-20,ROD_PART,False,WO-GK-124-006,249.6,2026-09-23T16:00:00Z,GENERATOR,gs://well-workover-intervention-data/landing/generator/2026/09/23/well_status_history.parquet,BATCH-GELEKI-20260923-V1
EP-GK-124-007,GK-124,PRODUCING,2025-04-21,2025-12-24,,,,0.0,2026-09-23T16:00:00Z,GENERATOR,gs://well-workover-intervention-data/landing/generator/2026/09/23/well_status_history.parquet,BATCH-GELEKI-20260923-V1
EP-GK-124-008,GK-124,UNDER_WORKOVER,2025-12-25,2025-12-26,WAX,True,WO-GK-124-008,124.8,2026-09-23T16:00:00Z,GENERATOR,gs://well-workover-intervention-data/landing/generator/2026/09/23/well_status_history.parquet,BATCH-GELEKI-20260923-V1
EP-GK-124-009,GK-124,PRODUCING,2025-12-27,,,,,0.0,2026-09-23T16:00:00Z,GENERATOR,gs://well-workover-intervention-data/landing/generator/2026/09/23/well_status_history.parquet,BATCH-GELEKI-20260923-V1
EP-GK-125-001,GK-125,PRODUCING,2023-10-01,2024-03-08,,,,0.0,2026-09-23T16:00:00Z,GENERATOR,gs://well-workover-intervention-data/landing/generator/2026/09/23/well_status_history.parquet,BATCH-GELEKI-20260923-V1
EP-GK-125-002,GK-125,WAITING_ON_RIG,2024-03-09,2024-04-03,SAND,False,,868.6,2026-09-23T16:00:00Z,GENERATOR,gs://well-workover-intervention-data/landing/generator/2026/09/23/well_status_history.parquet,BATCH-GELEKI-20260923-V1
EP-GK-125-003,GK-125,UNDER_WORKOVER,2024-04-04,2024-04-11,SAND,False,WO-GK-125-003,289.5,2026-09-23T16:00:00Z,GENERATOR,gs://well-workover-intervention-data/landing/generator/2026/09/23/well_status_history.parquet,BATCH-GELEKI-20260923-V1
EP-GK-125-004,GK-125,PRODUCING,2024-04-12,2024-12-15,,,,0.0,2026-09-23T16:00:00Z,GENERATOR,gs://well-workover-intervention-data/landing/generator/2026/09/23/well_status_history.parquet,BATCH-GELEKI-20260923-V1
EP-GK-125-005,GK-125,WAITING_ON_RIG,2024-12-16,2025-01-11,ROD_PART,False,,900.8,2026-09-23T16:00:00Z,GENERATOR,gs://well-workover-intervention-data/landing/generator/2026/09/23/well_status_history.parquet,BATCH-GELEKI-20260923-V1
EP-GK-125-006,GK-125,UNDER_WORKOVER,2025-01-12,2025-01-19,ROD_PART,False,WO-GK-125-006,289.5,2026-09-23T16:00:00Z,GENERATOR,gs://well-workover-intervention-data/landing/generator/2026/09/23/well_status_history.parquet,BATCH-GELEKI-20260923-V1
EP-GK-125-007,GK-125,PRODUCING,2025-01-20,2025-11-11,,,,0.0,2026-09-23T16:00:00Z,GENERATOR,gs://well-workover-intervention-data/landing/generator/2026/09/23/well_status_history.parquet,BATCH-GELEKI-20260923-V1
EP-GK-125-008,GK-125,WAITING_ON_RIG,2025-11-12,2025-11-16,SUDDEN_MECH,False,,193.0,2026-09-23T16:00:00Z,GENERATOR,gs://well-workover-intervention-data/landing/generator/2026/09/23/well_status_history.parquet,BATCH-GELEKI-20260923-V1
EP-GK-125-009,GK-125,UNDER_WORKOVER,2025-11-17,2025-11-17,SUDDEN_MECH,False,WO-GK-125-009,64.3,2026-09-23T16:00:00Z,GENERATOR,gs://well-workover-intervention-data/landing/generator/2026/09/23/well_status_history.parquet,BATCH-GELEKI-20260923-V1
EP-GK-125-010,GK-125,PRODUCING,2025-11-18,2026-04-09,,,,0.0,2026-09-23T16:00:00Z,GENERATOR,gs://well-workover-intervention-data/landing/generator/2026/09/23/well_status_history.parquet,BATCH-GELEKI-20260923-V1
EP-GK-125-011,GK-125,UNDER_WORKOVER,2026-04-10,2026-04-10,SURFACE,True,WO-GK-125-011,64.3,2026-09-23T16:00:00Z,GENERATOR,gs://well-workover-intervention-data/landing/generator/2026/09/23/well_status_history.parquet,BATCH-GELEKI-20260923-V1
EP-GK-125-012,GK-125,PRODUCING,2026-04-11,2026-09-11,,,,0.0,2026-09-23T16:00:00Z,GENERATOR,gs://well-workover-intervention-data/landing/generator/2026/09/23/well_status_history.parquet,BATCH-GELEKI-20260923-V1
EP-GK-125-013,GK-125,WAITING_ON_RIG,2026-09-12,,ROD_PART,False,,0.0,2026-09-23T16:00:00Z,GENERATOR,gs://well-workover-intervention-data/landing/generator/2026/09/23/well_status_history.parquet,BATCH-GELEKI-20260923-V1
EP-GK-126-001,GK-126,PRODUCING,2023-10-01,2023-12-13,,,,0.0,2026-09-23T16:00:00Z,GENERATOR,gs://well-workover-intervention-data/landing/generator/2026/09/23/well_status_history.parquet,BATCH-GELEKI-20260923-V1
EP-GK-126-002,GK-126,UNDER_WORKOVER,2023-12-14,2023-12-14,SURFACE,True,WO-GK-126-002,258.7,2026-09-23T16:00:00Z,GENERATOR,gs://well-workover-intervention-data/landing/generator/2026/09/23/well_status_history.parquet,BATCH-GELEKI-20260923-V1
EP-GK-126-003,GK-126,PRODUCING,2023-12-15,2024-03-04,,,,0.0,2026-09-23T16:00:00Z,GENERATOR,gs://well-workover-intervention-data/landing/generator/2026/09/23/well_status_history.parquet,BATCH-GELEKI-20260923-V1
EP-GK-126-004,GK-126,WAITING_ON_RIG,2024-03-05,2024-04-21,ROD_PART,False,,6337.6,2026-09-23T16:00:00Z,GENERATOR,gs://well-workover-intervention-data/landing/generator/2026/09/23/well_status_history.parquet,BATCH-GELEKI-20260923-V1
EP-GK-126-005,GK-126,UNDER_WORKOVER,2024-04-22,2024-05-06,ROD_PART,False,WO-GK-126-005,2069.4,2026-09-23T16:00:00Z,GENERATOR,gs://well-workover-intervention-data/landing/generator/2026/09/23/well_status_history.parquet,BATCH-GELEKI-20260923-V1
EP-GK-126-006,GK-126,PRODUCING,2024-05-07,2024-09-13,,,,0.0,2026-09-23T16:00:00Z,GENERATOR,gs://well-workover-intervention-data/landing/generator/2026/09/23/well_status_history.parquet,BATCH-GELEKI-20260923-V1
EP-GK-126-007,GK-126,WAITING_ON_RIG,2024-09-14,2024-10-06,ROD_PART,False,,3104.1,2026-09-23T16:00:00Z,GENERATOR,gs://well-workover-intervention-data/landing/generator/2026/09/23/well_status_history.parquet,BATCH-GELEKI-20260923-V1
EP-GK-126-008,GK-126,UNDER_WORKOVER,2024-10-07,2024-10-13,ROD_PART,False,WO-GK-126-008,1034.7,2026-09-23T16:00:00Z,GENERATOR,gs://well-workover-intervention-data/landing/generator/2026/09/23/well_status_history.parquet,BATCH-GELEKI-20260923-V1
EP-GK-126-009,GK-126,PRODUCING,2024-10-14,2024-12-17,,,,0.0,2026-09-23T16:00:00Z,GENERATOR,gs://well-workover-intervention-data/landing/generator/2026/09/23/well_status_history.parquet,BATCH-GELEKI-20260923-V1
EP-GK-126-010,GK-126,UNDER_WORKOVER,2024-12-18,2024-12-18,WAX,True,WO-GK-126-010,258.7,2026-09-23T16:00:00Z,GENERATOR,gs://well-workover-intervention-data/landing/generator/2026/09/23/well_status_history.parquet,BATCH-GELEKI-20260923-V1
EP-GK-126-011,GK-126,PRODUCING,2024-12-19,2025-02-19,,,,0.0,2026-09-23T16:00:00Z,GENERATOR,gs://well-workover-intervention-data/landing/generator/2026/09/23/well_status_history.parquet,BATCH-GELEKI-20260923-V1
EP-GK-126-012,GK-126,UNDER_WORKOVER,2025-02-20,2025-02-20,SURFACE,True,WO-GK-126-012,258.7,2026-09-23T16:00:00Z,GENERATOR,gs://well-workover-intervention-data/landing/generator/2026/09/23/well_status_history.parquet,BATCH-GELEKI-20260923-V1
EP-GK-126-013,GK-126,PRODUCING,2025-02-21,2025-04-07,,,,0.0,2026-09-23T16:00:00Z,GENERATOR,gs://well-workover-intervention-data/landing/generator/2026/09/23/well_status_history.parquet,BATCH-GELEKI-20260923-V1
EP-GK-126-014,GK-126,WAITING_ON_RIG,2025-04-08,2025-04-16,ROD_PART,False,,1293.4,2026-09-23T16:00:00Z,GENERATOR,gs://well-workover-intervention-data/landing/generator/2026/09/23/well_status_history.parquet,BATCH-GELEKI-20260923-V1
EP-GK-126-015,GK-126,UNDER_WORKOVER,2025-04-17,2025-04-18,ROD_PART,False,WO-GK-126-015,388.0,2026-09-23T16:00:00Z,GENERATOR,gs://well-workover-intervention-data/landing/generator/2026/09/23/well_status_history.parquet,BATCH-GELEKI-20260923-V1
EP-GK-126-016,GK-126,PRODUCING,2025-04-19,2025-06-22,,,,0.0,2026-09-23T16:00:00Z,GENERATOR,gs://well-workover-intervention-data/landing/generator/2026/09/23/well_status_history.parquet,BATCH-GELEKI-20260923-V1
EP-GK-126-017,GK-126,WAITING_ON_RIG,2025-06-23,2025-07-16,SUDDEN_MECH,False,,3233.5,2026-09-23T16:00:00Z,GENERATOR,gs://well-workover-intervention-data/landing/generator/2026/09/23/well_status_history.parquet,BATCH-GELEKI-20260923-V1
EP-GK-126-018,GK-126,UNDER_WORKOVER,2025-07-17,2025-07-23,SUDDEN_MECH,False,WO-GK-126-018,1034.7,2026-09-23T16:00:00Z,GENERATOR,gs://well-workover-intervention-data/landing/generator/2026/09/23/well_status_history.parquet,BATCH-GELEKI-20260923-V1
EP-GK-126-019,GK-126,PRODUCING,2025-07-24,2025-10-29,,,,0.0,2026-09-23T16:00:00Z,GENERATOR,gs://well-workover-intervention-data/landing/generator/2026/09/23/well_status_history.parquet,BATCH-GELEKI-20260923-V1
EP-GK-126-020,GK-126,UNDER_WORKOVER,2025-10-30,2025-10-31,SURFACE,True,WO-GK-126-020,388.0,2026-09-23T16:00:00Z,GENERATOR,gs://well-workover-intervention-data/landing/generator/2026/09/23/well_status_history.parquet,BATCH-GELEKI-20260923-V1
EP-GK-126-021,GK-126,PRODUCING,2025-11-01,2026-01-17,,,,0.0,2026-09-23T16:00:00Z,GENERATOR,gs://well-workover-intervention-data/landing/generator/2026/09/23/well_status_history.parquet,BATCH-GELEKI-20260923-V1
EP-GK-126-022,GK-126,UNDER_WORKOVER,2026-01-18,2026-01-18,WAX,True,WO-GK-126-022,258.7,2026-09-23T16:00:00Z,GENERATOR,gs://well-workover-intervention-data/landing/generator/2026/09/23/well_status_history.parquet,BATCH-GELEKI-20260923-V1
EP-GK-126-023,GK-126,PRODUCING,2026-01-19,2026-04-25,,,,0.0,2026-09-23T16:00:00Z,GENERATOR,gs://well-workover-intervention-data/landing/generator/2026/09/23/well_status_history.parquet,BATCH-GELEKI-20260923-V1
EP-GK-126-024,GK-126,WAITING_ON_RIG,2026-04-26,2026-06-14,ROD_PART,False,,6596.3,2026-09-23T16:00:00Z,GENERATOR,gs://well-workover-intervention-data/landing/generator/2026/09/23/well_status_history.parquet,BATCH-GELEKI-20260923-V1
EP-GK-126-025,GK-126,UNDER_WORKOVER,2026-06-15,2026-06-30,ROD_PART,False,WO-GK-126-025,2198.8,2026-09-23T16:00:00Z,GENERATOR,gs://well-workover-intervention-data/landing/generator/2026/09/23/well_status_history.parquet,BATCH-GELEKI-20260923-V1
EP-GK-126-026,GK-126,PRODUCING,2026-07-01,2026-08-03,,,,0.0,2026-09-23T16:00:00Z,GENERATOR,gs://well-workover-intervention-data/landing/generator/2026/09/23/well_status_history.parquet,BATCH-GELEKI-20260923-V1
EP-GK-126-027,GK-126,WAITING_ON_RIG,2026-08-04,2026-09-20,TUBING_LEAK,False,,6337.6,2026-09-23T16:00:00Z,GENERATOR,gs://well-workover-intervention-data/landing/generator/2026/09/23/well_status_history.parquet,BATCH-GELEKI-20260923-V1
EP-GK-126-028,GK-126,UNDER_WORKOVER,2026-09-21,,TUBING_LEAK,False,,0.0,2026-09-23T16:00:00Z,GENERATOR,gs://well-workover-intervention-data/landing/generator/2026/09/23/well_status_history.parquet,BATCH-GELEKI-20260923-V1
EP-GK-127-001,GK-127,PRODUCING,2023-10-01,2023-11-30,,,,0.0,2026-09-23T16:00:00Z,GENERATOR,gs://well-workover-intervention-data/landing/generator/2026/09/23/well_status_history.parquet,BATCH-GELEKI-20260923-V1
EP-GK-127-002,GK-127,WAITING_ON_RIG,2023-12-01,2023-12-12,OTHER,False,,1660.2,2026-09-23T16:00:00Z,GENERATOR,gs://well-workover-intervention-data/landing/generator/2026/09/23/well_status_history.parquet,BATCH-GELEKI-20260923-V1
EP-GK-127-003,GK-127,UNDER_WORKOVER,2023-12-13,2023-12-15,OTHER,False,WO-GK-127-003,510.8,2026-09-23T16:00:00Z,GENERATOR,gs://well-workover-intervention-data/landing/generator/2026/09/23/well_status_history.parquet,BATCH-GELEKI-20260923-V1
EP-GK-127-004,GK-127,PRODUCING,2023-12-16,2024-05-10,,,,0.0,2026-09-23T16:00:00Z,GENERATOR,gs://well-workover-intervention-data/landing/generator/2026/09/23/well_status_history.parquet,BATCH-GELEKI-20260923-V1
EP-GK-127-005,GK-127,WAITING_ON_RIG,2024-05-11,2024-05-15,GL_INJ_ANOMALY,False,,766.2,2026-09-23T16:00:00Z,GENERATOR,gs://well-workover-intervention-data/landing/generator/2026/09/23/well_status_history.parquet,BATCH-GELEKI-20260923-V1
EP-GK-127-006,GK-127,UNDER_WORKOVER,2024-05-16,2024-05-16,GL_INJ_ANOMALY,False,WO-GK-127-006,255.4,2026-09-23T16:00:00Z,GENERATOR,gs://well-workover-intervention-data/landing/generator/2026/09/23/well_status_history.parquet,BATCH-GELEKI-20260923-V1
EP-GK-127-007,GK-127,PRODUCING,2024-05-17,2024-09-07,,,,0.0,2026-09-23T16:00:00Z,GENERATOR,gs://well-workover-intervention-data/landing/generator/2026/09/23/well_status_history.parquet,BATCH-GELEKI-20260923-V1
EP-GK-127-008,GK-127,UNDER_WORKOVER,2024-09-08,2024-09-09,SURFACE,True,WO-GK-127-008,383.1,2026-09-23T16:00:00Z,GENERATOR,gs://well-workover-intervention-data/landing/generator/2026/09/23/well_status_history.parquet,BATCH-GELEKI-20260923-V1
EP-GK-127-009,GK-127,PRODUCING,2024-09-10,2025-02-05,,,,0.0,2026-09-23T16:00:00Z,GENERATOR,gs://well-workover-intervention-data/landing/generator/2026/09/23/well_status_history.parquet,BATCH-GELEKI-20260923-V1
EP-GK-127-010,GK-127,WAITING_ON_RIG,2025-02-06,2025-03-08,SAND,False,,4086.6,2026-09-23T16:00:00Z,GENERATOR,gs://well-workover-intervention-data/landing/generator/2026/09/23/well_status_history.parquet,BATCH-GELEKI-20260923-V1
EP-GK-127-011,GK-127,UNDER_WORKOVER,2025-03-09,2025-03-17,SAND,False,WO-GK-127-011,1277.1,2026-09-23T16:00:00Z,GENERATOR,gs://well-workover-intervention-data/landing/generator/2026/09/23/well_status_history.parquet,BATCH-GELEKI-20260923-V1
EP-GK-127-012,GK-127,PRODUCING,2025-03-18,2025-08-09,,,,0.0,2026-09-23T16:00:00Z,GENERATOR,gs://well-workover-intervention-data/landing/generator/2026/09/23/well_status_history.parquet,BATCH-GELEKI-20260923-V1
EP-GK-127-013,GK-127,WAITING_ON_RIG,2025-08-10,2025-09-13,WAX,False,,4597.4,2026-09-23T16:00:00Z,GENERATOR,gs://well-workover-intervention-data/landing/generator/2026/09/23/well_status_history.parquet,BATCH-GELEKI-20260923-V1
EP-GK-127-014,GK-127,UNDER_WORKOVER,2025-09-14,2025-09-24,WAX,False,WO-GK-127-014,1532.5,2026-09-23T16:00:00Z,GENERATOR,gs://well-workover-intervention-data/landing/generator/2026/09/23/well_status_history.parquet,BATCH-GELEKI-20260923-V1
EP-GK-127-015,GK-127,PRODUCING,2025-09-25,2025-11-15,,,,0.0,2026-09-23T16:00:00Z,GENERATOR,gs://well-workover-intervention-data/landing/generator/2026/09/23/well_status_history.parquet,BATCH-GELEKI-20260923-V1
EP-GK-127-016,GK-127,WAITING_ON_RIG,2025-11-16,2025-12-04,WAX,False,,2554.1,2026-09-23T16:00:00Z,GENERATOR,gs://well-workover-intervention-data/landing/generator/2026/09/23/well_status_history.parquet,BATCH-GELEKI-20260923-V1
EP-GK-127-017,GK-127,UNDER_WORKOVER,2025-12-05,2025-12-10,WAX,False,WO-GK-127-017,893.9,2026-09-23T16:00:00Z,GENERATOR,gs://well-workover-intervention-data/landing/generator/2026/09/23/well_status_history.parquet,BATCH-GELEKI-20260923-V1
EP-GK-127-018,GK-127,PRODUCING,2025-12-11,2026-02-25,,,,0.0,2026-09-23T16:00:00Z,GENERATOR,gs://well-workover-intervention-data/landing/generator/2026/09/23/well_status_history.parquet,BATCH-GELEKI-20260923-V1
EP-GK-127-019,GK-127,WAITING_ON_RIG,2026-02-26,2026-03-21,GL_INJ_ANOMALY,False,,3192.6,2026-09-23T16:00:00Z,GENERATOR,gs://well-workover-intervention-data/landing/generator/2026/09/23/well_status_history.parquet,BATCH-GELEKI-20260923-V1
EP-GK-127-020,GK-127,UNDER_WORKOVER,2026-03-22,2026-03-28,GL_INJ_ANOMALY,False,WO-GK-127-020,1021.6,2026-09-23T16:00:00Z,GENERATOR,gs://well-workover-intervention-data/landing/generator/2026/09/23/well_status_history.parquet,BATCH-GELEKI-20260923-V1
EP-GK-127-021,GK-127,PRODUCING,2026-03-29,2026-05-11,,,,0.0,2026-09-23T16:00:00Z,GENERATOR,gs://well-workover-intervention-data/landing/generator/2026/09/23/well_status_history.parquet,BATCH-GELEKI-20260923-V1
EP-GK-127-022,GK-127,WAITING_ON_RIG,2026-05-12,2026-05-21,GL_INJ_ANOMALY,False,,1404.8,2026-09-23T16:00:00Z,GENERATOR,gs://well-workover-intervention-data/landing/generator/2026/09/23/well_status_history.parquet,BATCH-GELEKI-20260923-V1
EP-GK-127-023,GK-127,UNDER_WORKOVER,2026-05-22,2026-05-24,GL_INJ_ANOMALY,False,WO-GK-127-023,510.8,2026-09-23T16:00:00Z,GENERATOR,gs://well-workover-intervention-data/landing/generator/2026/09/23/well_status_history.parquet,BATCH-GELEKI-20260923-V1
EP-GK-127-024,GK-127,PRODUCING,2026-05-25,2026-07-03,,,,0.0,2026-09-23T16:00:00Z,GENERATOR,gs://well-workover-intervention-data/landing/generator/2026/09/23/well_status_history.parquet,BATCH-GELEKI-20260923-V1
EP-GK-127-025,GK-127,UNDER_WORKOVER,2026-07-04,2026-07-04,GL_HEADING,True,WO-GK-127-025,255.4,2026-09-23T16:00:00Z,GENERATOR,gs://well-workover-intervention-data/landing/generator/2026/09/23/well_status_history.parquet,BATCH-GELEKI-20260923-V1
EP-GK-127-026,GK-127,PRODUCING,2026-07-05,2026-08-29,,,,0.0,2026-09-23T16:00:00Z,GENERATOR,gs://well-workover-intervention-data/landing/generator/2026/09/23/well_status_history.parquet,BATCH-GELEKI-20260923-V1
EP-GK-127-027,GK-127,UNDER_WORKOVER,2026-08-30,2026-08-30,GL_HEADING,True,WO-GK-127-027,255.4,2026-09-23T16:00:00Z,GENERATOR,gs://well-workover-intervention-data/landing/generator/2026/09/23/well_status_history.parquet,BATCH-GELEKI-20260923-V1
EP-GK-127-028,GK-127,PRODUCING,2026-08-31,,,,,0.0,2026-09-23T16:00:00Z,GENERATOR,gs://well-workover-intervention-data/landing/generator/2026/09/23/well_status_history.parquet,BATCH-GELEKI-20260923-V1
EP-GK-128-001,GK-128,WAITING_ON_RIG,2023-10-01,2023-10-04,SUDDEN_MECH,False,,265.2,2026-09-23T16:00:00Z,GENERATOR,gs://well-workover-intervention-data/landing/generator/2026/09/23/well_status_history.parquet,BATCH-GELEKI-20260923-V1
EP-GK-128-002,GK-128,UNDER_WORKOVER,2023-10-05,2023-10-05,SUDDEN_MECH,False,WO-GK-128-002,88.4,2026-09-23T16:00:00Z,GENERATOR,gs://well-workover-intervention-data/landing/generator/2026/09/23/well_status_history.parquet,BATCH-GELEKI-20260923-V1
EP-GK-128-003,GK-128,PRODUCING,2023-10-06,2024-05-25,,,,0.0,2026-09-23T16:00:00Z,GENERATOR,gs://well-workover-intervention-data/landing/generator/2026/09/23/well_status_history.parquet,BATCH-GELEKI-20260923-V1
EP-GK-128-004,GK-128,UNDER_WORKOVER,2024-05-26,2024-05-26,SURFACE,True,WO-GK-128-004,88.4,2026-09-23T16:00:00Z,GENERATOR,gs://well-workover-intervention-data/landing/generator/2026/09/23/well_status_history.parquet,BATCH-GELEKI-20260923-V1
EP-GK-128-005,GK-128,PRODUCING,2024-05-27,2025-03-26,,,,0.0,2026-09-23T16:00:00Z,GENERATOR,gs://well-workover-intervention-data/landing/generator/2026/09/23/well_status_history.parquet,BATCH-GELEKI-20260923-V1
EP-GK-128-006,GK-128,UNDER_WORKOVER,2025-03-27,2025-03-27,WAX,True,WO-GK-128-006,88.4,2026-09-23T16:00:00Z,GENERATOR,gs://well-workover-intervention-data/landing/generator/2026/09/23/well_status_history.parquet,BATCH-GELEKI-20260923-V1
EP-GK-128-007,GK-128,PRODUCING,2025-03-28,2026-01-11,,,,0.0,2026-09-23T16:00:00Z,GENERATOR,gs://well-workover-intervention-data/landing/generator/2026/09/23/well_status_history.parquet,BATCH-GELEKI-20260923-V1
EP-GK-128-008,GK-128,WAITING_ON_RIG,2026-01-12,2026-02-06,TUBING_LEAK,False,,1193.4,2026-09-23T16:00:00Z,GENERATOR,gs://well-workover-intervention-data/landing/generator/2026/09/23/well_status_history.parquet,BATCH-GELEKI-20260923-V1
EP-GK-128-009,GK-128,UNDER_WORKOVER,2026-02-07,2026-02-14,TUBING_LEAK,False,WO-GK-128-009,397.8,2026-09-23T16:00:00Z,GENERATOR,gs://well-workover-intervention-data/landing/generator/2026/09/23/well_status_history.parquet,BATCH-GELEKI-20260923-V1
EP-GK-128-010,GK-128,PRODUCING,2026-02-15,2026-08-07,,,,0.0,2026-09-23T16:00:00Z,GENERATOR,gs://well-workover-intervention-data/landing/generator/2026/09/23/well_status_history.parquet,BATCH-GELEKI-20260923-V1
EP-GK-128-011,GK-128,WAITING_ON_RIG,2026-08-08,2026-09-10,ROD_PART,False,,1547.0,2026-09-23T16:00:00Z,GENERATOR,gs://well-workover-intervention-data/landing/generator/2026/09/23/well_status_history.parquet,BATCH-GELEKI-20260923-V1
EP-GK-128-012,GK-128,UNDER_WORKOVER,2026-09-11,2026-09-21,ROD_PART,False,WO-GK-128-012,530.4,2026-09-23T16:00:00Z,GENERATOR,gs://well-workover-intervention-data/landing/generator/2026/09/23/well_status_history.parquet,BATCH-GELEKI-20260923-V1
EP-GK-128-013,GK-128,PRODUCING,2026-09-22,,,,,0.0,2026-09-23T16:00:00Z,GENERATOR,gs://well-workover-intervention-data/landing/generator/2026/09/23/well_status_history.parquet,BATCH-GELEKI-20260923-V1
EP-GK-129-001,GK-129,PRODUCING,2023-10-01,2023-11-15,,,,0.0,2026-09-23T16:00:00Z,GENERATOR,gs://well-workover-intervention-data/landing/generator/2026/09/23/well_status_history.parquet,BATCH-GELEKI-20260923-V1
EP-GK-129-002,GK-129,WAITING_ON_RIG,2023-11-16,2023-11-26,WAX,False,,395.5,2026-09-23T16:00:00Z,GENERATOR,gs://well-workover-intervention-data/landing/generator/2026/09/23/well_status_history.parquet,BATCH-GELEKI-20260923-V1
EP-GK-129-003,GK-129,UNDER_WORKOVER,2023-11-27,2023-11-29,WAX,False,WO-GK-129-003,131.8,2026-09-23T16:00:00Z,GENERATOR,gs://well-workover-intervention-data/landing/generator/2026/09/23/well_status_history.parquet,BATCH-GELEKI-20260923-V1
EP-GK-129-004,GK-129,PRODUCING,2023-11-30,2024-06-09,,,,0.0,2026-09-23T16:00:00Z,GENERATOR,gs://well-workover-intervention-data/landing/generator/2026/09/23/well_status_history.parquet,BATCH-GELEKI-20260923-V1
EP-GK-129-005,GK-129,WAITING_ON_RIG,2024-06-10,2024-09-20,TUBING_LEAK,False,,3427.8,2026-09-23T16:00:00Z,GENERATOR,gs://well-workover-intervention-data/landing/generator/2026/09/23/well_status_history.parquet,BATCH-GELEKI-20260923-V1
EP-GK-129-006,GK-129,UNDER_WORKOVER,2024-09-21,2024-10-24,TUBING_LEAK,False,WO-GK-129-006,1153.6,2026-09-23T16:00:00Z,GENERATOR,gs://well-workover-intervention-data/landing/generator/2026/09/23/well_status_history.parquet,BATCH-GELEKI-20260923-V1
EP-GK-129-007,GK-129,PRODUCING,2024-10-25,2025-07-23,,,,0.0,2026-09-23T16:00:00Z,GENERATOR,gs://well-workover-intervention-data/landing/generator/2026/09/23/well_status_history.parquet,BATCH-GELEKI-20260923-V1
EP-GK-129-008,GK-129,WAITING_ON_RIG,2025-07-24,2025-08-03,SUDDEN_MECH,False,,395.5,2026-09-23T16:00:00Z,GENERATOR,gs://well-workover-intervention-data/landing/generator/2026/09/23/well_status_history.parquet,BATCH-GELEKI-20260923-V1
EP-GK-129-009,GK-129,UNDER_WORKOVER,2025-08-04,2025-08-06,SUDDEN_MECH,False,WO-GK-129-009,131.8,2026-09-23T16:00:00Z,GENERATOR,gs://well-workover-intervention-data/landing/generator/2026/09/23/well_status_history.parquet,BATCH-GELEKI-20260923-V1
EP-GK-129-010,GK-129,PRODUCING,2025-08-07,2025-12-29,,,,0.0,2026-09-23T16:00:00Z,GENERATOR,gs://well-workover-intervention-data/landing/generator/2026/09/23/well_status_history.parquet,BATCH-GELEKI-20260923-V1
EP-GK-129-011,GK-129,WAITING_ON_RIG,2025-12-30,2026-01-11,TUBING_LEAK,False,,461.4,2026-09-23T16:00:00Z,GENERATOR,gs://well-workover-intervention-data/landing/generator/2026/09/23/well_status_history.parquet,BATCH-GELEKI-20260923-V1
EP-GK-129-012,GK-129,UNDER_WORKOVER,2026-01-12,2026-01-14,TUBING_LEAK,False,WO-GK-129-012,131.8,2026-09-23T16:00:00Z,GENERATOR,gs://well-workover-intervention-data/landing/generator/2026/09/23/well_status_history.parquet,BATCH-GELEKI-20260923-V1
EP-GK-129-013,GK-129,PRODUCING,2026-01-15,,,,,0.0,2026-09-23T16:00:00Z,GENERATOR,gs://well-workover-intervention-data/landing/generator/2026/09/23/well_status_history.parquet,BATCH-GELEKI-20260923-V1
EP-GK-130-001,GK-130,PRODUCING,2023-10-01,2023-11-14,,,,0.0,2026-09-23T16:00:00Z,GENERATOR,gs://well-workover-intervention-data/landing/generator/2026/09/23/well_status_history.parquet,BATCH-GELEKI-20260923-V1
EP-GK-130-002,GK-130,WAITING_ON_RIG,2023-11-15,2023-12-04,TUBING_LEAK,False,,1779.8,2026-09-23T16:00:00Z,GENERATOR,gs://well-workover-intervention-data/landing/generator/2026/09/23/well_status_history.parquet,BATCH-GELEKI-20260923-V1
EP-GK-130-003,GK-130,UNDER_WORKOVER,2023-12-05,2023-12-10,TUBING_LEAK,False,WO-GK-130-003,593.3,2026-09-23T16:00:00Z,GENERATOR,gs://well-workover-intervention-data/landing/generator/2026/09/23/well_status_history.parquet,BATCH-GELEKI-20260923-V1
EP-GK-130-004,GK-130,PRODUCING,2023-12-11,2024-04-11,,,,0.0,2026-09-23T16:00:00Z,GENERATOR,gs://well-workover-intervention-data/landing/generator/2026/09/23/well_status_history.parquet,BATCH-GELEKI-20260923-V1
EP-GK-130-005,GK-130,WAITING_ON_RIG,2024-04-12,2024-04-23,TUBING_LEAK,False,,1101.8,2026-09-23T16:00:00Z,GENERATOR,gs://well-workover-intervention-data/landing/generator/2026/09/23/well_status_history.parquet,BATCH-GELEKI-20260923-V1
EP-GK-130-006,GK-130,UNDER_WORKOVER,2024-04-24,2024-04-26,TUBING_LEAK,False,WO-GK-130-006,339.0,2026-09-23T16:00:00Z,GENERATOR,gs://well-workover-intervention-data/landing/generator/2026/09/23/well_status_history.parquet,BATCH-GELEKI-20260923-V1
EP-GK-130-007,GK-130,PRODUCING,2024-04-27,2024-09-05,,,,0.0,2026-09-23T16:00:00Z,GENERATOR,gs://well-workover-intervention-data/landing/generator/2026/09/23/well_status_history.parquet,BATCH-GELEKI-20260923-V1
EP-GK-130-008,GK-130,WAITING_ON_RIG,2024-09-06,2024-09-15,PUMP_WEAR,False,,932.3,2026-09-23T16:00:00Z,GENERATOR,gs://well-workover-intervention-data/landing/generator/2026/09/23/well_status_history.parquet,BATCH-GELEKI-20260923-V1
EP-GK-130-009,GK-130,UNDER_WORKOVER,2024-09-16,2024-09-18,PUMP_WEAR,False,WO-GK-130-009,339.0,2026-09-23T16:00:00Z,GENERATOR,gs://well-workover-intervention-data/landing/generator/2026/09/23/well_status_history.parquet,BATCH-GELEKI-20260923-V1
EP-GK-130-010,GK-130,PRODUCING,2024-09-19,2024-11-20,,,,0.0,2026-09-23T16:00:00Z,GENERATOR,gs://well-workover-intervention-data/landing/generator/2026/09/23/well_status_history.parquet,BATCH-GELEKI-20260923-V1
EP-GK-130-011,GK-130,WAITING_ON_RIG,2024-11-21,2024-12-14,PUMP_WEAR,False,,2118.8,2026-09-23T16:00:00Z,GENERATOR,gs://well-workover-intervention-data/landing/generator/2026/09/23/well_status_history.parquet,BATCH-GELEKI-20260923-V1
EP-GK-130-012,GK-130,UNDER_WORKOVER,2024-12-15,2024-12-21,PUMP_WEAR,False,WO-GK-130-012,678.0,2026-09-23T16:00:00Z,GENERATOR,gs://well-workover-intervention-data/landing/generator/2026/09/23/well_status_history.parquet,BATCH-GELEKI-20260923-V1
EP-GK-130-013,GK-130,PRODUCING,2024-12-22,2025-03-01,,,,0.0,2026-09-23T16:00:00Z,GENERATOR,gs://well-workover-intervention-data/landing/generator/2026/09/23/well_status_history.parquet,BATCH-GELEKI-20260923-V1
EP-GK-130-014,GK-130,WAITING_ON_RIG,2025-03-02,2025-03-21,ROD_PART,False,,1779.8,2026-09-23T16:00:00Z,GENERATOR,gs://well-workover-intervention-data/landing/generator/2026/09/23/well_status_history.parquet,BATCH-GELEKI-20260923-V1
EP-GK-130-015,GK-130,UNDER_WORKOVER,2025-03-22,2025-03-27,ROD_PART,False,WO-GK-130-015,593.3,2026-09-23T16:00:00Z,GENERATOR,gs://well-workover-intervention-data/landing/generator/2026/09/23/well_status_history.parquet,BATCH-GELEKI-20260923-V1
EP-GK-130-016,GK-130,PRODUCING,2025-03-28,2025-06-25,,,,0.0,2026-09-23T16:00:00Z,GENERATOR,gs://well-workover-intervention-data/landing/generator/2026/09/23/well_status_history.parquet,BATCH-GELEKI-20260923-V1
EP-GK-130-017,GK-130,WAITING_ON_RIG,2025-06-26,2025-07-23,ROD_PART,False,,2457.8,2026-09-23T16:00:00Z,GENERATOR,gs://well-workover-intervention-data/landing/generator/2026/09/23/well_status_history.parquet,BATCH-GELEKI-20260923-V1
EP-GK-130-018,GK-130,UNDER_WORKOVER,2025-07-24,2025-08-01,ROD_PART,False,WO-GK-130-018,847.5,2026-09-23T16:00:00Z,GENERATOR,gs://well-workover-intervention-data/landing/generator/2026/09/23/well_status_history.parquet,BATCH-GELEKI-20260923-V1
EP-GK-130-019,GK-130,PRODUCING,2025-08-02,2025-09-03,,,,0.0,2026-09-23T16:00:00Z,GENERATOR,gs://well-workover-intervention-data/landing/generator/2026/09/23/well_status_history.parquet,BATCH-GELEKI-20260923-V1
EP-GK-130-020,GK-130,WAITING_ON_RIG,2025-09-04,2025-10-10,ROD_PART,False,,3220.5,2026-09-23T16:00:00Z,GENERATOR,gs://well-workover-intervention-data/landing/generator/2026/09/23/well_status_history.parquet,BATCH-GELEKI-20260923-V1
EP-GK-130-021,GK-130,UNDER_WORKOVER,2025-10-11,2025-10-21,ROD_PART,False,WO-GK-130-021,1017.0,2026-09-23T16:00:00Z,GENERATOR,gs://well-workover-intervention-data/landing/generator/2026/09/23/well_status_history.parquet,BATCH-GELEKI-20260923-V1
EP-GK-130-022,GK-130,PRODUCING,2025-10-22,2026-01-26,,,,0.0,2026-09-23T16:00:00Z,GENERATOR,gs://well-workover-intervention-data/landing/generator/2026/09/23/well_status_history.parquet,BATCH-GELEKI-20260923-V1
EP-GK-130-023,GK-130,WAITING_ON_RIG,2026-01-27,2026-01-31,TUBING_LEAK,False,,508.5,2026-09-23T16:00:00Z,GENERATOR,gs://well-workover-intervention-data/landing/generator/2026/09/23/well_status_history.parquet,BATCH-GELEKI-20260923-V1
EP-GK-130-024,GK-130,UNDER_WORKOVER,2026-02-01,2026-02-01,TUBING_LEAK,False,WO-GK-130-024,169.5,2026-09-23T16:00:00Z,GENERATOR,gs://well-workover-intervention-data/landing/generator/2026/09/23/well_status_history.parquet,BATCH-GELEKI-20260923-V1
EP-GK-130-025,GK-130,PRODUCING,2026-02-02,2026-06-23,,,,0.0,2026-09-23T16:00:00Z,GENERATOR,gs://well-workover-intervention-data/landing/generator/2026/09/23/well_status_history.parquet,BATCH-GELEKI-20260923-V1
EP-GK-130-026,GK-130,WAITING_ON_RIG,2026-06-24,2026-06-28,WAX,False,,508.5,2026-09-23T16:00:00Z,GENERATOR,gs://well-workover-intervention-data/landing/generator/2026/09/23/well_status_history.parquet,BATCH-GELEKI-20260923-V1
EP-GK-130-027,GK-130,UNDER_WORKOVER,2026-06-29,2026-06-29,WAX,False,WO-GK-130-027,169.5,2026-09-23T16:00:00Z,GENERATOR,gs://well-workover-intervention-data/landing/generator/2026/09/23/well_status_history.parquet,BATCH-GELEKI-20260923-V1
EP-GK-130-028,GK-130,PRODUCING,2026-06-30,,,,,0.0,2026-09-23T16:00:00Z,GENERATOR,gs://well-workover-intervention-data/landing/generator/2026/09/23/well_status_history.parquet,BATCH-GELEKI-20260923-V1
EP-GK-131-001,GK-131,PRODUCING,2023-10-01,2024-03-03,,,,0.0,2026-09-23T16:00:00Z,GENERATOR,gs://well-workover-intervention-data/landing/generator/2026/09/23/well_status_history.parquet,BATCH-GELEKI-20260923-V1
EP-GK-131-002,GK-131,WAITING_ON_RIG,2024-03-04,2024-03-22,ROD_PART,False,,721.1,2026-09-23T16:00:00Z,GENERATOR,gs://well-workover-intervention-data/landing/generator/2026/09/23/well_status_history.parquet,BATCH-GELEKI-20260923-V1
EP-GK-131-003,GK-131,UNDER_WORKOVER,2024-03-23,2024-03-27,ROD_PART,False,WO-GK-131-003,216.3,2026-09-23T16:00:00Z,GENERATOR,gs://well-workover-intervention-data/landing/generator/2026/09/23/well_status_history.parquet,BATCH-GELEKI-20260923-V1
EP-GK-131-004,GK-131,PRODUCING,2024-03-28,2024-07-11,,,,0.0,2026-09-23T16:00:00Z,GENERATOR,gs://well-workover-intervention-data/landing/generator/2026/09/23/well_status_history.parquet,BATCH-GELEKI-20260923-V1
EP-GK-131-005,GK-131,WAITING_ON_RIG,2024-07-12,2024-07-16,SUDDEN_MECH,False,,216.3,2026-09-23T16:00:00Z,GENERATOR,gs://well-workover-intervention-data/landing/generator/2026/09/23/well_status_history.parquet,BATCH-GELEKI-20260923-V1
EP-GK-131-006,GK-131,UNDER_WORKOVER,2024-07-17,2024-07-17,SUDDEN_MECH,False,WO-GK-131-006,72.1,2026-09-23T16:00:00Z,GENERATOR,gs://well-workover-intervention-data/landing/generator/2026/09/23/well_status_history.parquet,BATCH-GELEKI-20260923-V1
EP-GK-131-007,GK-131,PRODUCING,2024-07-18,2024-12-07,,,,0.0,2026-09-23T16:00:00Z,GENERATOR,gs://well-workover-intervention-data/landing/generator/2026/09/23/well_status_history.parquet,BATCH-GELEKI-20260923-V1
EP-GK-131-008,GK-131,WAITING_ON_RIG,2024-12-08,2025-03-28,SUDDEN_MECH,False,,4038.0,2026-09-23T16:00:00Z,GENERATOR,gs://well-workover-intervention-data/landing/generator/2026/09/23/well_status_history.parquet,BATCH-GELEKI-20260923-V1
EP-GK-131-009,GK-131,UNDER_WORKOVER,2025-03-29,2025-05-03,SUDDEN_MECH,False,WO-GK-131-009,1334.0,2026-09-23T16:00:00Z,GENERATOR,gs://well-workover-intervention-data/landing/generator/2026/09/23/well_status_history.parquet,BATCH-GELEKI-20260923-V1
EP-GK-131-010,GK-131,PRODUCING,2025-05-04,2025-10-11,,,,0.0,2026-09-23T16:00:00Z,GENERATOR,gs://well-workover-intervention-data/landing/generator/2026/09/23/well_status_history.parquet,BATCH-GELEKI-20260923-V1
EP-GK-131-011,GK-131,WAITING_ON_RIG,2025-10-12,2025-10-17,SUDDEN_MECH,False,,252.4,2026-09-23T16:00:00Z,GENERATOR,gs://well-workover-intervention-data/landing/generator/2026/09/23/well_status_history.parquet,BATCH-GELEKI-20260923-V1
EP-GK-131-012,GK-131,UNDER_WORKOVER,2025-10-18,2025-10-18,SUDDEN_MECH,False,WO-GK-131-012,72.1,2026-09-23T16:00:00Z,GENERATOR,gs://well-workover-intervention-data/landing/generator/2026/09/23/well_status_history.parquet,BATCH-GELEKI-20260923-V1
EP-GK-131-013,GK-131,PRODUCING,2025-10-19,2026-01-23,,,,0.0,2026-09-23T16:00:00Z,GENERATOR,gs://well-workover-intervention-data/landing/generator/2026/09/23/well_status_history.parquet,BATCH-GELEKI-20260923-V1
EP-GK-131-014,GK-131,WAITING_ON_RIG,2026-01-24,2026-02-06,WAX,False,,540.8,2026-09-23T16:00:00Z,GENERATOR,gs://well-workover-intervention-data/landing/generator/2026/09/23/well_status_history.parquet,BATCH-GELEKI-20260923-V1
EP-GK-131-015,GK-131,UNDER_WORKOVER,2026-02-07,2026-02-10,WAX,False,WO-GK-131-015,180.3,2026-09-23T16:00:00Z,GENERATOR,gs://well-workover-intervention-data/landing/generator/2026/09/23/well_status_history.parquet,BATCH-GELEKI-20260923-V1
EP-GK-131-016,GK-131,PRODUCING,2026-02-11,2026-08-06,,,,0.0,2026-09-23T16:00:00Z,GENERATOR,gs://well-workover-intervention-data/landing/generator/2026/09/23/well_status_history.parquet,BATCH-GELEKI-20260923-V1
EP-GK-131-017,GK-131,WAITING_ON_RIG,2026-08-07,2026-08-11,SUDDEN_MECH,False,,216.3,2026-09-23T16:00:00Z,GENERATOR,gs://well-workover-intervention-data/landing/generator/2026/09/23/well_status_history.parquet,BATCH-GELEKI-20260923-V1
EP-GK-131-018,GK-131,UNDER_WORKOVER,2026-08-12,2026-08-12,SUDDEN_MECH,False,WO-GK-131-018,72.1,2026-09-23T16:00:00Z,GENERATOR,gs://well-workover-intervention-data/landing/generator/2026/09/23/well_status_history.parquet,BATCH-GELEKI-20260923-V1
EP-GK-131-019,GK-131,PRODUCING,2026-08-13,,,,,0.0,2026-09-23T16:00:00Z,GENERATOR,gs://well-workover-intervention-data/landing/generator/2026/09/23/well_status_history.parquet,BATCH-GELEKI-20260923-V1
EP-GK-132-001,GK-132,PRODUCING,2023-10-01,2023-12-22,,,,0.0,2026-09-23T16:00:00Z,GENERATOR,gs://well-workover-intervention-data/landing/generator/2026/09/23/well_status_history.parquet,BATCH-GELEKI-20260923-V1
EP-GK-132-002,GK-132,UNDER_WORKOVER,2023-12-23,2023-12-24,GL_HEADING,True,WO-GK-132-002,244.9,2026-09-23T16:00:00Z,GENERATOR,gs://well-workover-intervention-data/landing/generator/2026/09/23/well_status_history.parquet,BATCH-GELEKI-20260923-V1
EP-GK-132-003,GK-132,PRODUCING,2023-12-25,2024-04-23,,,,0.0,2026-09-23T16:00:00Z,GENERATOR,gs://well-workover-intervention-data/landing/generator/2026/09/23/well_status_history.parquet,BATCH-GELEKI-20260923-V1
EP-GK-132-004,GK-132,WAITING_ON_RIG,2024-04-24,2024-05-24,GL_INJ_ANOMALY,False,,2612.4,2026-09-23T16:00:00Z,GENERATOR,gs://well-workover-intervention-data/landing/generator/2026/09/23/well_status_history.parquet,BATCH-GELEKI-20260923-V1
EP-GK-132-005,GK-132,UNDER_WORKOVER,2024-05-25,2024-06-02,GL_INJ_ANOMALY,False,WO-GK-132-005,816.4,2026-09-23T16:00:00Z,GENERATOR,gs://well-workover-intervention-data/landing/generator/2026/09/23/well_status_history.parquet,BATCH-GELEKI-20260923-V1
EP-GK-132-006,GK-132,PRODUCING,2024-06-03,2025-03-15,,,,0.0,2026-09-23T16:00:00Z,GENERATOR,gs://well-workover-intervention-data/landing/generator/2026/09/23/well_status_history.parquet,BATCH-GELEKI-20260923-V1
EP-GK-132-007,GK-132,UNDER_WORKOVER,2025-03-16,2025-03-17,GL_HEADING,True,WO-GK-132-007,244.9,2026-09-23T16:00:00Z,GENERATOR,gs://well-workover-intervention-data/landing/generator/2026/09/23/well_status_history.parquet,BATCH-GELEKI-20260923-V1
EP-GK-132-008,GK-132,PRODUCING,2025-03-18,2025-12-30,,,,0.0,2026-09-23T16:00:00Z,GENERATOR,gs://well-workover-intervention-data/landing/generator/2026/09/23/well_status_history.parquet,BATCH-GELEKI-20260923-V1
EP-GK-132-009,GK-132,WAITING_ON_RIG,2025-12-31,2026-01-19,GL_INJ_ANOMALY,False,,1714.4,2026-09-23T16:00:00Z,GENERATOR,gs://well-workover-intervention-data/landing/generator/2026/09/23/well_status_history.parquet,BATCH-GELEKI-20260923-V1
EP-GK-132-010,GK-132,UNDER_WORKOVER,2026-01-20,2026-01-25,GL_INJ_ANOMALY,False,WO-GK-132-010,571.5,2026-09-23T16:00:00Z,GENERATOR,gs://well-workover-intervention-data/landing/generator/2026/09/23/well_status_history.parquet,BATCH-GELEKI-20260923-V1
EP-GK-132-011,GK-132,PRODUCING,2026-01-26,,,,,0.0,2026-09-23T16:00:00Z,GENERATOR,gs://well-workover-intervention-data/landing/generator/2026/09/23/well_status_history.parquet,BATCH-GELEKI-20260923-V1
EP-GK-133-001,GK-133,PRODUCING,2023-10-01,2023-12-07,,,,0.0,2026-09-23T16:00:00Z,GENERATOR,gs://well-workover-intervention-data/landing/generator/2026/09/23/well_status_history.parquet,BATCH-GELEKI-20260923-V1
EP-GK-133-002,GK-133,UNDER_WORKOVER,2023-12-08,2023-12-09,SURFACE,True,WO-GK-133-002,251.6,2026-09-23T16:00:00Z,GENERATOR,gs://well-workover-intervention-data/landing/generator/2026/09/23/well_status_history.parquet,BATCH-GELEKI-20260923-V1
EP-GK-133-003,GK-133,PRODUCING,2023-12-10,2024-05-22,,,,0.0,2026-09-23T16:00:00Z,GENERATOR,gs://well-workover-intervention-data/landing/generator/2026/09/23/well_status_history.parquet,BATCH-GELEKI-20260923-V1
EP-GK-133-004,GK-133,WAITING_ON_RIG,2024-05-23,2024-08-10,GL_INJ_ANOMALY,False,,6793.5,2026-09-23T16:00:00Z,GENERATOR,gs://well-workover-intervention-data/landing/generator/2026/09/23/well_status_history.parquet,BATCH-GELEKI-20260923-V1
EP-GK-133-005,GK-133,UNDER_WORKOVER,2024-08-11,2024-09-05,GL_INJ_ANOMALY,False,WO-GK-133-005,2264.5,2026-09-23T16:00:00Z,GENERATOR,gs://well-workover-intervention-data/landing/generator/2026/09/23/well_status_history.parquet,BATCH-GELEKI-20260923-V1
EP-GK-133-006,GK-133,PRODUCING,2024-09-06,2024-12-04,,,,0.0,2026-09-23T16:00:00Z,GENERATOR,gs://well-workover-intervention-data/landing/generator/2026/09/23/well_status_history.parquet,BATCH-GELEKI-20260923-V1
EP-GK-133-007,GK-133,WAITING_ON_RIG,2024-12-05,2024-12-23,TUBING_LEAK,False,,1677.4,2026-09-23T16:00:00Z,GENERATOR,gs://well-workover-intervention-data/landing/generator/2026/09/23/well_status_history.parquet,BATCH-GELEKI-20260923-V1
EP-GK-133-008,GK-133,UNDER_WORKOVER,2024-12-24,2024-12-29,TUBING_LEAK,False,WO-GK-133-008,587.1,2026-09-23T16:00:00Z,GENERATOR,gs://well-workover-intervention-data/landing/generator/2026/09/23/well_status_history.parquet,BATCH-GELEKI-20260923-V1
EP-GK-133-009,GK-133,PRODUCING,2024-12-30,2025-06-11,,,,0.0,2026-09-23T16:00:00Z,GENERATOR,gs://well-workover-intervention-data/landing/generator/2026/09/23/well_status_history.parquet,BATCH-GELEKI-20260923-V1
EP-GK-133-010,GK-133,WAITING_ON_RIG,2025-06-12,2025-07-26,TUBING_LEAK,False,,3858.1,2026-09-23T16:00:00Z,GENERATOR,gs://well-workover-intervention-data/landing/generator/2026/09/23/well_status_history.parquet,BATCH-GELEKI-20260923-V1
EP-GK-133-011,GK-133,UNDER_WORKOVER,2025-07-27,2025-08-09,TUBING_LEAK,False,WO-GK-133-011,1258.1,2026-09-23T16:00:00Z,GENERATOR,gs://well-workover-intervention-data/landing/generator/2026/09/23/well_status_history.parquet,BATCH-GELEKI-20260923-V1
EP-GK-133-012,GK-133,PRODUCING,2025-08-10,2026-01-08,,,,0.0,2026-09-23T16:00:00Z,GENERATOR,gs://well-workover-intervention-data/landing/generator/2026/09/23/well_status_history.parquet,BATCH-GELEKI-20260923-V1
EP-GK-133-013,GK-133,WAITING_ON_RIG,2026-01-09,2026-05-16,WAX,False,,10819.3,2026-09-23T16:00:00Z,GENERATOR,gs://well-workover-intervention-data/landing/generator/2026/09/23/well_status_history.parquet,BATCH-GELEKI-20260923-V1
EP-GK-133-014,GK-133,UNDER_WORKOVER,2026-05-17,2026-06-27,WAX,False,WO-GK-133-014,3606.4,2026-09-23T16:00:00Z,GENERATOR,gs://well-workover-intervention-data/landing/generator/2026/09/23/well_status_history.parquet,BATCH-GELEKI-20260923-V1
EP-GK-133-015,GK-133,PRODUCING,2026-06-28,2026-09-25,,,,0.0,2026-09-23T16:00:00Z,GENERATOR,gs://well-workover-intervention-data/landing/generator/2026/09/23/well_status_history.parquet,BATCH-GELEKI-20260923-V1
EP-GK-133-016,GK-133,WAITING_ON_RIG,2026-09-26,,WAX,False,,0.0,2026-09-23T16:00:00Z,GENERATOR,gs://well-workover-intervention-data/landing/generator/2026/09/23/well_status_history.parquet,BATCH-GELEKI-20260923-V1
EP-GK-134-001,GK-134,WAITING_ON_RIG,2023-10-01,2023-10-03,GL_INJ_ANOMALY,False,,1911.9,2026-09-23T16:00:00Z,GENERATOR,gs://well-workover-intervention-data/landing/generator/2026/09/23/well_status_history.parquet,BATCH-GELEKI-20260923-V1
EP-GK-134-002,GK-134,UNDER_WORKOVER,2023-10-04,2023-10-10,GL_INJ_ANOMALY,False,WO-GK-134-002,588.3,2026-09-23T16:00:00Z,GENERATOR,gs://well-workover-intervention-data/landing/generator/2026/09/23/well_status_history.parquet,BATCH-GELEKI-20260923-V1
EP-GK-134-003,GK-134,PRODUCING,2023-10-11,2024-01-05,,,,0.0,2026-09-23T16:00:00Z,GENERATOR,gs://well-workover-intervention-data/landing/generator/2026/09/23/well_status_history.parquet,BATCH-GELEKI-20260923-V1
EP-GK-134-004,GK-134,WAITING_ON_RIG,2024-01-06,2024-01-10,GL_LOADING,False,,441.2,2026-09-23T16:00:00Z,GENERATOR,gs://well-workover-intervention-data/landing/generator/2026/09/23/well_status_history.parquet,BATCH-GELEKI-20260923-V1
EP-GK-134-005,GK-134,UNDER_WORKOVER,2024-01-11,2024-01-11,GL_LOADING,False,WO-GK-134-005,147.1,2026-09-23T16:00:00Z,GENERATOR,gs://well-workover-intervention-data/landing/generator/2026/09/23/well_status_history.parquet,BATCH-GELEKI-20260923-V1
EP-GK-134-006,GK-134,PRODUCING,2024-01-12,2024-06-08,,,,0.0,2026-09-23T16:00:00Z,GENERATOR,gs://well-workover-intervention-data/landing/generator/2026/09/23/well_status_history.parquet,BATCH-GELEKI-20260923-V1
EP-GK-134-007,GK-134,WAITING_ON_RIG,2024-06-09,2024-07-02,GL_LOADING,False,,1838.4,2026-09-23T16:00:00Z,GENERATOR,gs://well-workover-intervention-data/landing/generator/2026/09/23/well_status_history.parquet,BATCH-GELEKI-20260923-V1
EP-GK-134-008,GK-134,UNDER_WORKOVER,2024-07-03,2024-07-09,GL_LOADING,False,WO-GK-134-008,588.3,2026-09-23T16:00:00Z,GENERATOR,gs://well-workover-intervention-data/landing/generator/2026/09/23/well_status_history.parquet,BATCH-GELEKI-20260923-V1
EP-GK-134-009,GK-134,PRODUCING,2024-07-10,2024-10-30,,,,0.0,2026-09-23T16:00:00Z,GENERATOR,gs://well-workover-intervention-data/landing/generator/2026/09/23/well_status_history.parquet,BATCH-GELEKI-20260923-V1
EP-GK-134-010,GK-134,WAITING_ON_RIG,2024-10-31,2025-03-20,TUBING_LEAK,False,,10442.0,2026-09-23T16:00:00Z,GENERATOR,gs://well-workover-intervention-data/landing/generator/2026/09/23/well_status_history.parquet,BATCH-GELEKI-20260923-V1
EP-GK-134-011,GK-134,UNDER_WORKOVER,2025-03-21,2025-05-06,TUBING_LEAK,False,WO-GK-134-011,3529.7,2026-09-23T16:00:00Z,GENERATOR,gs://well-workover-intervention-data/landing/generator/2026/09/23/well_status_history.parquet,BATCH-GELEKI-20260923-V1
EP-GK-134-012,GK-134,PRODUCING,2025-05-07,2025-07-13,,,,0.0,2026-09-23T16:00:00Z,GENERATOR,gs://well-workover-intervention-data/landing/generator/2026/09/23/well_status_history.parquet,BATCH-GELEKI-20260923-V1
EP-GK-134-013,GK-134,WAITING_ON_RIG,2025-07-14,2025-07-23,GL_LOADING,False,,808.9,2026-09-23T16:00:00Z,GENERATOR,gs://well-workover-intervention-data/landing/generator/2026/09/23/well_status_history.parquet,BATCH-GELEKI-20260923-V1
EP-GK-134-014,GK-134,UNDER_WORKOVER,2025-07-24,2025-07-26,GL_LOADING,False,WO-GK-134-014,294.1,2026-09-23T16:00:00Z,GENERATOR,gs://well-workover-intervention-data/landing/generator/2026/09/23/well_status_history.parquet,BATCH-GELEKI-20260923-V1
EP-GK-134-015,GK-134,PRODUCING,2025-07-27,2025-10-24,,,,0.0,2026-09-23T16:00:00Z,GENERATOR,gs://well-workover-intervention-data/landing/generator/2026/09/23/well_status_history.parquet,BATCH-GELEKI-20260923-V1
EP-GK-134-016,GK-134,WAITING_ON_RIG,2025-10-25,2025-12-15,TUBING_LEAK,False,,3897.4,2026-09-23T16:00:00Z,GENERATOR,gs://well-workover-intervention-data/landing/generator/2026/09/23/well_status_history.parquet,BATCH-GELEKI-20260923-V1
EP-GK-134-017,GK-134,UNDER_WORKOVER,2025-12-16,2026-01-01,TUBING_LEAK,False,WO-GK-134-017,1323.6,2026-09-23T16:00:00Z,GENERATOR,gs://well-workover-intervention-data/landing/generator/2026/09/23/well_status_history.parquet,BATCH-GELEKI-20260923-V1
EP-GK-134-018,GK-134,PRODUCING,2026-01-02,2026-04-26,,,,0.0,2026-09-23T16:00:00Z,GENERATOR,gs://well-workover-intervention-data/landing/generator/2026/09/23/well_status_history.parquet,BATCH-GELEKI-20260923-V1
EP-GK-134-019,GK-134,UNDER_WORKOVER,2026-04-27,2026-04-28,WAX,True,WO-GK-134-019,220.6,2026-09-23T16:00:00Z,GENERATOR,gs://well-workover-intervention-data/landing/generator/2026/09/23/well_status_history.parquet,BATCH-GELEKI-20260923-V1
EP-GK-134-020,GK-134,PRODUCING,2026-04-29,2026-08-07,,,,0.0,2026-09-23T16:00:00Z,GENERATOR,gs://well-workover-intervention-data/landing/generator/2026/09/23/well_status_history.parquet,BATCH-GELEKI-20260923-V1
EP-GK-134-021,GK-134,UNDER_WORKOVER,2026-08-08,2026-08-08,GL_HEADING,True,WO-GK-134-021,147.1,2026-09-23T16:00:00Z,GENERATOR,gs://well-workover-intervention-data/landing/generator/2026/09/23/well_status_history.parquet,BATCH-GELEKI-20260923-V1
EP-GK-134-022,GK-134,PRODUCING,2026-08-09,,,,,0.0,2026-09-23T16:00:00Z,GENERATOR,gs://well-workover-intervention-data/landing/generator/2026/09/23/well_status_history.parquet,BATCH-GELEKI-20260923-V1
EP-GK-135-001,GK-135,PRODUCING,2023-10-01,2024-02-24,,,,0.0,2026-09-23T16:00:00Z,GENERATOR,gs://well-workover-intervention-data/landing/generator/2026/09/23/well_status_history.parquet,BATCH-GELEKI-20260923-V1
EP-GK-135-002,GK-135,WAITING_ON_RIG,2024-02-25,2024-03-09,ROD_PART,False,,776.7,2026-09-23T16:00:00Z,GENERATOR,gs://well-workover-intervention-data/landing/generator/2026/09/23/well_status_history.parquet,BATCH-GELEKI-20260923-V1
EP-GK-135-003,GK-135,UNDER_WORKOVER,2024-03-10,2024-03-13,ROD_PART,False,WO-GK-135-003,258.9,2026-09-23T16:00:00Z,GENERATOR,gs://well-workover-intervention-data/landing/generator/2026/09/23/well_status_history.parquet,BATCH-GELEKI-20260923-V1
EP-GK-135-004,GK-135,PRODUCING,2024-03-14,2024-09-06,,,,0.0,2026-09-23T16:00:00Z,GENERATOR,gs://well-workover-intervention-data/landing/generator/2026/09/23/well_status_history.parquet,BATCH-GELEKI-20260923-V1
EP-GK-135-005,GK-135,UNDER_WORKOVER,2024-09-07,2024-09-08,SCALE,True,WO-GK-135-005,155.3,2026-09-23T16:00:00Z,GENERATOR,gs://well-workover-intervention-data/landing/generator/2026/09/23/well_status_history.parquet,BATCH-GELEKI-20260923-V1
EP-GK-135-006,GK-135,PRODUCING,2024-09-09,2025-01-08,,,,0.0,2026-09-23T16:00:00Z,GENERATOR,gs://well-workover-intervention-data/landing/generator/2026/09/23/well_status_history.parquet,BATCH-GELEKI-20260923-V1
EP-GK-135-007,GK-135,WAITING_ON_RIG,2025-01-09,2025-01-30,SAND,False,,1190.9,2026-09-23T16:00:00Z,GENERATOR,gs://well-workover-intervention-data/landing/generator/2026/09/23/well_status_history.parquet,BATCH-GELEKI-20260923-V1
EP-GK-135-008,GK-135,UNDER_WORKOVER,2025-01-31,2025-02-06,SAND,False,WO-GK-135-008,414.2,2026-09-23T16:00:00Z,GENERATOR,gs://well-workover-intervention-data/landing/generator/2026/09/23/well_status_history.parquet,BATCH-GELEKI-20260923-V1
EP-GK-135-009,GK-135,PRODUCING,2025-02-07,2025-07-17,,,,0.0,2026-09-23T16:00:00Z,GENERATOR,gs://well-workover-intervention-data/landing/generator/2026/09/23/well_status_history.parquet,BATCH-GELEKI-20260923-V1
EP-GK-135-010,GK-135,UNDER_WORKOVER,2025-07-18,2025-07-19,SURFACE,True,WO-GK-135-010,155.3,2026-09-23T16:00:00Z,GENERATOR,gs://well-workover-intervention-data/landing/generator/2026/09/23/well_status_history.parquet,BATCH-GELEKI-20260923-V1
EP-GK-135-011,GK-135,PRODUCING,2025-07-20,2026-03-08,,,,0.0,2026-09-23T16:00:00Z,GENERATOR,gs://well-workover-intervention-data/landing/generator/2026/09/23/well_status_history.parquet,BATCH-GELEKI-20260923-V1
EP-GK-135-012,GK-135,UNDER_WORKOVER,2026-03-09,2026-03-09,WAX,True,WO-GK-135-012,103.6,2026-09-23T16:00:00Z,GENERATOR,gs://well-workover-intervention-data/landing/generator/2026/09/23/well_status_history.parquet,BATCH-GELEKI-20260923-V1
EP-GK-135-013,GK-135,PRODUCING,2026-03-10,2026-07-31,,,,0.0,2026-09-23T16:00:00Z,GENERATOR,gs://well-workover-intervention-data/landing/generator/2026/09/23/well_status_history.parquet,BATCH-GELEKI-20260923-V1
EP-GK-135-014,GK-135,WAITING_ON_RIG,2026-08-01,2026-08-09,PUMP_WEAR,False,,517.8,2026-09-23T16:00:00Z,GENERATOR,gs://well-workover-intervention-data/landing/generator/2026/09/23/well_status_history.parquet,BATCH-GELEKI-20260923-V1
EP-GK-135-015,GK-135,UNDER_WORKOVER,2026-08-10,2026-08-12,PUMP_WEAR,False,WO-GK-135-015,207.1,2026-09-23T16:00:00Z,GENERATOR,gs://well-workover-intervention-data/landing/generator/2026/09/23/well_status_history.parquet,BATCH-GELEKI-20260923-V1
EP-GK-135-016,GK-135,PRODUCING,2026-08-13,,,,,0.0,2026-09-23T16:00:00Z,GENERATOR,gs://well-workover-intervention-data/landing/generator/2026/09/23/well_status_history.parquet,BATCH-GELEKI-20260923-V1
EP-GK-136-001,GK-136,PRODUCING,2023-10-01,2024-01-05,,,,0.0,2026-09-23T16:00:00Z,GENERATOR,gs://well-workover-intervention-data/landing/generator/2026/09/23/well_status_history.parquet,BATCH-GELEKI-20260923-V1
EP-GK-136-002,GK-136,WAITING_ON_RIG,2024-01-06,2024-01-18,SAND,False,,1100.0,2026-09-23T16:00:00Z,GENERATOR,gs://well-workover-intervention-data/landing/generator/2026/09/23/well_status_history.parquet,BATCH-GELEKI-20260923-V1
EP-GK-136-003,GK-136,UNDER_WORKOVER,2024-01-19,2024-01-21,SAND,False,WO-GK-136-003,314.3,2026-09-23T16:00:00Z,GENERATOR,gs://well-workover-intervention-data/landing/generator/2026/09/23/well_status_history.parquet,BATCH-GELEKI-20260923-V1
EP-GK-136-004,GK-136,PRODUCING,2024-01-22,2024-08-07,,,,0.0,2026-09-23T16:00:00Z,GENERATOR,gs://well-workover-intervention-data/landing/generator/2026/09/23/well_status_history.parquet,BATCH-GELEKI-20260923-V1
EP-GK-136-005,GK-136,WAITING_ON_RIG,2024-08-08,2024-09-11,OTHER,False,,2828.6,2026-09-23T16:00:00Z,GENERATOR,gs://well-workover-intervention-data/landing/generator/2026/09/23/well_status_history.parquet,BATCH-GELEKI-20260923-V1
EP-GK-136-006,GK-136,UNDER_WORKOVER,2024-09-12,2024-09-22,OTHER,False,WO-GK-136-006,942.9,2026-09-23T16:00:00Z,GENERATOR,gs://well-workover-intervention-data/landing/generator/2026/09/23/well_status_history.parquet,BATCH-GELEKI-20260923-V1
EP-GK-136-007,GK-136,PRODUCING,2024-09-23,2024-12-05,,,,0.0,2026-09-23T16:00:00Z,GENERATOR,gs://well-workover-intervention-data/landing/generator/2026/09/23/well_status_history.parquet,BATCH-GELEKI-20260923-V1
EP-GK-136-008,GK-136,WAITING_ON_RIG,2024-12-06,2025-01-13,SAND,False,,3142.9,2026-09-23T16:00:00Z,GENERATOR,gs://well-workover-intervention-data/landing/generator/2026/09/23/well_status_history.parquet,BATCH-GELEKI-20260923-V1
EP-GK-136-009,GK-136,UNDER_WORKOVER,2025-01-14,2025-01-25,SAND,False,WO-GK-136-009,1021.5,2026-09-23T16:00:00Z,GENERATOR,gs://well-workover-intervention-data/landing/generator/2026/09/23/well_status_history.parquet,BATCH-GELEKI-20260923-V1
EP-GK-136-010,GK-136,PRODUCING,2025-01-26,2025-12-16,,,,0.0,2026-09-23T16:00:00Z,GENERATOR,gs://well-workover-intervention-data/landing/generator/2026/09/23/well_status_history.parquet,BATCH-GELEKI-20260923-V1
EP-GK-136-011,GK-136,WAITING_ON_RIG,2025-12-17,2026-01-27,WAX,False,,3378.6,2026-09-23T16:00:00Z,GENERATOR,gs://well-workover-intervention-data/landing/generator/2026/09/23/well_status_history.parquet,BATCH-GELEKI-20260923-V1
EP-GK-136-012,GK-136,UNDER_WORKOVER,2026-01-28,2026-02-09,WAX,False,WO-GK-136-012,1100.0,2026-09-23T16:00:00Z,GENERATOR,gs://well-workover-intervention-data/landing/generator/2026/09/23/well_status_history.parquet,BATCH-GELEKI-20260923-V1
EP-GK-136-013,GK-136,PRODUCING,2026-02-10,2026-06-29,,,,0.0,2026-09-23T16:00:00Z,GENERATOR,gs://well-workover-intervention-data/landing/generator/2026/09/23/well_status_history.parquet,BATCH-GELEKI-20260923-V1
EP-GK-136-014,GK-136,WAITING_ON_RIG,2026-06-30,2026-07-06,ROD_PART,False,,628.6,2026-09-23T16:00:00Z,GENERATOR,gs://well-workover-intervention-data/landing/generator/2026/09/23/well_status_history.parquet,BATCH-GELEKI-20260923-V1
EP-GK-136-015,GK-136,UNDER_WORKOVER,2026-07-07,2026-07-07,ROD_PART,False,WO-GK-136-015,157.1,2026-09-23T16:00:00Z,GENERATOR,gs://well-workover-intervention-data/landing/generator/2026/09/23/well_status_history.parquet,BATCH-GELEKI-20260923-V1
EP-GK-136-016,GK-136,PRODUCING,2026-07-08,,,,,0.0,2026-09-23T16:00:00Z,GENERATOR,gs://well-workover-intervention-data/landing/generator/2026/09/23/well_status_history.parquet,BATCH-GELEKI-20260923-V1
EP-GK-137-001,GK-137,PRODUCING,2023-10-01,2023-12-18,,,,0.0,2026-09-23T16:00:00Z,GENERATOR,gs://well-workover-intervention-data/landing/generator/2026/09/23/well_status_history.parquet,BATCH-GELEKI-20260923-V1
EP-GK-137-002,GK-137,UNDER_WORKOVER,2023-12-19,2023-12-19,SCALE,True,WO-GK-137-002,242.5,2026-09-23T16:00:00Z,GENERATOR,gs://well-workover-intervention-data/landing/generator/2026/09/23/well_status_history.parquet,BATCH-GELEKI-20260923-V1
EP-GK-137-003,GK-137,PRODUCING,2023-12-20,2024-03-09,,,,0.0,2026-09-23T16:00:00Z,GENERATOR,gs://well-workover-intervention-data/landing/generator/2026/09/23/well_status_history.parquet,BATCH-GELEKI-20260923-V1
EP-GK-137-004,GK-137,WAITING_ON_RIG,2024-03-10,2024-04-10,WAX,False,,4001.7,2026-09-23T16:00:00Z,GENERATOR,gs://well-workover-intervention-data/landing/generator/2026/09/23/well_status_history.parquet,BATCH-GELEKI-20260923-V1
EP-GK-137-005,GK-137,UNDER_WORKOVER,2024-04-11,2024-04-20,WAX,False,WO-GK-137-005,1333.9,2026-09-23T16:00:00Z,GENERATOR,gs://well-workover-intervention-data/landing/generator/2026/09/23/well_status_history.parquet,BATCH-GELEKI-20260923-V1
EP-GK-137-006,GK-137,PRODUCING,2024-04-21,2024-07-11,,,,0.0,2026-09-23T16:00:00Z,GENERATOR,gs://well-workover-intervention-data/landing/generator/2026/09/23/well_status_history.parquet,BATCH-GELEKI-20260923-V1
EP-GK-137-007,GK-137,UNDER_WORKOVER,2024-07-12,2024-07-13,WAX,True,WO-GK-137-007,363.8,2026-09-23T16:00:00Z,GENERATOR,gs://well-workover-intervention-data/landing/generator/2026/09/23/well_status_history.parquet,BATCH-GELEKI-20260923-V1
EP-GK-137-008,GK-137,PRODUCING,2024-07-14,2024-11-08,,,,0.0,2026-09-23T16:00:00Z,GENERATOR,gs://well-workover-intervention-data/landing/generator/2026/09/23/well_status_history.parquet,BATCH-GELEKI-20260923-V1
EP-GK-137-009,GK-137,WAITING_ON_RIG,2024-11-09,2024-12-11,TUBING_LEAK,False,,4122.9,2026-09-23T16:00:00Z,GENERATOR,gs://well-workover-intervention-data/landing/generator/2026/09/23/well_status_history.parquet,BATCH-GELEKI-20260923-V1
EP-GK-137-010,GK-137,UNDER_WORKOVER,2024-12-12,2024-12-22,TUBING_LEAK,False,WO-GK-137-010,1455.2,2026-09-23T16:00:00Z,GENERATOR,gs://well-workover-intervention-data/landing/generator/2026/09/23/well_status_history.parquet,BATCH-GELEKI-20260923-V1
EP-GK-137-011,GK-137,PRODUCING,2024-12-23,2025-04-09,,,,0.0,2026-09-23T16:00:00Z,GENERATOR,gs://well-workover-intervention-data/landing/generator/2026/09/23/well_status_history.parquet,BATCH-GELEKI-20260923-V1
EP-GK-137-012,GK-137,WAITING_ON_RIG,2025-04-10,2025-04-14,PUMP_WEAR,False,,727.6,2026-09-23T16:00:00Z,GENERATOR,gs://well-workover-intervention-data/landing/generator/2026/09/23/well_status_history.parquet,BATCH-GELEKI-20260923-V1
EP-GK-137-013,GK-137,UNDER_WORKOVER,2025-04-15,2025-04-15,PUMP_WEAR,False,WO-GK-137-013,242.5,2026-09-23T16:00:00Z,GENERATOR,gs://well-workover-intervention-data/landing/generator/2026/09/23/well_status_history.parquet,BATCH-GELEKI-20260923-V1
EP-GK-137-014,GK-137,PRODUCING,2025-04-16,2025-08-27,,,,0.0,2026-09-23T16:00:00Z,GENERATOR,gs://well-workover-intervention-data/landing/generator/2026/09/23/well_status_history.parquet,BATCH-GELEKI-20260923-V1
EP-GK-137-015,GK-137,WAITING_ON_RIG,2025-08-28,2026-01-27,WAX,False,,18674.4,2026-09-23T16:00:00Z,GENERATOR,gs://well-workover-intervention-data/landing/generator/2026/09/23/well_status_history.parquet,BATCH-GELEKI-20260923-V1
EP-GK-137-016,GK-137,UNDER_WORKOVER,2026-01-28,2026-03-18,WAX,False,WO-GK-137-016,6184.4,2026-09-23T16:00:00Z,GENERATOR,gs://well-workover-intervention-data/landing/generator/2026/09/23/well_status_history.parquet,BATCH-GELEKI-20260923-V1
EP-GK-137-017,GK-137,PRODUCING,2026-03-19,2026-07-10,,,,0.0,2026-09-23T16:00:00Z,GENERATOR,gs://well-workover-intervention-data/landing/generator/2026/09/23/well_status_history.parquet,BATCH-GELEKI-20260923-V1
EP-GK-137-018,GK-137,WAITING_ON_RIG,2026-07-11,2026-08-18,WAX,False,,4850.5,2026-09-23T16:00:00Z,GENERATOR,gs://well-workover-intervention-data/landing/generator/2026/09/23/well_status_history.parquet,BATCH-GELEKI-20260923-V1
EP-GK-137-019,GK-137,UNDER_WORKOVER,2026-08-19,2026-08-30,WAX,False,WO-GK-137-019,1576.4,2026-09-23T16:00:00Z,GENERATOR,gs://well-workover-intervention-data/landing/generator/2026/09/23/well_status_history.parquet,BATCH-GELEKI-20260923-V1
EP-GK-137-020,GK-137,PRODUCING,2026-08-31,,,,,0.0,2026-09-23T16:00:00Z,GENERATOR,gs://well-workover-intervention-data/landing/generator/2026/09/23/well_status_history.parquet,BATCH-GELEKI-20260923-V1
EP-GK-138-001,GK-138,WAITING_ON_RIG,2023-10-01,2023-10-02,TUBING_LEAK,False,,775.2,2026-09-23T16:00:00Z,GENERATOR,gs://well-workover-intervention-data/landing/generator/2026/09/23/well_status_history.parquet,BATCH-GELEKI-20260923-V1
EP-GK-138-002,GK-138,UNDER_WORKOVER,2023-10-03,2023-10-03,TUBING_LEAK,False,WO-GK-138-002,193.8,2026-09-23T16:00:00Z,GENERATOR,gs://well-workover-intervention-data/landing/generator/2026/09/23/well_status_history.parquet,BATCH-GELEKI-20260923-V1
EP-GK-138-003,GK-138,PRODUCING,2023-10-04,2024-02-20,,,,0.0,2026-09-23T16:00:00Z,GENERATOR,gs://well-workover-intervention-data/landing/generator/2026/09/23/well_status_history.parquet,BATCH-GELEKI-20260923-V1
EP-GK-138-004,GK-138,UNDER_WORKOVER,2024-02-21,2024-02-21,SURFACE,True,WO-GK-138-004,193.8,2026-09-23T16:00:00Z,GENERATOR,gs://well-workover-intervention-data/landing/generator/2026/09/23/well_status_history.parquet,BATCH-GELEKI-20260923-V1
EP-GK-138-005,GK-138,PRODUCING,2024-02-22,2024-05-18,,,,0.0,2026-09-23T16:00:00Z,GENERATOR,gs://well-workover-intervention-data/landing/generator/2026/09/23/well_status_history.parquet,BATCH-GELEKI-20260923-V1
EP-GK-138-006,GK-138,UNDER_WORKOVER,2024-05-19,2024-05-19,SURFACE,True,WO-GK-138-006,193.8,2026-09-23T16:00:00Z,GENERATOR,gs://well-workover-intervention-data/landing/generator/2026/09/23/well_status_history.parquet,BATCH-GELEKI-20260923-V1
EP-GK-138-007,GK-138,PRODUCING,2024-05-20,2025-05-06,,,,0.0,2026-09-23T16:00:00Z,GENERATOR,gs://well-workover-intervention-data/landing/generator/2026/09/23/well_status_history.parquet,BATCH-GELEKI-20260923-V1
EP-GK-138-008,GK-138,WAITING_ON_RIG,2025-05-07,2025-06-04,PUMP_WEAR,False,,2907.1,2026-09-23T16:00:00Z,GENERATOR,gs://well-workover-intervention-data/landing/generator/2026/09/23/well_status_history.parquet,BATCH-GELEKI-20260923-V1
EP-GK-138-009,GK-138,UNDER_WORKOVER,2025-06-05,2025-06-13,PUMP_WEAR,False,WO-GK-138-009,969.0,2026-09-23T16:00:00Z,GENERATOR,gs://well-workover-intervention-data/landing/generator/2026/09/23/well_status_history.parquet,BATCH-GELEKI-20260923-V1
EP-GK-138-010,GK-138,PRODUCING,2025-06-14,2025-09-18,,,,0.0,2026-09-23T16:00:00Z,GENERATOR,gs://well-workover-intervention-data/landing/generator/2026/09/23/well_status_history.parquet,BATCH-GELEKI-20260923-V1
EP-GK-138-011,GK-138,WAITING_ON_RIG,2025-09-19,2025-09-28,ROD_PART,False,,1065.9,2026-09-23T16:00:00Z,GENERATOR,gs://well-workover-intervention-data/landing/generator/2026/09/23/well_status_history.parquet,BATCH-GELEKI-20260923-V1
EP-GK-138-012,GK-138,UNDER_WORKOVER,2025-09-29,2025-10-01,ROD_PART,False,WO-GK-138-012,387.6,2026-09-23T16:00:00Z,GENERATOR,gs://well-workover-intervention-data/landing/generator/2026/09/23/well_status_history.parquet,BATCH-GELEKI-20260923-V1
EP-GK-138-013,GK-138,PRODUCING,2025-10-02,2026-01-30,,,,0.0,2026-09-23T16:00:00Z,GENERATOR,gs://well-workover-intervention-data/landing/generator/2026/09/23/well_status_history.parquet,BATCH-GELEKI-20260923-V1
EP-GK-138-014,GK-138,UNDER_WORKOVER,2026-01-31,2026-02-01,WAX,True,WO-GK-138-014,290.7,2026-09-23T16:00:00Z,GENERATOR,gs://well-workover-intervention-data/landing/generator/2026/09/23/well_status_history.parquet,BATCH-GELEKI-20260923-V1
EP-GK-138-015,GK-138,PRODUCING,2026-02-02,2026-04-14,,,,0.0,2026-09-23T16:00:00Z,GENERATOR,gs://well-workover-intervention-data/landing/generator/2026/09/23/well_status_history.parquet,BATCH-GELEKI-20260923-V1
EP-GK-138-016,GK-138,WAITING_ON_RIG,2026-04-15,2026-06-01,SUDDEN_MECH,False,,4748.3,2026-09-23T16:00:00Z,GENERATOR,gs://well-workover-intervention-data/landing/generator/2026/09/23/well_status_history.parquet,BATCH-GELEKI-20260923-V1
EP-GK-138-017,GK-138,UNDER_WORKOVER,2026-06-02,2026-06-16,SUDDEN_MECH,False,WO-GK-138-017,1550.4,2026-09-23T16:00:00Z,GENERATOR,gs://well-workover-intervention-data/landing/generator/2026/09/23/well_status_history.parquet,BATCH-GELEKI-20260923-V1
EP-GK-138-018,GK-138,PRODUCING,2026-06-17,,,,,0.0,2026-09-23T16:00:00Z,GENERATOR,gs://well-workover-intervention-data/landing/generator/2026/09/23/well_status_history.parquet,BATCH-GELEKI-20260923-V1
EP-GK-147-001,GK-147,PRODUCING,2023-10-01,2024-03-17,,,,0.0,2026-09-23T16:00:00Z,GENERATOR,gs://well-workover-intervention-data/landing/generator/2026/09/23/well_status_history.parquet,BATCH-GELEKI-20260923-V1
EP-GK-147-002,GK-147,WAITING_ON_RIG,2024-03-18,2024-03-28,OTHER,False,,441.6,2026-09-23T16:00:00Z,GENERATOR,gs://well-workover-intervention-data/landing/generator/2026/09/23/well_status_history.parquet,BATCH-GELEKI-20260923-V1
EP-GK-147-003,GK-147,UNDER_WORKOVER,2024-03-29,2024-03-31,OTHER,False,WO-GK-147-003,147.2,2026-09-23T16:00:00Z,GENERATOR,gs://well-workover-intervention-data/landing/generator/2026/09/23/well_status_history.parquet,BATCH-GELEKI-20260923-V1
EP-GK-147-004,GK-147,PRODUCING,2024-04-01,2025-05-11,,,,0.0,2026-09-23T16:00:00Z,GENERATOR,gs://well-workover-intervention-data/landing/generator/2026/09/23/well_status_history.parquet,BATCH-GELEKI-20260923-V1
EP-GK-147-005,GK-147,WAITING_ON_RIG,2025-05-12,2025-05-16,TUBING_LEAK,False,,220.8,2026-09-23T16:00:00Z,GENERATOR,gs://well-workover-intervention-data/landing/generator/2026/09/23/well_status_history.parquet,BATCH-GELEKI-20260923-V1
EP-GK-147-006,GK-147,UNDER_WORKOVER,2025-05-17,2025-05-17,TUBING_LEAK,False,WO-GK-147-006,73.6,2026-09-23T16:00:00Z,GENERATOR,gs://well-workover-intervention-data/landing/generator/2026/09/23/well_status_history.parquet,BATCH-GELEKI-20260923-V1
EP-GK-147-007,GK-147,PRODUCING,2025-05-18,2025-12-07,,,,0.0,2026-09-23T16:00:00Z,GENERATOR,gs://well-workover-intervention-data/landing/generator/2026/09/23/well_status_history.parquet,BATCH-GELEKI-20260923-V1
EP-GK-147-008,GK-147,WAITING_ON_RIG,2025-12-08,2025-12-16,TUBING_LEAK,False,,368.0,2026-09-23T16:00:00Z,GENERATOR,gs://well-workover-intervention-data/landing/generator/2026/09/23/well_status_history.parquet,BATCH-GELEKI-20260923-V1
EP-GK-147-009,GK-147,UNDER_WORKOVER,2025-12-17,2025-12-18,TUBING_LEAK,False,WO-GK-147-009,110.4,2026-09-23T16:00:00Z,GENERATOR,gs://well-workover-intervention-data/landing/generator/2026/09/23/well_status_history.parquet,BATCH-GELEKI-20260923-V1
EP-GK-147-010,GK-147,PRODUCING,2025-12-19,,,,,0.0,2026-09-23T16:00:00Z,GENERATOR,gs://well-workover-intervention-data/landing/generator/2026/09/23/well_status_history.parquet,BATCH-GELEKI-20260923-V1
EP-GK-214-001,GK-214,PRODUCING,2023-10-01,2024-03-29,,,,0.0,2026-09-23T16:00:00Z,GENERATOR,gs://well-workover-intervention-data/landing/generator/2026/09/23/well_status_history.parquet,BATCH-GELEKI-20260923-V1
EP-GK-214-002,GK-214,WAITING_ON_RIG,2024-03-30,2024-05-27,TUBING_LEAK,False,,1977.6,2026-09-23T16:00:00Z,GENERATOR,gs://well-workover-intervention-data/landing/generator/2026/09/23/well_status_history.parquet,BATCH-GELEKI-20260923-V1
EP-GK-214-003,GK-214,UNDER_WORKOVER,2024-05-28,2024-06-15,TUBING_LEAK,False,WO-GK-214-003,659.2,2026-09-23T16:00:00Z,GENERATOR,gs://well-workover-intervention-data/landing/generator/2026/09/23/well_status_history.parquet,BATCH-GELEKI-20260923-V1
EP-GK-214-004,GK-214,PRODUCING,2024-06-16,2025-03-05,,,,0.0,2026-09-23T16:00:00Z,GENERATOR,gs://well-workover-intervention-data/landing/generator/2026/09/23/well_status_history.parquet,BATCH-GELEKI-20260923-V1
EP-GK-214-005,GK-214,WAITING_ON_RIG,2025-03-06,2025-03-18,SUDDEN_MECH,False,,461.4,2026-09-23T16:00:00Z,GENERATOR,gs://well-workover-intervention-data/landing/generator/2026/09/23/well_status_history.parquet,BATCH-GELEKI-20260923-V1
EP-GK-214-006,GK-214,UNDER_WORKOVER,2025-03-19,2025-03-22,SUDDEN_MECH,False,WO-GK-214-006,164.8,2026-09-23T16:00:00Z,GENERATOR,gs://well-workover-intervention-data/landing/generator/2026/09/23/well_status_history.parquet,BATCH-GELEKI-20260923-V1
EP-GK-214-007,GK-214,PRODUCING,2025-03-23,2026-03-18,,,,0.0,2026-09-23T16:00:00Z,GENERATOR,gs://well-workover-intervention-data/landing/generator/2026/09/23/well_status_history.parquet,BATCH-GELEKI-20260923-V1
EP-GK-214-008,GK-214,WAITING_ON_RIG,2026-03-19,2026-04-02,ROD_PART,False,,527.4,2026-09-23T16:00:00Z,GENERATOR,gs://well-workover-intervention-data/landing/generator/2026/09/23/well_status_history.parquet,BATCH-GELEKI-20260923-V1
EP-GK-214-009,GK-214,UNDER_WORKOVER,2026-04-03,2026-04-07,ROD_PART,False,WO-GK-214-009,197.8,2026-09-23T16:00:00Z,GENERATOR,gs://well-workover-intervention-data/landing/generator/2026/09/23/well_status_history.parquet,BATCH-GELEKI-20260923-V1
EP-GK-214-010,GK-214,PRODUCING,2026-04-08,,,,,0.0,2026-09-23T16:00:00Z,GENERATOR,gs://well-workover-intervention-data/landing/generator/2026/09/23/well_status_history.parquet,BATCH-GELEKI-20260923-V1
EP-GK-141-001,GK-141,PRODUCING,2023-10-01,2024-01-25,,,,0.0,2026-09-23T16:00:00Z,GENERATOR,gs://well-workover-intervention-data/landing/generator/2026/09/23/well_status_history.parquet,BATCH-GELEKI-20260923-V1
EP-GK-141-002,GK-141,WAITING_ON_RIG,2024-01-26,2024-02-01,SAND,False,,332.8,2026-09-23T16:00:00Z,GENERATOR,gs://well-workover-intervention-data/landing/generator/2026/09/23/well_status_history.parquet,BATCH-GELEKI-20260923-V1
EP-GK-141-003,GK-141,UNDER_WORKOVER,2024-02-02,2024-02-03,SAND,False,WO-GK-141-003,124.8,2026-09-23T16:00:00Z,GENERATOR,gs://well-workover-intervention-data/landing/generator/2026/09/23/well_status_history.parquet,BATCH-GELEKI-20260923-V1
EP-GK-141-004,GK-141,PRODUCING,2024-02-04,2024-08-02,,,,0.0,2026-09-23T16:00:00Z,GENERATOR,gs://well-workover-intervention-data/landing/generator/2026/09/23/well_status_history.parquet,BATCH-GELEKI-20260923-V1
EP-GK-141-005,GK-141,WAITING_ON_RIG,2024-08-03,2024-09-02,WAX,False,,1331.2,2026-09-23T16:00:00Z,GENERATOR,gs://well-workover-intervention-data/landing/generator/2026/09/23/well_status_history.parquet,BATCH-GELEKI-20260923-V1
EP-GK-141-006,GK-141,UNDER_WORKOVER,2024-09-03,2024-09-12,WAX,False,WO-GK-141-006,457.6,2026-09-23T16:00:00Z,GENERATOR,gs://well-workover-intervention-data/landing/generator/2026/09/23/well_status_history.parquet,BATCH-GELEKI-20260923-V1
EP-GK-141-007,GK-141,PRODUCING,2024-09-13,2025-01-30,,,,0.0,2026-09-23T16:00:00Z,GENERATOR,gs://well-workover-intervention-data/landing/generator/2026/09/23/well_status_history.parquet,BATCH-GELEKI-20260923-V1
EP-GK-141-008,GK-141,WAITING_ON_RIG,2025-01-31,2025-02-05,ROD_PART,False,,291.2,2026-09-23T16:00:00Z,GENERATOR,gs://well-workover-intervention-data/landing/generator/2026/09/23/well_status_history.parquet,BATCH-GELEKI-20260923-V1
EP-GK-141-009,GK-141,UNDER_WORKOVER,2025-02-06,2025-02-06,ROD_PART,False,WO-GK-141-009,83.2,2026-09-23T16:00:00Z,GENERATOR,gs://well-workover-intervention-data/landing/generator/2026/09/23/well_status_history.parquet,BATCH-GELEKI-20260923-V1
EP-GK-141-010,GK-141,PRODUCING,2025-02-07,2025-08-07,,,,0.0,2026-09-23T16:00:00Z,GENERATOR,gs://well-workover-intervention-data/landing/generator/2026/09/23/well_status_history.parquet,BATCH-GELEKI-20260923-V1
EP-GK-141-011,GK-141,UNDER_WORKOVER,2025-08-08,2025-08-09,SURFACE,True,WO-GK-141-011,124.8,2026-09-23T16:00:00Z,GENERATOR,gs://well-workover-intervention-data/landing/generator/2026/09/23/well_status_history.parquet,BATCH-GELEKI-20260923-V1
EP-GK-141-012,GK-141,PRODUCING,2025-08-10,2026-04-16,,,,0.0,2026-09-23T16:00:00Z,GENERATOR,gs://well-workover-intervention-data/landing/generator/2026/09/23/well_status_history.parquet,BATCH-GELEKI-20260923-V1
EP-GK-141-013,GK-141,WAITING_ON_RIG,2026-04-17,2026-04-21,ROD_PART,False,,249.6,2026-09-23T16:00:00Z,GENERATOR,gs://well-workover-intervention-data/landing/generator/2026/09/23/well_status_history.parquet,BATCH-GELEKI-20260923-V1
EP-GK-141-014,GK-141,UNDER_WORKOVER,2026-04-22,2026-04-22,ROD_PART,False,WO-GK-141-014,83.2,2026-09-23T16:00:00Z,GENERATOR,gs://well-workover-intervention-data/landing/generator/2026/09/23/well_status_history.parquet,BATCH-GELEKI-20260923-V1
EP-GK-141-015,GK-141,PRODUCING,2026-04-23,,,,,0.0,2026-09-23T16:00:00Z,GENERATOR,gs://well-workover-intervention-data/landing/generator/2026/09/23/well_status_history.parquet,BATCH-GELEKI-20260923-V1
EP-GK-142-001,GK-142,SHUT_IN,2023-10-01,,OTHER,False,,0.0,2026-09-23T16:00:00Z,GENERATOR,gs://well-workover-intervention-data/landing/generator/2026/09/23/well_status_history.parquet,BATCH-GELEKI-20260923-V1
