workover_id,well_id,start_date,end_date,job_code,failure_code,is_rigless,rig_id,rig_days,pre_job_oil_bopd,post_job_oil_bopd,uplift_bopd,outcome,run_life_days,is_censored,damage_reset_frac,report_doc_id,_ingested_at,_source_system,_source_file,_batch_id
WO-GK-001-003,GK-001,2024-01-17,2024-01-24,JOB_PUMP_WEAR,PUMP_WEAR,False,RIG-ASSAM-04,9.0,86.0,116.1,30.1,SUCCESS,232,False,1.0,DOC-SCAN-GK-001-004,2026-09-23T16:00:00Z,GENERATOR,gs://well-workover-intervention-data/landing/generator/2026/09/23/workover_history.parquet,BATCH-GELEKI-20260923-V1
WO-GK-001-006,GK-001,2024-09-17,2024-09-21,JOB_TUBING_LEAK,TUBING_LEAK,False,RIG-ASSAM-01,6.0,82.0,110.7,28.7,SUCCESS,222,False,1.0,DOC-SCAN-GK-001-007,2026-09-23T16:00:00Z,GENERATOR,gs://well-workover-intervention-data/landing/generator/2026/09/23/workover_history.parquet,BATCH-GELEKI-20260923-V1
WO-GK-001-009,GK-001,2025-07-10,2025-07-21,JOB_TUBING_LEAK,TUBING_LEAK,False,RIG-ASSAM-02,13.0,77.3,104.4,27.1,SUCCESS,254,False,1.0,DOC-SCAN-GK-001-010,2026-09-23T16:00:00Z,GENERATOR,gs://well-workover-intervention-data/landing/generator/2026/09/23/workover_history.parquet,BATCH-GELEKI-20260923-V1
WO-GK-001-012,GK-001,2026-06-18,2026-07-07,JOB_WAX,WAX,False,RIG-ASSAM-04,21.0,72.5,97.9,25.4,SUCCESS,269,False,1.0,DOC-SCAN-GK-001-013,2026-09-23T16:00:00Z,GENERATOR,gs://well-workover-intervention-data/landing/generator/2026/09/23/workover_history.parquet,BATCH-GELEKI-20260923-V1
WO-GK-001-CENS,GK-001,2026-07-07,2026-09-30,NONE_CENSORED,NONE,False,,0.0,,,0.0,CENSORED,85,True,0.0,,2026-09-23T16:00:00Z,GENERATOR,gs://well-workover-intervention-data/landing/generator/2026/09/23/workover_history.parquet,BATCH-GELEKI-20260923-V1
WO-GK-002-003,GK-002,2023-12-20,2023-12-31,JOB_TUBING_LEAK,TUBING_LEAK,False,RIG-ASSAM-02,13.0,138.7,145.6,6.9,PARTIAL,98,False,0.5,DOC-SCAN-GK-002-004,2026-09-23T16:00:00Z,GENERATOR,gs://well-workover-intervention-data/landing/generator/2026/09/23/workover_history.parquet,BATCH-GELEKI-20260923-V1
WO-GK-002-006,GK-002,2024-06-08,2024-06-09,JOB_TUBING_LEAK,TUBING_LEAK,False,RIG-ASSAM-01,3.0,135.0,182.2,47.2,SUCCESS,153,False,1.0,DOC-SCAN-GK-002-007,2026-09-23T16:00:00Z,GENERATOR,gs://well-workover-intervention-data/landing/generator/2026/09/23/workover_history.parquet,BATCH-GELEKI-20260923-V1
WO-GK-002-008,GK-002,2024-12-02,2024-12-03,JOB_SURFACE,SURFACE,True,,0.0,131.2,137.8,6.6,PARTIAL,176,False,0.5,DOC-SCAN-GK-002-009,2026-09-23T16:00:00Z,GENERATOR,gs://well-workover-intervention-data/landing/generator/2026/09/23/workover_history.parquet,BATCH-GELEKI-20260923-V1
WO-GK-002-011,GK-002,2025-03-29,2025-03-29,JOB_PUMP_WEAR,PUMP_WEAR,False,RIG-ASSAM-02,2.0,128.8,173.9,45.1,SUCCESS,109,False,1.0,DOC-SCAN-GK-002-012,2026-09-23T16:00:00Z,GENERATOR,gs://well-workover-intervention-data/landing/generator/2026/09/23/workover_history.parquet,BATCH-GELEKI-20260923-V1
WO-GK-002-014,GK-002,2025-11-26,2025-12-16,JOB_SUDDEN_MECH,SUDDEN_MECH,False,RIG-ASSAM-01,22.0,123.5,166.7,43.2,SUCCESS,176,False,1.0,DOC-SCAN-GK-002-015,2026-09-23T16:00:00Z,GENERATOR,gs://well-workover-intervention-data/landing/generator/2026/09/23/workover_history.parquet,BATCH-GELEKI-20260923-V1
WO-GK-002-017,GK-002,2026-05-20,2026-05-21,JOB_SUDDEN_MECH,SUDDEN_MECH,False,RIG-ASSAM-04,3.0,120.6,162.8,42.2,SUCCESS,148,False,1.0,DOC-SCAN-GK-002-018,2026-09-23T16:00:00Z,GENERATOR,gs://well-workover-intervention-data/landing/generator/2026/09/23/workover_history.parquet,BATCH-GELEKI-20260923-V1
WO-GK-002-CENS,GK-002,2026-05-21,2026-09-30,NONE_CENSORED,NONE,False,,0.0,,,0.0,CENSORED,132,True,0.0,,2026-09-23T16:00:00Z,GENERATOR,gs://well-workover-intervention-data/landing/generator/2026/09/23/workover_history.parquet,BATCH-GELEKI-20260923-V1
WO-GK-003-003,GK-003,2024-02-21,2024-03-16,JOB_TUBING_LEAK,TUBING_LEAK,False,RIG-ASSAM-02,26.0,89.6,121.0,31.4,SUCCESS,144,False,1.0,DOC-SCAN-GK-003-004,2026-09-23T16:00:00Z,GENERATOR,gs://well-workover-intervention-data/landing/generator/2026/09/23/workover_history.parquet,BATCH-GELEKI-20260923-V1
WO-GK-003-005,GK-003,2024-10-01,2024-10-01,JOB_SURFACE,SURFACE,True,,0.0,85.9,90.2,4.3,PARTIAL,199,False,0.5,DOC-SCAN-GK-003-006,2026-09-23T16:00:00Z,GENERATOR,gs://well-workover-intervention-data/landing/generator/2026/09/23/workover_history.parquet,BATCH-GELEKI-20260923-V1
WO-GK-003-007,GK-003,2025-03-13,2025-03-13,JOB_SURFACE,SURFACE,True,,0.0,83.0,112.1,29.1,SUCCESS,163,False,1.0,DOC-SCAN-GK-003-008,2026-09-23T16:00:00Z,GENERATOR,gs://well-workover-intervention-data/landing/generator/2026/09/23/workover_history.parquet,BATCH-GELEKI-20260923-V1
WO-GK-003-010,GK-003,2026-04-30,2026-06-18,JOB_TUBING_LEAK,TUBING_LEAK,False,RIG-ASSAM-01,51.0,75.7,102.2,26.5,SUCCESS,260,False,1.0,DOC-SCAN-GK-003-011,2026-09-23T16:00:00Z,GENERATOR,gs://well-workover-intervention-data/landing/generator/2026/09/23/workover_history.parquet,BATCH-GELEKI-20260923-V1
WO-GK-003-CENS,GK-003,2026-06-18,2026-09-30,NONE_CENSORED,NONE,False,,0.0,,,0.0,CENSORED,104,True,0.0,,2026-09-23T16:00:00Z,GENERATOR,gs://well-workover-intervention-data/landing/generator/2026/09/23/workover_history.parquet,BATCH-GELEKI-20260923-V1
WO-GK-004-003,GK-004,2024-03-12,2024-03-17,JOB_ROD_PART,ROD_PART,False,RIG-ASSAM-03,7.0,153.2,130.2,-23.0,FAILED,147,False,0.5,DOC-SCAN-GK-004-004,2026-09-23T16:00:00Z,GENERATOR,gs://well-workover-intervention-data/landing/generator/2026/09/23/workover_history.parquet,BATCH-GELEKI-20260923-V1
WO-GK-004-006,GK-004,2024-08-07,2024-08-07,JOB_ROD_PART,ROD_PART,False,RIG-ASSAM-04,2.0,147.0,154.3,7.3,PARTIAL,138,False,0.5,DOC-SCAN-GK-004-007,2026-09-23T16:00:00Z,GENERATOR,gs://well-workover-intervention-data/landing/generator/2026/09/23/workover_history.parquet,BATCH-GELEKI-20260923-V1
WO-GK-004-009,GK-004,2024-12-21,2024-12-27,JOB_PUMP_WEAR,PUMP_WEAR,False,RIG-ASSAM-02,8.0,141.4,190.9,49.5,SUCCESS,115,False,1.0,DOC-SCAN-GK-004-010,2026-09-23T16:00:00Z,GENERATOR,gs://well-workover-intervention-data/landing/generator/2026/09/23/workover_history.parquet,BATCH-GELEKI-20260923-V1
WO-GK-004-012,GK-004,2025-01-31,2025-02-01,JOB_ROD_PART,ROD_PART,False,RIG-ASSAM-02,3.0,140.0,147.0,7.0,PARTIAL,27,False,0.5,DOC-SCAN-GK-004-013,2026-09-23T16:00:00Z,GENERATOR,gs://well-workover-intervention-data/landing/generator/2026/09/23/workover_history.parquet,BATCH-GELEKI-20260923-V1
WO-GK-004-014,GK-004,2025-05-21,2025-05-21,JOB_SURFACE,SURFACE,True,,0.0,136.0,142.8,6.8,PARTIAL,109,False,0.5,DOC-SCAN-GK-004-015,2026-09-23T16:00:00Z,GENERATOR,gs://well-workover-intervention-data/landing/generator/2026/09/23/workover_history.parquet,BATCH-GELEKI-20260923-V1
WO-GK-004-017,GK-004,2025-09-10,2025-09-10,JOB_WAX,WAX,False,RIG-ASSAM-02,2.0,132.1,138.7,6.6,PARTIAL,107,False,0.5,DOC-SCAN-GK-004-018,2026-09-23T16:00:00Z,GENERATOR,gs://well-workover-intervention-data/landing/generator/2026/09/23/workover_history.parquet,BATCH-GELEKI-20260923-V1
WO-GK-004-020,GK-004,2026-02-18,2026-02-18,JOB_TUBING_LEAK,TUBING_LEAK,False,RIG-ASSAM-03,2.0,126.9,107.9,-19.0,FAILED,156,False,0.5,DOC-SCAN-GK-004-021,2026-09-23T16:00:00Z,GENERATOR,gs://well-workover-intervention-data/landing/generator/2026/09/23/workover_history.parquet,BATCH-GELEKI-20260923-V1
WO-GK-004-022,GK-004,2026-06-15,2026-06-15,JOB_WAX,WAX,True,,0.0,123.3,166.5,43.2,SUCCESS,117,False,1.0,DOC-SCAN-GK-004-023,2026-09-23T16:00:00Z,GENERATOR,gs://well-workover-intervention-data/landing/generator/2026/09/23/workover_history.parquet,BATCH-GELEKI-20260923-V1
WO-GK-004-CENS,GK-004,2026-06-15,2026-09-30,NONE_CENSORED,NONE,False,,0.0,,,0.0,CENSORED,107,True,0.0,,2026-09-23T16:00:00Z,GENERATOR,gs://well-workover-intervention-data/landing/generator/2026/09/23/workover_history.parquet,BATCH-GELEKI-20260923-V1
WO-GK-005-002,GK-005,2023-10-03,2023-10-04,JOB_TUBING_LEAK,TUBING_LEAK,False,RIG-ASSAM-02,3.0,110.2,115.7,5.5,PARTIAL,152,False,0.5,DOC-SCAN-GK-005-003,2026-09-23T16:00:00Z,GENERATOR,gs://well-workover-intervention-data/landing/generator/2026/09/23/workover_history.parquet,BATCH-GELEKI-20260923-V1
WO-GK-005-004,GK-005,2024-03-10,2024-03-11,JOB_WAX,WAX,True,,0.0,104.6,141.2,36.6,SUCCESS,158,False,1.0,DOC-SCAN-GK-005-005,2026-09-23T16:00:00Z,GENERATOR,gs://well-workover-intervention-data/landing/generator/2026/09/23/workover_history.parquet,BATCH-GELEKI-20260923-V1
WO-GK-005-007,GK-005,2024-09-25,2024-09-29,JOB_TUBING_LEAK,TUBING_LEAK,False,RIG-ASSAM-02,6.0,98.2,103.1,4.9,PARTIAL,183,False,0.5,DOC-SCAN-GK-005-008,2026-09-23T16:00:00Z,GENERATOR,gs://well-workover-intervention-data/landing/generator/2026/09/23/workover_history.parquet,BATCH-GELEKI-20260923-V1
WO-GK-005-010,GK-005,2025-03-15,2025-03-15,JOB_PUMP_WEAR,PUMP_WEAR,False,RIG-ASSAM-02,2.0,93.4,126.1,32.7,SUCCESS,161,False,1.0,DOC-SCAN-GK-005-011,2026-09-23T16:00:00Z,GENERATOR,gs://well-workover-intervention-data/landing/generator/2026/09/23/workover_history.parquet,BATCH-GELEKI-20260923-V1
WO-GK-005-013,GK-005,2025-10-30,2025-11-23,JOB_TUBING_LEAK,TUBING_LEAK,False,RIG-ASSAM-02,26.0,86.8,117.2,30.4,SUCCESS,153,False,1.0,DOC-SCAN-GK-005-014,2026-09-23T16:00:00Z,GENERATOR,gs://well-workover-intervention-data/landing/generator/2026/09/23/workover_history.parquet,BATCH-GELEKI-20260923-V1
WO-GK-005-016,GK-005,2026-03-01,2026-03-05,JOB_TUBING_LEAK,TUBING_LEAK,False,RIG-ASSAM-01,6.0,84.4,113.9,29.5,SUCCESS,83,False,1.0,DOC-SCAN-GK-005-017,2026-09-23T16:00:00Z,GENERATOR,gs://well-workover-intervention-data/landing/generator/2026/09/23/workover_history.parquet,BATCH-GELEKI-20260923-V1
WO-GK-005-019,GK-005,2026-07-30,2026-07-30,JOB_SUDDEN_MECH,SUDDEN_MECH,False,RIG-ASSAM-03,2.0,81.0,85.0,4.0,PARTIAL,140,False,0.5,DOC-SCAN-GK-005-020,2026-09-23T16:00:00Z,GENERATOR,gs://well-workover-intervention-data/landing/generator/2026/09/23/workover_history.parquet,BATCH-GELEKI-20260923-V1
WO-GK-005-CENS,GK-005,2026-07-30,2026-09-30,NONE_CENSORED,NONE,False,,0.0,,,0.0,CENSORED,62,True,0.0,,2026-09-23T16:00:00Z,GENERATOR,gs://well-workover-intervention-data/landing/generator/2026/09/23/workover_history.parquet,BATCH-GELEKI-20260923-V1
WO-GK-006-002,GK-006,2024-05-09,2024-05-09,JOB_SURFACE,SURFACE,True,,0.0,38.5,40.4,1.9,PARTIAL,246,False,0.5,DOC-SCAN-GK-006-003,2026-09-23T16:00:00Z,GENERATOR,gs://well-workover-intervention-data/landing/generator/2026/09/23/workover_history.parquet,BATCH-GELEKI-20260923-V1
WO-GK-006-005,GK-006,2024-12-31,2025-01-15,JOB_TUBING_LEAK,TUBING_LEAK,False,RIG-ASSAM-04,17.0,36.4,49.1,12.7,SUCCESS,186,False,1.0,DOC-SCAN-GK-006-006,2026-09-23T16:00:00Z,GENERATOR,gs://well-workover-intervention-data/landing/generator/2026/09/23/workover_history.parquet,BATCH-GELEKI-20260923-V1
WO-GK-006-007,GK-006,2025-12-04,2025-12-05,JOB_WAX,WAX,True,,0.0,34.1,35.8,1.7,PARTIAL,323,False,0.5,DOC-SCAN-GK-006-008,2026-09-23T16:00:00Z,GENERATOR,gs://well-workover-intervention-data/landing/generator/2026/09/23/workover_history.parquet,BATCH-GELEKI-20260923-V1
WO-GK-007-003,GK-007,2024-01-19,2024-01-29,JOB_TUBING_LEAK,TUBING_LEAK,False,RIG-ASSAM-01,12.0,107.3,144.9,37.6,SUCCESS,184,False,1.0,DOC-SCAN-GK-007-004,2026-09-23T16:00:00Z,GENERATOR,gs://well-workover-intervention-data/landing/generator/2026/09/23/workover_history.parquet,BATCH-GELEKI-20260923-V1
WO-GK-007-006,GK-007,2024-08-27,2024-08-29,JOB_TUBING_LEAK,TUBING_LEAK,False,RIG-ASSAM-04,4.0,99.9,84.9,-15.0,FAILED,201,False,0.5,DOC-SCAN-GK-007-007,2026-09-23T16:00:00Z,GENERATOR,gs://well-workover-intervention-data/landing/generator/2026/09/23/workover_history.parquet,BATCH-GELEKI-20260923-V1
WO-GK-007-009,GK-007,2024-12-07,2024-12-08,JOB_PUMP_WEAR,PUMP_WEAR,False,RIG-ASSAM-02,3.0,96.7,130.5,33.8,SUCCESS,93,False,1.0,DOC-SCAN-GK-007-010,2026-09-23T16:00:00Z,GENERATOR,gs://well-workover-intervention-data/landing/generator/2026/09/23/workover_history.parquet,BATCH-GELEKI-20260923-V1
WO-GK-007-012,GK-007,2025-05-12,2025-05-15,JOB_WAX,WAX,False,RIG-ASSAM-03,5.0,92.0,124.2,32.2,SUCCESS,141,False,1.0,DOC-SCAN-GK-007-013,2026-09-23T16:00:00Z,GENERATOR,gs://well-workover-intervention-data/landing/generator/2026/09/23/workover_history.parquet,BATCH-GELEKI-20260923-V1
WO-GK-007-015,GK-007,2025-11-22,2025-11-28,JOB_ROD_PART,ROD_PART,False,RIG-ASSAM-02,8.0,86.6,116.9,30.3,SUCCESS,169,False,1.0,DOC-SCAN-GK-007-016,2026-09-23T16:00:00Z,GENERATOR,gs://well-workover-intervention-data/landing/generator/2026/09/23/workover_history.parquet,BATCH-GELEKI-20260923-V1
WO-GK-007-018,GK-007,2026-06-23,2026-06-23,JOB_ROD_PART,ROD_PART,False,RIG-ASSAM-01,2.0,81.4,109.9,28.5,SUCCESS,202,False,1.0,DOC-SCAN-GK-007-019,2026-09-23T16:00:00Z,GENERATOR,gs://well-workover-intervention-data/landing/generator/2026/09/23/workover_history.parquet,BATCH-GELEKI-20260923-V1
WO-GK-007-CENS,GK-007,2026-06-23,2026-09-30,NONE_CENSORED,NONE,False,,0.0,,,0.0,CENSORED,99,True,0.0,,2026-09-23T16:00:00Z,GENERATOR,gs://well-workover-intervention-data/landing/generator/2026/09/23/workover_history.parquet,BATCH-GELEKI-20260923-V1
WO-GK-008-003,GK-008,2024-01-12,2024-01-12,JOB_OTHER,OTHER,False,RIG-ASSAM-04,2.0,67.8,91.5,23.7,SUCCESS,308,False,1.0,DOC-SCAN-GK-008-004,2026-09-23T16:00:00Z,GENERATOR,gs://well-workover-intervention-data/landing/generator/2026/09/23/workover_history.parquet,BATCH-GELEKI-20260923-V1
WO-GK-008-006,GK-008,2024-10-17,2024-10-22,JOB_TUBING_LEAK,TUBING_LEAK,False,RIG-ASSAM-03,7.0,63.1,85.2,22.1,SUCCESS,258,False,1.0,DOC-SCAN-GK-008-007,2026-09-23T16:00:00Z,GENERATOR,gs://well-workover-intervention-data/landing/generator/2026/09/23/workover_history.parquet,BATCH-GELEKI-20260923-V1
WO-GK-008-009,GK-008,2025-09-21,2025-11-03,JOB_PUMP_WEAR,PUMP_WEAR,False,RIG-ASSAM-03,45.0,57.7,77.9,20.2,SUCCESS,199,False,1.0,DOC-SCAN-GK-008-010,2026-09-23T16:00:00Z,GENERATOR,gs://well-workover-intervention-data/landing/generator/2026/09/23/workover_history.parquet,BATCH-GELEKI-20260923-V1
WO-GK-009-002,GK-009,2023-10-06,2023-10-08,JOB_ROD_PART,ROD_PART,False,RIG-ASSAM-03,4.0,122.1,128.2,6.1,PARTIAL,70,False,0.5,DOC-SCAN-GK-009-003,2026-09-23T16:00:00Z,GENERATOR,gs://well-workover-intervention-data/landing/generator/2026/09/23/workover_history.parquet,BATCH-GELEKI-20260923-V1
WO-GK-009-005,GK-009,2024-05-06,2024-05-20,JOB_TUBING_LEAK,TUBING_LEAK,False,RIG-ASSAM-01,16.0,114.5,120.2,5.7,PARTIAL,162,False,0.5,DOC-SCAN-GK-009-006,2026-09-23T16:00:00Z,GENERATOR,gs://well-workover-intervention-data/landing/generator/2026/09/23/workover_history.parquet,BATCH-GELEKI-20260923-V1
WO-GK-009-008,GK-009,2024-11-07,2024-11-21,JOB_ROD_PART,ROD_PART,False,RIG-ASSAM-02,16.0,108.9,147.0,38.1,SUCCESS,126,False,1.0,DOC-SCAN-GK-009-009,2026-09-23T16:00:00Z,GENERATOR,gs://well-workover-intervention-data/landing/generator/2026/09/23/workover_history.parquet,BATCH-GELEKI-20260923-V1
WO-GK-009-011,GK-009,2025-02-28,2025-02-28,JOB_ROD_PART,ROD_PART,False,RIG-ASSAM-04,2.0,106.0,143.1,37.1,SUCCESS,94,False,1.0,DOC-SCAN-GK-009-012,2026-09-23T16:00:00Z,GENERATOR,gs://well-workover-intervention-data/landing/generator/2026/09/23/workover_history.parquet,BATCH-GELEKI-20260923-V1
WO-GK-009-014,GK-009,2025-07-24,2025-07-24,JOB_TUBING_LEAK,TUBING_LEAK,False,RIG-ASSAM-03,2.0,102.1,137.8,35.7,SUCCESS,141,False,1.0,DOC-SCAN-GK-009-015,2026-09-23T16:00:00Z,GENERATOR,gs://well-workover-intervention-data/landing/generator/2026/09/23/workover_history.parquet,BATCH-GELEKI-20260923-V1
WO-GK-009-017,GK-009,2026-04-16,2026-06-04,JOB_PUMP_WEAR,PUMP_WEAR,False,RIG-ASSAM-01,51.0,94.3,99.0,4.7,PARTIAL,113,False,0.5,DOC-SCAN-GK-009-018,2026-09-23T16:00:00Z,GENERATOR,gs://well-workover-intervention-data/landing/generator/2026/09/23/workover_history.parquet,BATCH-GELEKI-20260923-V1
WO-GK-009-CENS,GK-009,2026-06-04,2026-09-30,NONE_CENSORED,NONE,False,,0.0,,,0.0,CENSORED,118,True,0.0,,2026-09-23T16:00:00Z,GENERATOR,gs://well-workover-intervention-data/landing/generator/2026/09/23/workover_history.parquet,BATCH-GELEKI-20260923-V1
WO-GK-010-003,GK-010,2023-11-18,2023-11-19,JOB_PUMP_WEAR,PUMP_WEAR,False,RIG-ASSAM-03,3.0,141.3,190.8,49.5,SUCCESS,103,False,1.0,DOC-SCAN-GK-010-004,2026-09-23T16:00:00Z,GENERATOR,gs://well-workover-intervention-data/landing/generator/2026/09/23/workover_history.parquet,BATCH-GELEKI-20260923-V1
WO-GK-010-006,GK-010,2024-02-01,2024-02-08,JOB_PUMP_WEAR,PUMP_WEAR,False,RIG-ASSAM-01,9.0,138.8,187.4,48.6,SUCCESS,49,False,1.0,DOC-SCAN-GK-010-007,2026-09-23T16:00:00Z,GENERATOR,gs://well-workover-intervention-data/landing/generator/2026/09/23/workover_history.parquet,BATCH-GELEKI-20260923-V1
WO-GK-010-008,GK-010,2024-06-10,2024-06-10,JOB_WAX,WAX,True,,0.0,135.1,114.8,-20.3,FAILED,123,False,0.5,DOC-SCAN-GK-010-009,2026-09-23T16:00:00Z,GENERATOR,gs://well-workover-intervention-data/landing/generator/2026/09/23/workover_history.parquet,BATCH-GELEKI-20260923-V1
WO-GK-010-010,GK-010,2024-09-18,2024-09-18,JOB_SURFACE,SURFACE,True,,0.0,132.3,178.6,46.3,SUCCESS,100,False,1.0,DOC-SCAN-GK-010-011,2026-09-23T16:00:00Z,GENERATOR,gs://well-workover-intervention-data/landing/generator/2026/09/23/workover_history.parquet,BATCH-GELEKI-20260923-V1
WO-GK-010-013,GK-010,2024-11-18,2024-11-28,JOB_ROD_PART,ROD_PART,False,RIG-ASSAM-04,12.0,130.3,175.9,45.6,SUCCESS,26,False,1.0,DOC-SCAN-GK-010-014,2026-09-23T16:00:00Z,GENERATOR,gs://well-workover-intervention-data/landing/generator/2026/09/23/workover_history.parquet,BATCH-GELEKI-20260923-V1
WO-GK-010-016,GK-010,2025-02-28,2025-02-28,JOB_ROD_PART,ROD_PART,False,RIG-ASSAM-01,2.0,127.9,134.3,6.4,PARTIAL,87,False,0.5,DOC-SCAN-GK-010-017,2026-09-23T16:00:00Z,GENERATOR,gs://well-workover-intervention-data/landing/generator/2026/09/23/workover_history.parquet,BATCH-GELEKI-20260923-V1
WO-GK-010-019,GK-010,2025-06-30,2025-07-14,JOB_OTHER,OTHER,False,RIG-ASSAM-02,16.0,124.4,167.9,43.5,SUCCESS,76,False,1.0,DOC-SCAN-GK-010-020,2026-09-23T16:00:00Z,GENERATOR,gs://well-workover-intervention-data/landing/generator/2026/09/23/workover_history.parquet,BATCH-GELEKI-20260923-V1
WO-GK-010-021,GK-010,2025-10-25,2025-10-25,JOB_SURFACE,SURFACE,True,,0.0,121.9,164.6,42.7,SUCCESS,103,False,1.0,DOC-SCAN-GK-010-022,2026-09-23T16:00:00Z,GENERATOR,gs://well-workover-intervention-data/landing/generator/2026/09/23/workover_history.parquet,BATCH-GELEKI-20260923-V1
WO-GK-010-024,GK-010,2026-02-15,2026-03-01,JOB_PUMP_WEAR,PUMP_WEAR,False,RIG-ASSAM-03,16.0,118.9,160.5,41.6,SUCCESS,67,False,1.0,DOC-SCAN-GK-010-025,2026-09-23T16:00:00Z,GENERATOR,gs://well-workover-intervention-data/landing/generator/2026/09/23/workover_history.parquet,BATCH-GELEKI-20260923-V1
WO-GK-010-027,GK-010,2026-06-25,2026-07-03,JOB_SUDDEN_MECH,SUDDEN_MECH,False,RIG-ASSAM-04,10.0,116.1,156.7,40.6,SUCCESS,87,False,1.0,DOC-SCAN-GK-010-028,2026-09-23T16:00:00Z,GENERATOR,gs://well-workover-intervention-data/landing/generator/2026/09/23/workover_history.parquet,BATCH-GELEKI-20260923-V1
WO-GK-011-003,GK-011,2024-02-11,2024-02-15,JOB_WAX,WAX,False,RIG-ASSAM-03,6.0,87.5,91.9,4.4,PARTIAL,122,False,0.5,DOC-SCAN-GK-011-004,2026-09-23T16:00:00Z,GENERATOR,gs://well-workover-intervention-data/landing/generator/2026/09/23/workover_history.parquet,BATCH-GELEKI-20260923-V1
WO-GK-011-005,GK-011,2024-07-05,2024-07-05,JOB_SURFACE,SURFACE,True,,0.0,83.7,87.9,4.2,PARTIAL,141,False,0.5,DOC-SCAN-GK-011-006,2026-09-23T16:00:00Z,GENERATOR,gs://well-workover-intervention-data/landing/generator/2026/09/23/workover_history.parquet,BATCH-GELEKI-20260923-V1
WO-GK-011-008,GK-011,2025-04-14,2025-06-02,JOB_OTHER,OTHER,False,RIG-ASSAM-03,51.0,75.9,102.5,26.6,SUCCESS,130,False,1.0,DOC-SCAN-GK-011-009,2026-09-23T16:00:00Z,GENERATOR,gs://well-workover-intervention-data/landing/generator/2026/09/23/workover_history.parquet,BATCH-GELEKI-20260923-V1
WO-GK-011-010,GK-011,2025-11-15,2025-11-15,JOB_SURFACE,SURFACE,True,,0.0,72.5,76.1,3.6,PARTIAL,166,False,0.5,DOC-SCAN-GK-011-011,2026-09-23T16:00:00Z,GENERATOR,gs://well-workover-intervention-data/landing/generator/2026/09/23/workover_history.parquet,BATCH-GELEKI-20260923-V1
WO-GK-011-012,GK-011,2026-04-06,2026-04-06,JOB_WAX,WAX,True,,0.0,69.8,73.3,3.5,PARTIAL,142,False,0.5,DOC-SCAN-GK-011-013,2026-09-23T16:00:00Z,GENERATOR,gs://well-workover-intervention-data/landing/generator/2026/09/23/workover_history.parquet,BATCH-GELEKI-20260923-V1
WO-GK-011-015,GK-011,2026-07-14,2026-07-15,JOB_TUBING_LEAK,TUBING_LEAK,False,RIG-ASSAM-02,3.0,68.0,57.8,-10.2,FAILED,92,False,0.5,DOC-SCAN-GK-011-016,2026-09-23T16:00:00Z,GENERATOR,gs://well-workover-intervention-data/landing/generator/2026/09/23/workover_history.parquet,BATCH-GELEKI-20260923-V1
WO-GK-011-CENS,GK-011,2026-07-15,2026-09-30,NONE_CENSORED,NONE,False,,0.0,,,0.0,CENSORED,77,True,0.0,,2026-09-23T16:00:00Z,GENERATOR,gs://well-workover-intervention-data/landing/generator/2026/09/23/workover_history.parquet,BATCH-GELEKI-20260923-V1
WO-GK-012-003,GK-012,2024-03-24,2024-04-01,JOB_GL_INJ_ANOMALY,GL_INJ_ANOMALY,False,RIG-ASSAM-04,10.0,45.5,61.4,15.9,SUCCESS,152,False,1.0,DOC-SCAN-GK-012-004,2026-09-23T16:00:00Z,GENERATOR,gs://well-workover-intervention-data/landing/generator/2026/09/23/workover_history.parquet,BATCH-GELEKI-20260923-V1
WO-GK-012-006,GK-012,2024-12-24,2024-12-25,JOB_SAND,SAND,False,RIG-ASSAM-01,3.0,43.1,36.6,-6.5,FAILED,259,False,0.5,DOC-SCAN-GK-012-007,2026-09-23T16:00:00Z,GENERATOR,gs://well-workover-intervention-data/landing/generator/2026/09/23/workover_history.parquet,BATCH-GELEKI-20260923-V1
WO-GK-012-009,GK-012,2025-06-05,2025-06-09,JOB_GL_INJ_ANOMALY,GL_INJ_ANOMALY,False,RIG-ASSAM-04,6.0,41.7,43.8,2.1,PARTIAL,145,False,0.5,DOC-SCAN-GK-012-010,2026-09-23T16:00:00Z,GENERATOR,gs://well-workover-intervention-data/landing/generator/2026/09/23/workover_history.parquet,BATCH-GELEKI-20260923-V1
WO-GK-012-012,GK-012,2025-12-19,2026-01-02,JOB_SAND,SAND,False,RIG-ASSAM-02,16.0,40.1,54.1,14.0,SUCCESS,147,False,1.0,DOC-SCAN-GK-012-013,2026-09-23T16:00:00Z,GENERATOR,gs://well-workover-intervention-data/landing/generator/2026/09/23/workover_history.parquet,BATCH-GELEKI-20260923-V1
WO-GK-012-015,GK-012,2026-05-22,2026-05-24,JOB_GL_LOADING,GL_LOADING,False,RIG-ASSAM-04,4.0,39.0,52.7,13.7,SUCCESS,127,False,1.0,DOC-SCAN-GK-012-016,2026-09-23T16:00:00Z,GENERATOR,gs://well-workover-intervention-data/landing/generator/2026/09/23/workover_history.parquet,BATCH-GELEKI-20260923-V1
WO-GK-012-017,GK-012,2026-09-10,2026-09-10,JOB_GL_HEADING,GL_HEADING,True,,0.0,38.3,32.6,-5.7,FAILED,109,False,0.5,DOC-SCAN-GK-012-018,2026-09-23T16:00:00Z,GENERATOR,gs://well-workover-intervention-data/landing/generator/2026/09/23/workover_history.parquet,BATCH-GELEKI-20260923-V1
WO-GK-012-CENS,GK-012,2026-09-10,2026-09-30,NONE_CENSORED,NONE,False,,0.0,,,0.0,CENSORED,20,True,0.0,,2026-09-23T16:00:00Z,GENERATOR,gs://well-workover-intervention-data/landing/generator/2026/09/23/workover_history.parquet,BATCH-GELEKI-20260923-V1
WO-GK-013-003,GK-013,2023-11-19,2023-11-19,JOB_PUMP_WEAR,PUMP_WEAR,False,RIG-ASSAM-01,2.0,147.0,198.5,51.5,SUCCESS,117,False,1.0,DOC-SCAN-GK-013-004,2026-09-23T16:00:00Z,GENERATOR,gs://well-workover-intervention-data/landing/generator/2026/09/23/workover_history.parquet,BATCH-GELEKI-20260923-V1
WO-GK-013-006,GK-013,2024-06-09,2024-07-03,JOB_SAND,SAND,False,RIG-ASSAM-02,26.0,139.9,146.9,7.0,PARTIAL,124,False,0.5,DOC-SCAN-GK-013-007,2026-09-23T16:00:00Z,GENERATOR,gs://well-workover-intervention-data/landing/generator/2026/09/23/workover_history.parquet,BATCH-GELEKI-20260923-V1
WO-GK-013-009,GK-013,2024-10-15,2024-10-15,JOB_ROD_PART,ROD_PART,False,RIG-ASSAM-01,2.0,136.8,184.7,47.9,SUCCESS,99,False,1.0,DOC-SCAN-GK-013-010,2026-09-23T16:00:00Z,GENERATOR,gs://well-workover-intervention-data/landing/generator/2026/09/23/workover_history.parquet,BATCH-GELEKI-20260923-V1
WO-GK-013-011,GK-013,2024-12-21,2024-12-21,JOB_SURFACE,SURFACE,True,,0.0,134.9,182.1,47.2,SUCCESS,67,False,1.0,DOC-SCAN-GK-013-012,2026-09-23T16:00:00Z,GENERATOR,gs://well-workover-intervention-data/landing/generator/2026/09/23/workover_history.parquet,BATCH-GELEKI-20260923-V1
WO-GK-013-013,GK-013,2025-05-15,2025-05-15,JOB_SURFACE,SURFACE,True,,0.0,130.9,176.7,45.8,SUCCESS,145,False,1.0,DOC-SCAN-GK-013-014,2026-09-23T16:00:00Z,GENERATOR,gs://well-workover-intervention-data/landing/generator/2026/09/23/workover_history.parquet,BATCH-GELEKI-20260923-V1
WO-GK-013-015,GK-013,2025-10-07,2025-10-07,JOB_WAX,WAX,True,,0.0,127.1,171.6,44.5,SUCCESS,145,False,1.0,DOC-SCAN-GK-013-016,2026-09-23T16:00:00Z,GENERATOR,gs://well-workover-intervention-data/landing/generator/2026/09/23/workover_history.parquet,BATCH-GELEKI-20260923-V1
WO-GK-013-018,GK-013,2026-01-24,2026-01-24,JOB_ROD_PART,ROD_PART,False,RIG-ASSAM-02,2.0,124.3,167.8,43.5,SUCCESS,103,False,1.0,DOC-SCAN-GK-013-019,2026-09-23T16:00:00Z,GENERATOR,gs://well-workover-intervention-data/landing/generator/2026/09/23/workover_history.parquet,BATCH-GELEKI-20260923-V1
WO-GK-013-020,GK-013,2026-05-13,2026-05-14,JOB_WAX,WAX,True,,0.0,121.6,164.2,42.6,SUCCESS,109,False,1.0,DOC-SCAN-GK-013-021,2026-09-23T16:00:00Z,GENERATOR,gs://well-workover-intervention-data/landing/generator/2026/09/23/workover_history.parquet,BATCH-GELEKI-20260923-V1
WO-GK-013-022,GK-013,2026-06-16,2026-06-16,JOB_WAX,WAX,True,,0.0,120.8,163.1,42.3,SUCCESS,33,False,1.0,DOC-SCAN-GK-013-023,2026-09-23T16:00:00Z,GENERATOR,gs://well-workover-intervention-data/landing/generator/2026/09/23/workover_history.parquet,BATCH-GELEKI-20260923-V1
WO-GK-013-025,GK-013,2026-09-24,2026-09-26,JOB_ROD_PART,ROD_PART,False,RIG-ASSAM-01,4.0,118.4,159.8,41.4,SUCCESS,87,False,1.0,DOC-SCAN-GK-013-026,2026-09-23T16:00:00Z,GENERATOR,gs://well-workover-intervention-data/landing/generator/2026/09/23/workover_history.parquet,BATCH-GELEKI-20260923-V1
WO-GK-014-003,GK-014,2023-11-28,2023-11-28,JOB_GL_LOADING,GL_LOADING,False,RIG-ASSAM-02,2.0,121.2,127.3,6.1,PARTIAL,146,False,0.5,DOC-SCAN-GK-014-004,2026-09-23T16:00:00Z,GENERATOR,gs://well-workover-intervention-data/landing/generator/2026/09/23/workover_history.parquet,BATCH-GELEKI-20260923-V1
WO-GK-014-006,GK-014,2024-06-05,2024-06-10,JOB_WAX,WAX,False,RIG-ASSAM-02,7.0,115.3,155.7,40.4,SUCCESS,171,False,1.0,DOC-SCAN-GK-014-007,2026-09-23T16:00:00Z,GENERATOR,gs://well-workover-intervention-data/landing/generator/2026/09/23/workover_history.parquet,BATCH-GELEKI-20260923-V1
WO-GK-014-009,GK-014,2024-12-16,2024-12-21,JOB_GL_INJ_ANOMALY,GL_INJ_ANOMALY,False,RIG-ASSAM-03,7.0,109.9,148.4,38.5,SUCCESS,168,False,1.0,DOC-SCAN-GK-014-010,2026-09-23T16:00:00Z,GENERATOR,gs://well-workover-intervention-data/landing/generator/2026/09/23/workover_history.parquet,BATCH-GELEKI-20260923-V1
WO-GK-014-012,GK-014,2025-04-17,2025-04-26,JOB_SAND,SAND,False,RIG-ASSAM-04,11.0,106.6,143.9,37.3,SUCCESS,86,False,1.0,DOC-SCAN-GK-014-013,2026-09-23T16:00:00Z,GENERATOR,gs://well-workover-intervention-data/landing/generator/2026/09/23/workover_history.parquet,BATCH-GELEKI-20260923-V1
WO-GK-014-015,GK-014,2025-09-12,2025-09-17,JOB_GL_INJ_ANOMALY,GL_INJ_ANOMALY,False,RIG-ASSAM-04,7.0,103.0,139.1,36.1,SUCCESS,118,False,1.0,DOC-SCAN-GK-014-016,2026-09-23T16:00:00Z,GENERATOR,gs://well-workover-intervention-data/landing/generator/2026/09/23/workover_history.parquet,BATCH-GELEKI-20260923-V1
WO-GK-014-018,GK-014,2026-05-09,2026-05-19,JOB_GL_INJ_ANOMALY,GL_INJ_ANOMALY,False,RIG-ASSAM-04,12.0,97.4,131.5,34.1,SUCCESS,199,False,1.0,DOC-SCAN-GK-014-019,2026-09-23T16:00:00Z,GENERATOR,gs://well-workover-intervention-data/landing/generator/2026/09/23/workover_history.parquet,BATCH-GELEKI-20260923-V1
WO-GK-015-003,GK-015,2024-05-29,2024-06-01,JOB_ROD_PART,ROD_PART,False,RIG-ASSAM-03,5.0,49.3,66.6,17.3,SUCCESS,286,False,1.0,DOC-SCAN-GK-015-004,2026-09-23T16:00:00Z,GENERATOR,gs://well-workover-intervention-data/landing/generator/2026/09/23/workover_history.parquet,BATCH-GELEKI-20260923-V1
WO-GK-015-006,GK-015,2025-01-27,2025-01-30,JOB_TUBING_LEAK,TUBING_LEAK,False,RIG-ASSAM-03,5.0,46.9,63.3,16.4,SUCCESS,227,False,1.0,DOC-SCAN-GK-015-007,2026-09-23T16:00:00Z,GENERATOR,gs://well-workover-intervention-data/landing/generator/2026/09/23/workover_history.parquet,BATCH-GELEKI-20260923-V1
WO-GK-015-009,GK-015,2025-08-06,2025-08-13,JOB_PUMP_WEAR,PUMP_WEAR,False,RIG-ASSAM-01,9.0,45.1,60.9,15.8,SUCCESS,162,False,1.0,DOC-SCAN-GK-015-010,2026-09-23T16:00:00Z,GENERATOR,gs://well-workover-intervention-data/landing/generator/2026/09/23/workover_history.parquet,BATCH-GELEKI-20260923-V1
WO-GK-015-012,GK-015,2026-04-01,2026-04-12,JOB_PUMP_WEAR,PUMP_WEAR,False,RIG-ASSAM-01,13.0,43.0,58.1,15.1,SUCCESS,192,False,1.0,DOC-SCAN-GK-015-013,2026-09-23T16:00:00Z,GENERATOR,gs://well-workover-intervention-data/landing/generator/2026/09/23/workover_history.parquet,BATCH-GELEKI-20260923-V1
WO-GK-015-CENS,GK-015,2026-04-12,2026-09-30,NONE_CENSORED,NONE,False,,0.0,,,0.0,CENSORED,171,True,0.0,,2026-09-23T16:00:00Z,GENERATOR,gs://well-workover-intervention-data/landing/generator/2026/09/23/workover_history.parquet,BATCH-GELEKI-20260923-V1
WO-GK-016-003,GK-016,2024-01-09,2024-01-17,JOB_GL_INJ_ANOMALY,GL_INJ_ANOMALY,False,RIG-ASSAM-04,10.0,115.0,97.8,-17.2,FAILED,166,False,0.5,DOC-SCAN-GK-016-004,2026-09-23T16:00:00Z,GENERATOR,gs://well-workover-intervention-data/landing/generator/2026/09/23/workover_history.parquet,BATCH-GELEKI-20260923-V1
WO-GK-016-006,GK-016,2024-05-26,2024-05-26,JOB_GL_LOADING,GL_LOADING,False,RIG-ASSAM-01,2.0,112.2,151.5,39.3,SUCCESS,124,False,1.0,DOC-SCAN-GK-016-007,2026-09-23T16:00:00Z,GENERATOR,gs://well-workover-intervention-data/landing/generator/2026/09/23/workover_history.parquet,BATCH-GELEKI-20260923-V1
WO-GK-016-008,GK-016,2024-10-26,2024-10-27,JOB_WAX,WAX,True,,0.0,109.1,92.7,-16.4,FAILED,153,False,0.5,DOC-SCAN-GK-016-009,2026-09-23T16:00:00Z,GENERATOR,gs://well-workover-intervention-data/landing/generator/2026/09/23/workover_history.parquet,BATCH-GELEKI-20260923-V1
WO-GK-016-011,GK-016,2025-04-29,2025-05-01,JOB_WAX,WAX,False,RIG-ASSAM-03,4.0,105.5,142.4,36.9,SUCCESS,172,False,1.0,DOC-SCAN-GK-016-012,2026-09-23T16:00:00Z,GENERATOR,gs://well-workover-intervention-data/landing/generator/2026/09/23/workover_history.parquet,BATCH-GELEKI-20260923-V1
WO-GK-016-014,GK-016,2026-03-15,2026-05-03,JOB_TUBING_LEAK,TUBING_LEAK,False,RIG-ASSAM-02,51.0,98.9,133.5,34.6,SUCCESS,165,False,1.0,DOC-SCAN-GK-016-015,2026-09-23T16:00:00Z,GENERATOR,gs://well-workover-intervention-data/landing/generator/2026/09/23/workover_history.parquet,BATCH-GELEKI-20260923-V1
WO-GK-016-CENS,GK-016,2026-05-03,2026-09-30,NONE_CENSORED,NONE,False,,0.0,,,0.0,CENSORED,150,True,0.0,,2026-09-23T16:00:00Z,GENERATOR,gs://well-workover-intervention-data/landing/generator/2026/09/23/workover_history.parquet,BATCH-GELEKI-20260923-V1
WO-GK-017-002,GK-017,2024-01-08,2024-01-09,JOB_SURFACE,SURFACE,True,,0.0,36.1,48.7,12.6,SUCCESS,131,False,1.0,DOC-SCAN-GK-017-003,2026-09-23T16:00:00Z,GENERATOR,gs://well-workover-intervention-data/landing/generator/2026/09/23/workover_history.parquet,BATCH-GELEKI-20260923-V1
WO-GK-017-005,GK-017,2024-05-11,2024-05-21,JOB_ROD_PART,ROD_PART,False,RIG-ASSAM-03,12.0,34.7,36.4,1.7,PARTIAL,88,False,0.5,DOC-SCAN-GK-017-006,2026-09-23T16:00:00Z,GENERATOR,gs://well-workover-intervention-data/landing/generator/2026/09/23/workover_history.parquet,BATCH-GELEKI-20260923-V1
WO-GK-017-008,GK-017,2025-01-22,2025-01-24,JOB_SUDDEN_MECH,SUDDEN_MECH,False,RIG-ASSAM-03,4.0,32.2,27.4,-4.8,FAILED,237,False,0.5,DOC-SCAN-GK-017-009,2026-09-23T16:00:00Z,GENERATOR,gs://well-workover-intervention-data/landing/generator/2026/09/23/workover_history.parquet,BATCH-GELEKI-20260923-V1
WO-GK-017-010,GK-017,2025-07-25,2025-07-25,JOB_SURFACE,SURFACE,True,,0.0,30.5,41.2,10.7,SUCCESS,182,False,1.0,DOC-SCAN-GK-017-011,2026-09-23T16:00:00Z,GENERATOR,gs://well-workover-intervention-data/landing/generator/2026/09/23/workover_history.parquet,BATCH-GELEKI-20260923-V1
WO-GK-017-013,GK-017,2026-01-03,2026-01-05,JOB_PUMP_WEAR,PUMP_WEAR,False,RIG-ASSAM-02,4.0,29.1,39.3,10.2,SUCCESS,150,False,1.0,DOC-SCAN-GK-017-014,2026-09-23T16:00:00Z,GENERATOR,gs://well-workover-intervention-data/landing/generator/2026/09/23/workover_history.parquet,BATCH-GELEKI-20260923-V1
WO-GK-017-015,GK-017,2026-06-14,2026-06-14,JOB_SCALE,SCALE,True,,0.0,27.9,37.7,9.8,SUCCESS,160,False,1.0,DOC-SCAN-GK-017-016,2026-09-23T16:00:00Z,GENERATOR,gs://well-workover-intervention-data/landing/generator/2026/09/23/workover_history.parquet,BATCH-GELEKI-20260923-V1
WO-GK-017-CENS,GK-017,2026-06-14,2026-09-30,NONE_CENSORED,NONE,False,,0.0,,,0.0,CENSORED,108,True,0.0,,2026-09-23T16:00:00Z,GENERATOR,gs://well-workover-intervention-data/landing/generator/2026/09/23/workover_history.parquet,BATCH-GELEKI-20260923-V1
WO-GK-018-003,GK-018,2023-11-17,2023-11-17,JOB_TUBING_LEAK,TUBING_LEAK,False,RIG-ASSAM-04,2.0,51.5,69.5,18.0,SUCCESS,106,False,1.0,DOC-SCAN-GK-018-004,2026-09-23T16:00:00Z,GENERATOR,gs://well-workover-intervention-data/landing/generator/2026/09/23/workover_history.parquet,BATCH-GELEKI-20260923-V1
WO-GK-018-006,GK-018,2024-04-23,2024-05-10,JOB_ROD_PART,ROD_PART,False,RIG-ASSAM-02,19.0,49.6,42.2,-7.4,FAILED,101,False,0.5,DOC-SCAN-GK-018-007,2026-09-23T16:00:00Z,GENERATOR,gs://well-workover-intervention-data/landing/generator/2026/09/23/workover_history.parquet,BATCH-GELEKI-20260923-V1
WO-GK-018-008,GK-018,2024-08-23,2024-08-24,JOB_WAX,WAX,True,,0.0,48.5,65.5,17.0,SUCCESS,105,False,1.0,DOC-SCAN-GK-018-009,2026-09-23T16:00:00Z,GENERATOR,gs://well-workover-intervention-data/landing/generator/2026/09/23/workover_history.parquet,BATCH-GELEKI-20260923-V1
WO-GK-018-011,GK-018,2025-04-26,2025-04-30,JOB_WAX,WAX,False,RIG-ASSAM-03,6.0,46.0,39.1,-6.9,FAILED,230,False,0.5,DOC-SCAN-GK-018-012,2026-09-23T16:00:00Z,GENERATOR,gs://well-workover-intervention-data/landing/generator/2026/09/23/workover_history.parquet,BATCH-GELEKI-20260923-V1
WO-GK-018-014,GK-018,2026-01-07,2026-01-12,JOB_SAND,SAND,False,RIG-ASSAM-03,7.0,43.7,59.0,15.3,SUCCESS,231,False,1.0,DOC-SCAN-GK-018-015,2026-09-23T16:00:00Z,GENERATOR,gs://well-workover-intervention-data/landing/generator/2026/09/23/workover_history.parquet,BATCH-GELEKI-20260923-V1
WO-GK-018-CENS,GK-018,2026-01-12,2026-09-30,NONE_CENSORED,NONE,False,,0.0,,,0.0,CENSORED,261,True,0.0,,2026-09-23T16:00:00Z,GENERATOR,gs://well-workover-intervention-data/landing/generator/2026/09/23/workover_history.parquet,BATCH-GELEKI-20260923-V1
WO-GK-019-003,GK-019,2024-05-01,2024-06-14,JOB_ROD_PART,ROD_PART,False,RIG-ASSAM-02,46.0,103.5,108.7,5.2,PARTIAL,181,False,0.5,DOC-SCAN-GK-019-004,2026-09-23T16:00:00Z,GENERATOR,gs://well-workover-intervention-data/landing/generator/2026/09/23/workover_history.parquet,BATCH-GELEKI-20260923-V1
WO-GK-019-005,GK-019,2024-11-23,2024-11-24,JOB_SURFACE,SURFACE,True,,0.0,98.5,133.0,34.5,SUCCESS,162,False,1.0,DOC-SCAN-GK-019-006,2026-09-23T16:00:00Z,GENERATOR,gs://well-workover-intervention-data/landing/generator/2026/09/23/workover_history.parquet,BATCH-GELEKI-20260923-V1
WO-GK-019-008,GK-019,2025-06-13,2025-06-19,JOB_ROD_PART,ROD_PART,False,RIG-ASSAM-02,8.0,92.8,125.3,32.5,SUCCESS,178,False,1.0,DOC-SCAN-GK-019-009,2026-09-23T16:00:00Z,GENERATOR,gs://well-workover-intervention-data/landing/generator/2026/09/23/workover_history.parquet,BATCH-GELEKI-20260923-V1
WO-GK-019-011,GK-019,2025-10-02,2025-10-08,JOB_TUBING_LEAK,TUBING_LEAK,False,RIG-ASSAM-03,8.0,89.9,121.4,31.5,SUCCESS,80,False,1.0,DOC-SCAN-GK-019-012,2026-09-23T16:00:00Z,GENERATOR,gs://well-workover-intervention-data/landing/generator/2026/09/23/workover_history.parquet,BATCH-GELEKI-20260923-V1
WO-GK-019-014,GK-019,2026-02-22,2026-03-20,JOB_TUBING_LEAK,TUBING_LEAK,False,RIG-ASSAM-04,28.0,85.9,90.2,4.3,PARTIAL,56,False,0.5,DOC-SCAN-GK-019-015,2026-09-23T16:00:00Z,GENERATOR,gs://well-workover-intervention-data/landing/generator/2026/09/23/workover_history.parquet,BATCH-GELEKI-20260923-V1
WO-GK-019-CENS,GK-019,2026-03-20,2026-09-30,NONE_CENSORED,NONE,False,,0.0,,,0.0,CENSORED,194,True,0.0,,2026-09-23T16:00:00Z,GENERATOR,gs://well-workover-intervention-data/landing/generator/2026/09/23/workover_history.parquet,BATCH-GELEKI-20260923-V1
WO-GK-020-003,GK-020,2024-09-30,2024-10-31,JOB_SAND,SAND,False,RIG-ASSAM-01,33.0,35.0,36.8,1.8,PARTIAL,275,False,0.5,DOC-SCAN-GK-020-004,2026-09-23T16:00:00Z,GENERATOR,gs://well-workover-intervention-data/landing/generator/2026/09/23/workover_history.parquet,BATCH-GELEKI-20260923-V1
WO-GK-020-006,GK-020,2025-10-20,2025-10-29,JOB_SAND,SAND,False,RIG-ASSAM-03,11.0,32.7,44.1,11.4,SUCCESS,322,False,1.0,DOC-SCAN-GK-020-007,2026-09-23T16:00:00Z,GENERATOR,gs://well-workover-intervention-data/landing/generator/2026/09/23/workover_history.parquet,BATCH-GELEKI-20260923-V1
WO-GK-020-008,GK-020,2026-08-18,2026-08-18,JOB_SCALE,SCALE,True,,0.0,31.0,41.9,10.9,SUCCESS,293,False,1.0,DOC-SCAN-GK-020-009,2026-09-23T16:00:00Z,GENERATOR,gs://well-workover-intervention-data/landing/generator/2026/09/23/workover_history.parquet,BATCH-GELEKI-20260923-V1
WO-GK-020-CENS,GK-020,2026-08-18,2026-09-30,NONE_CENSORED,NONE,False,,0.0,,,0.0,CENSORED,43,True,0.0,,2026-09-23T16:00:00Z,GENERATOR,gs://well-workover-intervention-data/landing/generator/2026/09/23/workover_history.parquet,BATCH-GELEKI-20260923-V1
WO-GK-021-003,GK-021,2024-06-13,2024-07-29,JOB_TUBING_LEAK,TUBING_LEAK,False,RIG-ASSAM-04,48.0,137.3,185.4,48.1,SUCCESS,144,False,1.0,DOC-SCAN-GK-021-004,2026-09-23T16:00:00Z,GENERATOR,gs://well-workover-intervention-data/landing/generator/2026/09/23/workover_history.parquet,BATCH-GELEKI-20260923-V1
WO-GK-021-006,GK-021,2025-02-09,2025-02-09,JOB_SAND,SAND,False,RIG-ASSAM-04,2.0,132.3,112.5,-19.8,FAILED,190,False,0.5,DOC-SCAN-GK-021-007,2026-09-23T16:00:00Z,GENERATOR,gs://well-workover-intervention-data/landing/generator/2026/09/23/workover_history.parquet,BATCH-GELEKI-20260923-V1
WO-GK-021-009,GK-021,2025-06-07,2025-06-12,JOB_TUBING_LEAK,TUBING_LEAK,False,RIG-ASSAM-02,7.0,129.2,174.4,45.2,SUCCESS,97,False,1.0,DOC-SCAN-GK-021-010,2026-09-23T16:00:00Z,GENERATOR,gs://well-workover-intervention-data/landing/generator/2026/09/23/workover_history.parquet,BATCH-GELEKI-20260923-V1
WO-GK-021-012,GK-021,2025-12-14,2025-12-18,JOB_PUMP_WEAR,PUMP_WEAR,False,RIG-ASSAM-04,6.0,124.8,168.5,43.7,SUCCESS,167,False,1.0,DOC-SCAN-GK-021-013,2026-09-23T16:00:00Z,GENERATOR,gs://well-workover-intervention-data/landing/generator/2026/09/23/workover_history.parquet,BATCH-GELEKI-20260923-V1
WO-GK-021-014,GK-021,2026-05-05,2026-05-05,JOB_WAX,WAX,True,,0.0,121.7,127.8,6.1,PARTIAL,138,False,0.5,DOC-SCAN-GK-021-015,2026-09-23T16:00:00Z,GENERATOR,gs://well-workover-intervention-data/landing/generator/2026/09/23/workover_history.parquet,BATCH-GELEKI-20260923-V1
WO-GK-021-CENS,GK-021,2026-05-05,2026-09-30,NONE_CENSORED,NONE,False,,0.0,,,0.0,CENSORED,148,True,0.0,,2026-09-23T16:00:00Z,GENERATOR,gs://well-workover-intervention-data/landing/generator/2026/09/23/workover_history.parquet,BATCH-GELEKI-20260923-V1
WO-GK-022-003,GK-022,2023-11-26,2023-11-26,JOB_SAND,SAND,False,RIG-ASSAM-01,2.0,140.6,189.8,49.2,SUCCESS,120,False,1.0,DOC-SCAN-GK-022-004,2026-09-23T16:00:00Z,GENERATOR,gs://well-workover-intervention-data/landing/generator/2026/09/23/workover_history.parquet,BATCH-GELEKI-20260923-V1
WO-GK-022-006,GK-022,2024-04-18,2024-05-06,JOB_ROD_PART,ROD_PART,False,RIG-ASSAM-01,20.0,133.2,113.2,-20.0,FAILED,84,False,0.5,DOC-SCAN-GK-022-007,2026-09-23T16:00:00Z,GENERATOR,gs://well-workover-intervention-data/landing/generator/2026/09/23/workover_history.parquet,BATCH-GELEKI-20260923-V1
WO-GK-022-009,GK-022,2024-09-25,2024-10-07,JOB_PUMP_WEAR,PUMP_WEAR,False,RIG-ASSAM-03,14.0,126.8,171.2,44.4,SUCCESS,99,False,1.0,DOC-SCAN-GK-022-010,2026-09-23T16:00:00Z,GENERATOR,gs://well-workover-intervention-data/landing/generator/2026/09/23/workover_history.parquet,BATCH-GELEKI-20260923-V1
WO-GK-022-012,GK-022,2025-03-21,2025-03-21,JOB_PUMP_WEAR,PUMP_WEAR,False,RIG-ASSAM-04,2.0,120.4,102.3,-18.1,FAILED,158,False,0.5,DOC-SCAN-GK-022-013,2026-09-23T16:00:00Z,GENERATOR,gs://well-workover-intervention-data/landing/generator/2026/09/23/workover_history.parquet,BATCH-GELEKI-20260923-V1
WO-GK-022-015,GK-022,2025-08-29,2025-09-05,JOB_ROD_PART,ROD_PART,False,RIG-ASSAM-03,9.0,114.4,97.2,-17.2,FAILED,134,False,0.5,DOC-SCAN-GK-022-016,2026-09-23T16:00:00Z,GENERATOR,gs://well-workover-intervention-data/landing/generator/2026/09/23/workover_history.parquet,BATCH-GELEKI-20260923-V1
WO-GK-022-018,GK-022,2026-04-26,2026-05-10,JOB_ROD_PART,ROD_PART,False,RIG-ASSAM-03,16.0,106.3,111.6,5.3,PARTIAL,187,False,0.5,DOC-SCAN-GK-022-019,2026-09-23T16:00:00Z,GENERATOR,gs://well-workover-intervention-data/landing/generator/2026/09/23/workover_history.parquet,BATCH-GELEKI-20260923-V1
WO-GK-022-CENS,GK-022,2026-05-10,2026-09-30,NONE_CENSORED,NONE,False,,0.0,,,0.0,CENSORED,143,True,0.0,,2026-09-23T16:00:00Z,GENERATOR,gs://well-workover-intervention-data/landing/generator/2026/09/23/workover_history.parquet,BATCH-GELEKI-20260923-V1
WO-GK-023-003,GK-023,2023-10-30,2023-10-30,JOB_ROD_PART,ROD_PART,False,RIG-ASSAM-01,2.0,135.2,182.5,47.3,SUCCESS,79,False,1.0,DOC-SCAN-GK-023-004,2026-09-23T16:00:00Z,GENERATOR,gs://well-workover-intervention-data/landing/generator/2026/09/23/workover_history.parquet,BATCH-GELEKI-20260923-V1
WO-GK-023-006,GK-023,2024-05-07,2024-05-09,JOB_SUDDEN_MECH,SUDDEN_MECH,False,RIG-ASSAM-02,4.0,128.6,135.0,6.4,PARTIAL,178,False,0.5,DOC-SCAN-GK-023-007,2026-09-23T16:00:00Z,GENERATOR,gs://well-workover-intervention-data/landing/generator/2026/09/23/workover_history.parquet,BATCH-GELEKI-20260923-V1
WO-GK-023-009,GK-023,2024-10-01,2024-10-15,JOB_ROD_PART,ROD_PART,False,RIG-ASSAM-04,16.0,123.5,166.7,43.2,SUCCESS,97,False,1.0,DOC-SCAN-GK-023-010,2026-09-23T16:00:00Z,GENERATOR,gs://well-workover-intervention-data/landing/generator/2026/09/23/workover_history.parquet,BATCH-GELEKI-20260923-V1
WO-GK-023-011,GK-023,2025-03-22,2025-03-22,JOB_SCALE,SCALE,True,,0.0,118.7,124.6,5.9,PARTIAL,158,False,0.5,DOC-SCAN-GK-023-012,2026-09-23T16:00:00Z,GENERATOR,gs://well-workover-intervention-data/landing/generator/2026/09/23/workover_history.parquet,BATCH-GELEKI-20260923-V1
WO-GK-023-014,GK-023,2025-10-10,2025-10-14,JOB_TUBING_LEAK,TUBING_LEAK,False,RIG-ASSAM-02,6.0,112.9,118.5,5.6,PARTIAL,187,False,0.5,DOC-SCAN-GK-023-015,2026-09-23T16:00:00Z,GENERATOR,gs://well-workover-intervention-data/landing/generator/2026/09/23/workover_history.parquet,BATCH-GELEKI-20260923-V1
WO-GK-023-016,GK-023,2026-01-16,2026-01-17,JOB_SURFACE,SURFACE,True,,0.0,110.4,149.0,38.6,SUCCESS,94,False,1.0,DOC-SCAN-GK-023-017,2026-09-23T16:00:00Z,GENERATOR,gs://well-workover-intervention-data/landing/generator/2026/09/23/workover_history.parquet,BATCH-GELEKI-20260923-V1
WO-GK-023-019,GK-023,2026-07-17,2026-07-27,JOB_PUMP_WEAR,PUMP_WEAR,False,RIG-ASSAM-04,12.0,105.6,142.6,37.0,SUCCESS,148,False,1.0,DOC-SCAN-GK-023-020,2026-09-23T16:00:00Z,GENERATOR,gs://well-workover-intervention-data/landing/generator/2026/09/23/workover_history.parquet,BATCH-GELEKI-20260923-V1
WO-GK-023-CENS,GK-023,2026-07-27,2026-09-30,NONE_CENSORED,NONE,False,,0.0,,,0.0,CENSORED,65,True,0.0,,2026-09-23T16:00:00Z,GENERATOR,gs://well-workover-intervention-data/landing/generator/2026/09/23/workover_history.parquet,BATCH-GELEKI-20260923-V1
WO-GK-024-002,GK-024,2024-01-18,2024-01-19,JOB_SCALE,SCALE,True,,0.0,86.9,117.3,30.4,SUCCESS,164,False,1.0,DOC-SCAN-GK-024-003,2026-09-23T16:00:00Z,GENERATOR,gs://well-workover-intervention-data/landing/generator/2026/09/23/workover_history.parquet,BATCH-GELEKI-20260923-V1
WO-GK-024-004,GK-024,2024-09-08,2024-09-09,JOB_WAX,WAX,True,,0.0,82.4,111.2,28.8,SUCCESS,233,False,1.0,DOC-SCAN-GK-024-005,2026-09-23T16:00:00Z,GENERATOR,gs://well-workover-intervention-data/landing/generator/2026/09/23/workover_history.parquet,BATCH-GELEKI-20260923-V1
WO-GK-024-006,GK-024,2025-04-08,2025-04-09,JOB_WAX,WAX,True,,0.0,78.7,82.6,3.9,PARTIAL,211,False,0.5,DOC-SCAN-GK-024-007,2026-09-23T16:00:00Z,GENERATOR,gs://well-workover-intervention-data/landing/generator/2026/09/23/workover_history.parquet,BATCH-GELEKI-20260923-V1
WO-GK-024-008,GK-024,2025-10-19,2025-10-19,JOB_GL_HEADING,GL_HEADING,True,,0.0,75.5,101.9,26.4,SUCCESS,193,False,1.0,DOC-SCAN-GK-024-009,2026-09-23T16:00:00Z,GENERATOR,gs://well-workover-intervention-data/landing/generator/2026/09/23/workover_history.parquet,BATCH-GELEKI-20260923-V1
WO-GK-024-011,GK-024,2026-02-08,2026-02-10,JOB_SAND,SAND,False,RIG-ASSAM-01,4.0,73.7,99.5,25.8,SUCCESS,100,False,1.0,DOC-SCAN-GK-024-012,2026-09-23T16:00:00Z,GENERATOR,gs://well-workover-intervention-data/landing/generator/2026/09/23/workover_history.parquet,BATCH-GELEKI-20260923-V1
WO-GK-024-013,GK-024,2026-06-12,2026-06-13,JOB_GL_HEADING,GL_HEADING,True,,0.0,71.9,97.1,25.2,SUCCESS,122,False,1.0,DOC-SCAN-GK-024-014,2026-09-23T16:00:00Z,GENERATOR,gs://well-workover-intervention-data/landing/generator/2026/09/23/workover_history.parquet,BATCH-GELEKI-20260923-V1
WO-GK-024-CENS,GK-024,2026-06-13,2026-09-30,NONE_CENSORED,NONE,False,,0.0,,,0.0,CENSORED,109,True,0.0,,2026-09-23T16:00:00Z,GENERATOR,gs://well-workover-intervention-data/landing/generator/2026/09/23/workover_history.parquet,BATCH-GELEKI-20260923-V1
WO-GK-025-002,GK-025,2023-12-17,2023-12-18,JOB_SURFACE,SURFACE,True,,0.0,95.5,100.3,4.8,PARTIAL,79,False,0.5,DOC-SCAN-GK-025-003,2026-09-23T16:00:00Z,GENERATOR,gs://well-workover-intervention-data/landing/generator/2026/09/23/workover_history.parquet,BATCH-GELEKI-20260923-V1
WO-GK-025-004,GK-025,2024-05-03,2024-05-03,JOB_SURFACE,SURFACE,True,,0.0,92.2,124.5,32.3,SUCCESS,137,False,1.0,DOC-SCAN-GK-025-005,2026-09-23T16:00:00Z,GENERATOR,gs://well-workover-intervention-data/landing/generator/2026/09/23/workover_history.parquet,BATCH-GELEKI-20260923-V1
WO-GK-025-007,GK-025,2024-09-10,2024-09-10,JOB_PUMP_WEAR,PUMP_WEAR,False,RIG-ASSAM-02,2.0,89.2,120.4,31.2,SUCCESS,125,False,1.0,DOC-SCAN-GK-025-008,2026-09-23T16:00:00Z,GENERATOR,gs://well-workover-intervention-data/landing/generator/2026/09/23/workover_history.parquet,BATCH-GELEKI-20260923-V1
WO-GK-025-010,GK-025,2025-03-15,2025-03-19,JOB_WAX,WAX,False,RIG-ASSAM-03,6.0,85.1,72.3,-12.8,FAILED,167,False,0.5,DOC-SCAN-GK-025-011,2026-09-23T16:00:00Z,GENERATOR,gs://well-workover-intervention-data/landing/generator/2026/09/23/workover_history.parquet,BATCH-GELEKI-20260923-V1
WO-GK-025-013,GK-025,2025-08-23,2025-08-31,JOB_TUBING_LEAK,TUBING_LEAK,False,RIG-ASSAM-01,10.0,81.8,110.4,28.6,SUCCESS,128,False,1.0,DOC-SCAN-GK-025-014,2026-09-23T16:00:00Z,GENERATOR,gs://well-workover-intervention-data/landing/generator/2026/09/23/workover_history.parquet,BATCH-GELEKI-20260923-V1
WO-GK-025-016,GK-025,2026-01-19,2026-01-30,JOB_SUDDEN_MECH,SUDDEN_MECH,False,RIG-ASSAM-04,13.0,78.9,106.5,27.6,SUCCESS,103,False,1.0,DOC-SCAN-GK-025-017,2026-09-23T16:00:00Z,GENERATOR,gs://well-workover-intervention-data/landing/generator/2026/09/23/workover_history.parquet,BATCH-GELEKI-20260923-V1
WO-GK-025-019,GK-025,2026-07-29,2026-08-07,JOB_PUMP_WEAR,PUMP_WEAR,False,RIG-ASSAM-02,11.0,75.6,79.4,3.8,PARTIAL,147,False,0.5,DOC-SCAN-GK-025-020,2026-09-23T16:00:00Z,GENERATOR,gs://well-workover-intervention-data/landing/generator/2026/09/23/workover_history.parquet,BATCH-GELEKI-20260923-V1
WO-GK-025-CENS,GK-025,2026-08-07,2026-09-30,NONE_CENSORED,NONE,False,,0.0,,,0.0,CENSORED,54,True,0.0,,2026-09-23T16:00:00Z,GENERATOR,gs://well-workover-intervention-data/landing/generator/2026/09/23/workover_history.parquet,BATCH-GELEKI-20260923-V1
WO-GK-026-003,GK-026,2024-05-13,2024-05-15,JOB_PUMP_WEAR,PUMP_WEAR,False,RIG-ASSAM-03,4.0,57.0,77.0,20.0,SUCCESS,254,False,1.0,DOC-SCAN-GK-026-004,2026-09-23T16:00:00Z,GENERATOR,gs://well-workover-intervention-data/landing/generator/2026/09/23/workover_history.parquet,BATCH-GELEKI-20260923-V1
WO-GK-026-006,GK-026,2025-07-03,2025-08-21,JOB_ROD_PART,ROD_PART,False,RIG-ASSAM-04,51.0,49.7,67.1,17.4,SUCCESS,261,False,1.0,DOC-SCAN-GK-026-007,2026-09-23T16:00:00Z,GENERATOR,gs://well-workover-intervention-data/landing/generator/2026/09/23/workover_history.parquet,BATCH-GELEKI-20260923-V1
WO-GK-026-009,GK-026,2026-04-19,2026-04-27,JOB_PUMP_WEAR,PUMP_WEAR,False,RIG-ASSAM-02,10.0,46.5,62.8,16.3,SUCCESS,211,False,1.0,DOC-SCAN-GK-026-010,2026-09-23T16:00:00Z,GENERATOR,gs://well-workover-intervention-data/landing/generator/2026/09/23/workover_history.parquet,BATCH-GELEKI-20260923-V1
WO-GK-026-CENS,GK-026,2026-04-27,2026-09-30,NONE_CENSORED,NONE,False,,0.0,,,0.0,CENSORED,156,True,0.0,,2026-09-23T16:00:00Z,GENERATOR,gs://well-workover-intervention-data/landing/generator/2026/09/23/workover_history.parquet,BATCH-GELEKI-20260923-V1
WO-GK-027-003,GK-027,2024-02-18,2024-03-08,JOB_PUMP_WEAR,PUMP_WEAR,False,RIG-ASSAM-03,21.0,132.4,178.7,46.3,SUCCESS,81,False,1.0,DOC-SCAN-GK-027-004,2026-09-23T16:00:00Z,GENERATOR,gs://well-workover-intervention-data/landing/generator/2026/09/23/workover_history.parquet,BATCH-GELEKI-20260923-V1
WO-GK-027-005,GK-027,2024-06-11,2024-06-11,JOB_SURFACE,SURFACE,True,,0.0,128.7,173.7,45.0,SUCCESS,95,False,1.0,DOC-SCAN-GK-027-006,2026-09-23T16:00:00Z,GENERATOR,gs://well-workover-intervention-data/landing/generator/2026/09/23/workover_history.parquet,BATCH-GELEKI-20260923-V1
WO-GK-027-007,GK-027,2024-10-10,2024-10-10,JOB_SURFACE,SURFACE,True,,0.0,124.2,130.4,6.2,PARTIAL,121,False,0.5,DOC-SCAN-GK-027-008,2026-09-23T16:00:00Z,GENERATOR,gs://well-workover-intervention-data/landing/generator/2026/09/23/workover_history.parquet,BATCH-GELEKI-20260923-V1
WO-GK-027-009,GK-027,2024-12-08,2024-12-09,JOB_WAX,WAX,True,,0.0,122.1,103.8,-18.3,FAILED,59,False,0.5,DOC-SCAN-GK-027-010,2026-09-23T16:00:00Z,GENERATOR,gs://well-workover-intervention-data/landing/generator/2026/09/23/workover_history.parquet,BATCH-GELEKI-20260923-V1
WO-GK-027-012,GK-027,2025-03-07,2025-03-07,JOB_WAX,WAX,False,RIG-ASSAM-04,2.0,119.1,160.8,41.7,SUCCESS,83,False,1.0,DOC-SCAN-GK-027-013,2026-09-23T16:00:00Z,GENERATOR,gs://well-workover-intervention-data/landing/generator/2026/09/23/workover_history.parquet,BATCH-GELEKI-20260923-V1
WO-GK-027-015,GK-027,2025-04-25,2025-04-27,JOB_TUBING_LEAK,TUBING_LEAK,False,RIG-ASSAM-03,4.0,117.4,123.3,5.9,PARTIAL,37,False,0.5,DOC-SCAN-GK-027-016,2026-09-23T16:00:00Z,GENERATOR,gs://well-workover-intervention-data/landing/generator/2026/09/23/workover_history.parquet,BATCH-GELEKI-20260923-V1
WO-GK-027-017,GK-027,2025-08-25,2025-08-26,JOB_SURFACE,SURFACE,True,,0.0,113.6,153.4,39.8,SUCCESS,120,False,1.0,DOC-SCAN-GK-027-018,2026-09-23T16:00:00Z,GENERATOR,gs://well-workover-intervention-data/landing/generator/2026/09/23/workover_history.parquet,BATCH-GELEKI-20260923-V1
WO-GK-027-020,GK-027,2026-04-07,2026-05-26,JOB_PUMP_WEAR,PUMP_WEAR,False,RIG-ASSAM-01,51.0,105.8,142.8,37.0,SUCCESS,71,False,1.0,DOC-SCAN-GK-027-021,2026-09-23T16:00:00Z,GENERATOR,gs://well-workover-intervention-data/landing/generator/2026/09/23/workover_history.parquet,BATCH-GELEKI-20260923-V1
WO-GK-027-023,GK-027,2026-09-15,2026-09-15,JOB_SUDDEN_MECH,SUDDEN_MECH,False,RIG-ASSAM-04,2.0,102.8,138.8,36.0,SUCCESS,106,False,1.0,DOC-SCAN-GK-027-024,2026-09-23T16:00:00Z,GENERATOR,gs://well-workover-intervention-data/landing/generator/2026/09/23/workover_history.parquet,BATCH-GELEKI-20260923-V1
WO-GK-028-003,GK-028,2024-06-26,2024-08-12,JOB_WAX,WAX,False,RIG-ASSAM-04,49.0,100.9,136.2,35.3,SUCCESS,137,False,1.0,DOC-SCAN-GK-028-004,2026-09-23T16:00:00Z,GENERATOR,gs://well-workover-intervention-data/landing/generator/2026/09/23/workover_history.parquet,BATCH-GELEKI-20260923-V1
WO-GK-028-005,GK-028,2024-12-01,2024-12-01,JOB_SURFACE,SURFACE,True,,0.0,98.1,132.4,34.3,SUCCESS,111,False,1.0,DOC-SCAN-GK-028-006,2026-09-23T16:00:00Z,GENERATOR,gs://well-workover-intervention-data/landing/generator/2026/09/23/workover_history.parquet,BATCH-GELEKI-20260923-V1
WO-GK-028-008,GK-028,2025-07-30,2025-08-25,JOB_SAND,SAND,False,RIG-ASSAM-04,28.0,92.1,78.3,-13.8,FAILED,159,False,0.5,DOC-SCAN-GK-028-009,2026-09-23T16:00:00Z,GENERATOR,gs://well-workover-intervention-data/landing/generator/2026/09/23/workover_history.parquet,BATCH-GELEKI-20260923-V1
WO-GK-028-011,GK-028,2026-02-20,2026-02-23,JOB_WAX,WAX,False,RIG-ASSAM-01,5.0,88.3,119.2,30.9,SUCCESS,166,False,1.0,DOC-SCAN-GK-028-012,2026-09-23T16:00:00Z,GENERATOR,gs://well-workover-intervention-data/landing/generator/2026/09/23/workover_history.parquet,BATCH-GELEKI-20260923-V1
WO-GK-028-014,GK-028,2026-05-29,2026-05-31,JOB_WAX,WAX,False,RIG-ASSAM-04,4.0,86.4,116.6,30.2,SUCCESS,86,False,1.0,DOC-SCAN-GK-028-015,2026-09-23T16:00:00Z,GENERATOR,gs://well-workover-intervention-data/landing/generator/2026/09/23/workover_history.parquet,BATCH-GELEKI-20260923-V1
WO-GK-028-017,GK-028,2026-09-19,2026-09-23,JOB_OTHER,OTHER,False,RIG-ASSAM-04,6.0,84.2,88.4,4.2,PARTIAL,93,False,0.5,DOC-SCAN-GK-028-018,2026-09-23T16:00:00Z,GENERATOR,gs://well-workover-intervention-data/landing/generator/2026/09/23/workover_history.parquet,BATCH-GELEKI-20260923-V1
WO-GK-029-003,GK-029,2024-04-09,2024-04-11,JOB_TUBING_LEAK,TUBING_LEAK,False,RIG-ASSAM-04,4.0,44.3,59.8,15.5,SUCCESS,229,False,1.0,DOC-SCAN-GK-029-004,2026-09-23T16:00:00Z,GENERATOR,gs://well-workover-intervention-data/landing/generator/2026/09/23/workover_history.parquet,BATCH-GELEKI-20260923-V1
WO-GK-029-006,GK-029,2025-06-12,2025-07-08,JOB_ROD_PART,ROD_PART,False,RIG-ASSAM-01,28.0,40.0,54.0,14.0,SUCCESS,345,False,1.0,DOC-SCAN-GK-029-007,2026-09-23T16:00:00Z,GENERATOR,gs://well-workover-intervention-data/landing/generator/2026/09/23/workover_history.parquet,BATCH-GELEKI-20260923-V1
WO-GK-029-009,GK-029,2026-05-27,2026-05-28,JOB_PUMP_WEAR,PUMP_WEAR,False,RIG-ASSAM-03,3.0,37.3,50.4,13.1,SUCCESS,315,False,1.0,DOC-SCAN-GK-029-010,2026-09-23T16:00:00Z,GENERATOR,gs://well-workover-intervention-data/landing/generator/2026/09/23/workover_history.parquet,BATCH-GELEKI-20260923-V1
WO-GK-029-CENS,GK-029,2026-05-28,2026-09-30,NONE_CENSORED,NONE,False,,0.0,,,0.0,CENSORED,125,True,0.0,,2026-09-23T16:00:00Z,GENERATOR,gs://well-workover-intervention-data/landing/generator/2026/09/23/workover_history.parquet,BATCH-GELEKI-20260923-V1
WO-GK-030-002,GK-030,2023-10-01,2023-10-08,JOB_ROD_PART,ROD_PART,False,RIG-ASSAM-03,9.0,55.3,74.7,19.4,SUCCESS,91,False,1.0,DOC-SCAN-GK-030-003,2026-09-23T16:00:00Z,GENERATOR,gs://well-workover-intervention-data/landing/generator/2026/09/23/workover_history.parquet,BATCH-GELEKI-20260923-V1
WO-GK-030-005,GK-030,2024-01-30,2024-01-30,JOB_ROD_PART,ROD_PART,False,RIG-ASSAM-02,2.0,53.2,71.8,18.6,SUCCESS,109,False,1.0,DOC-SCAN-GK-030-006,2026-09-23T16:00:00Z,GENERATOR,gs://well-workover-intervention-data/landing/generator/2026/09/23/workover_history.parquet,BATCH-GELEKI-20260923-V1
WO-GK-030-008,GK-030,2025-02-07,2025-03-28,JOB_TUBING_LEAK,TUBING_LEAK,False,RIG-ASSAM-04,51.0,46.5,48.8,2.3,PARTIAL,221,False,0.5,DOC-SCAN-GK-030-009,2026-09-23T16:00:00Z,GENERATOR,gs://well-workover-intervention-data/landing/generator/2026/09/23/workover_history.parquet,BATCH-GELEKI-20260923-V1
WO-GK-030-011,GK-030,2025-11-04,2025-11-08,JOB_TUBING_LEAK,TUBING_LEAK,False,RIG-ASSAM-03,6.0,43.4,45.6,2.2,PARTIAL,206,False,0.5,DOC-SCAN-GK-030-012,2026-09-23T16:00:00Z,GENERATOR,gs://well-workover-intervention-data/landing/generator/2026/09/23/workover_history.parquet,BATCH-GELEKI-20260923-V1
WO-GK-030-014,GK-030,2026-09-23,2026-09-25,JOB_PUMP_WEAR,PUMP_WEAR,False,RIG-ASSAM-03,4.0,39.6,53.5,13.9,SUCCESS,308,False,1.0,DOC-SCAN-GK-030-015,2026-09-23T16:00:00Z,GENERATOR,gs://well-workover-intervention-data/landing/generator/2026/09/23/workover_history.parquet,BATCH-GELEKI-20260923-V1
WO-GK-031-002,GK-031,2023-12-16,2023-12-16,JOB_SURFACE,SURFACE,True,,0.0,82.0,110.7,28.7,SUCCESS,80,False,1.0,DOC-SCAN-GK-031-003,2026-09-23T16:00:00Z,GENERATOR,gs://well-workover-intervention-data/landing/generator/2026/09/23/workover_history.parquet,BATCH-GELEKI-20260923-V1
WO-GK-031-005,GK-031,2024-04-21,2024-04-21,JOB_WAX,WAX,False,RIG-ASSAM-01,2.0,79.0,106.7,27.7,SUCCESS,122,False,1.0,DOC-SCAN-GK-031-006,2026-09-23T16:00:00Z,GENERATOR,gs://well-workover-intervention-data/landing/generator/2026/09/23/workover_history.parquet,BATCH-GELEKI-20260923-V1
WO-GK-031-008,GK-031,2024-10-02,2024-10-03,JOB_WAX,WAX,False,RIG-ASSAM-03,3.0,75.5,101.9,26.4,SUCCESS,156,False,1.0,DOC-SCAN-GK-031-009,2026-09-23T16:00:00Z,GENERATOR,gs://well-workover-intervention-data/landing/generator/2026/09/23/workover_history.parquet,BATCH-GELEKI-20260923-V1
WO-GK-031-011,GK-031,2025-03-16,2025-03-18,JOB_WAX,WAX,False,RIG-ASSAM-03,4.0,72.2,97.5,25.3,SUCCESS,152,False,1.0,DOC-SCAN-GK-031-012,2026-09-23T16:00:00Z,GENERATOR,gs://well-workover-intervention-data/landing/generator/2026/09/23/workover_history.parquet,BATCH-GELEKI-20260923-V1
WO-GK-031-014,GK-031,2025-07-30,2025-08-08,JOB_WAX,WAX,False,RIG-ASSAM-04,11.0,69.5,59.1,-10.4,FAILED,103,False,0.5,DOC-SCAN-GK-031-015,2026-09-23T16:00:00Z,GENERATOR,gs://well-workover-intervention-data/landing/generator/2026/09/23/workover_history.parquet,BATCH-GELEKI-20260923-V1
WO-GK-031-017,GK-031,2026-02-07,2026-02-17,JOB_WAX,WAX,False,RIG-ASSAM-01,12.0,66.3,56.4,-9.9,FAILED,150,False,0.5,DOC-SCAN-GK-031-018,2026-09-23T16:00:00Z,GENERATOR,gs://well-workover-intervention-data/landing/generator/2026/09/23/workover_history.parquet,BATCH-GELEKI-20260923-V1
WO-GK-032-003,GK-032,2024-04-10,2024-04-16,JOB_SAND,SAND,False,RIG-ASSAM-04,8.0,34.4,36.1,1.7,PARTIAL,246,False,0.5,DOC-SCAN-GK-032-004,2026-09-23T16:00:00Z,GENERATOR,gs://well-workover-intervention-data/landing/generator/2026/09/23/workover_history.parquet,BATCH-GELEKI-20260923-V1
WO-GK-032-006,GK-032,2025-01-03,2025-01-11,JOB_OTHER,OTHER,False,RIG-ASSAM-02,10.0,31.7,42.8,11.1,SUCCESS,235,False,1.0,DOC-SCAN-GK-032-007,2026-09-23T16:00:00Z,GENERATOR,gs://well-workover-intervention-data/landing/generator/2026/09/23/workover_history.parquet,BATCH-GELEKI-20260923-V1
WO-GK-032-008,GK-032,2025-06-25,2025-06-26,JOB_SURFACE,SURFACE,True,,0.0,30.2,40.8,10.6,SUCCESS,165,False,1.0,DOC-SCAN-GK-032-009,2026-09-23T16:00:00Z,GENERATOR,gs://well-workover-intervention-data/landing/generator/2026/09/23/workover_history.parquet,BATCH-GELEKI-20260923-V1
WO-GK-032-011,GK-032,2026-04-25,2026-04-28,JOB_ROD_PART,ROD_PART,False,RIG-ASSAM-01,5.0,27.8,37.5,9.7,SUCCESS,290,False,1.0,DOC-SCAN-GK-032-012,2026-09-23T16:00:00Z,GENERATOR,gs://well-workover-intervention-data/landing/generator/2026/09/23/workover_history.parquet,BATCH-GELEKI-20260923-V1
WO-GK-032-CENS,GK-032,2026-04-28,2026-09-30,NONE_CENSORED,NONE,False,,0.0,,,0.0,CENSORED,155,True,0.0,,2026-09-23T16:00:00Z,GENERATOR,gs://well-workover-intervention-data/landing/generator/2026/09/23/workover_history.parquet,BATCH-GELEKI-20260923-V1
WO-GK-033-003,GK-033,2024-04-30,2024-06-13,JOB_TUBING_LEAK,TUBING_LEAK,False,RIG-ASSAM-02,46.0,131.5,177.5,46.0,SUCCESS,93,False,1.0,DOC-SCAN-GK-033-004,2026-09-23T16:00:00Z,GENERATOR,gs://well-workover-intervention-data/landing/generator/2026/09/23/workover_history.parquet,BATCH-GELEKI-20260923-V1
WO-GK-033-005,GK-033,2024-08-24,2024-08-24,JOB_WAX,WAX,True,,0.0,128.4,173.3,44.9,SUCCESS,72,False,1.0,DOC-SCAN-GK-033-006,2026-09-23T16:00:00Z,GENERATOR,gs://well-workover-intervention-data/landing/generator/2026/09/23/workover_history.parquet,BATCH-GELEKI-20260923-V1
WO-GK-033-007,GK-033,2024-11-11,2024-11-11,JOB_SURFACE,SURFACE,True,,0.0,125.1,168.9,43.8,SUCCESS,79,False,1.0,DOC-SCAN-GK-033-008,2026-09-23T16:00:00Z,GENERATOR,gs://well-workover-intervention-data/landing/generator/2026/09/23/workover_history.parquet,BATCH-GELEKI-20260923-V1
WO-GK-033-010,GK-033,2025-06-21,2025-07-06,JOB_PUMP_WEAR,PUMP_WEAR,False,RIG-ASSAM-02,17.0,115.9,156.5,40.6,SUCCESS,172,False,1.0,DOC-SCAN-GK-033-011,2026-09-23T16:00:00Z,GENERATOR,gs://well-workover-intervention-data/landing/generator/2026/09/23/workover_history.parquet,BATCH-GELEKI-20260923-V1
WO-GK-033-013,GK-033,2025-10-23,2025-10-23,JOB_SUDDEN_MECH,SUDDEN_MECH,False,RIG-ASSAM-01,2.0,112.1,151.3,39.2,SUCCESS,104,False,1.0,DOC-SCAN-GK-033-014,2026-09-23T16:00:00Z,GENERATOR,gs://well-workover-intervention-data/landing/generator/2026/09/23/workover_history.parquet,BATCH-GELEKI-20260923-V1
WO-GK-033-015,GK-033,2025-11-25,2025-11-25,JOB_SURFACE,SURFACE,True,,0.0,111.0,149.9,38.9,SUCCESS,33,False,1.0,DOC-SCAN-GK-033-016,2026-09-23T16:00:00Z,GENERATOR,gs://well-workover-intervention-data/landing/generator/2026/09/23/workover_history.parquet,BATCH-GELEKI-20260923-V1
WO-GK-033-018,GK-033,2026-07-18,2026-08-05,JOB_OTHER,OTHER,False,RIG-ASSAM-01,20.0,102.9,138.9,36.0,SUCCESS,178,False,1.0,DOC-SCAN-GK-033-019,2026-09-23T16:00:00Z,GENERATOR,gs://well-workover-intervention-data/landing/generator/2026/09/23/workover_history.parquet,BATCH-GELEKI-20260923-V1
WO-GK-033-CENS,GK-033,2026-08-05,2026-09-30,NONE_CENSORED,NONE,False,,0.0,,,0.0,CENSORED,56,True,0.0,,2026-09-23T16:00:00Z,GENERATOR,gs://well-workover-intervention-data/landing/generator/2026/09/23/workover_history.parquet,BATCH-GELEKI-20260923-V1
WO-GK-034-002,GK-034,2023-10-02,2023-10-06,JOB_SUDDEN_MECH,SUDDEN_MECH,False,RIG-ASSAM-01,6.0,135.7,183.2,47.5,SUCCESS,111,False,1.0,DOC-SCAN-GK-034-003,2026-09-23T16:00:00Z,GENERATOR,gs://well-workover-intervention-data/landing/generator/2026/09/23/workover_history.parquet,BATCH-GELEKI-20260923-V1
WO-GK-034-004,GK-034,2024-01-06,2024-01-07,JOB_WAX,WAX,True,,0.0,131.5,177.5,46.0,SUCCESS,92,False,1.0,DOC-SCAN-GK-034-005,2026-09-23T16:00:00Z,GENERATOR,gs://well-workover-intervention-data/landing/generator/2026/09/23/workover_history.parquet,BATCH-GELEKI-20260923-V1
WO-GK-034-006,GK-034,2024-08-29,2024-08-29,JOB_SURFACE,SURFACE,True,,0.0,121.9,164.6,42.7,SUCCESS,235,False,1.0,DOC-SCAN-GK-034-007,2026-09-23T16:00:00Z,GENERATOR,gs://well-workover-intervention-data/landing/generator/2026/09/23/workover_history.parquet,BATCH-GELEKI-20260923-V1
WO-GK-034-008,GK-034,2025-01-31,2025-02-01,JOB_WAX,WAX,True,,0.0,116.1,156.7,40.6,SUCCESS,155,False,1.0,DOC-SCAN-GK-034-009,2026-09-23T16:00:00Z,GENERATOR,gs://well-workover-intervention-data/landing/generator/2026/09/23/workover_history.parquet,BATCH-GELEKI-20260923-V1
WO-GK-034-010,GK-034,2025-03-13,2025-03-13,JOB_WAX,WAX,True,,0.0,114.7,97.5,-17.2,FAILED,40,False,0.5,DOC-SCAN-GK-034-011,2026-09-23T16:00:00Z,GENERATOR,gs://well-workover-intervention-data/landing/generator/2026/09/23/workover_history.parquet,BATCH-GELEKI-20260923-V1
WO-GK-034-013,GK-034,2025-08-27,2025-09-06,JOB_ROD_PART,ROD_PART,False,RIG-ASSAM-02,12.0,108.8,146.9,38.1,SUCCESS,133,False,1.0,DOC-SCAN-GK-034-014,2026-09-23T16:00:00Z,GENERATOR,gs://well-workover-intervention-data/landing/generator/2026/09/23/workover_history.parquet,BATCH-GELEKI-20260923-V1
WO-GK-034-016,GK-034,2026-03-08,2026-03-11,JOB_WAX,WAX,False,RIG-ASSAM-02,5.0,103.0,139.1,36.1,SUCCESS,168,False,1.0,DOC-SCAN-GK-034-017,2026-09-23T16:00:00Z,GENERATOR,gs://well-workover-intervention-data/landing/generator/2026/09/23/workover_history.parquet,BATCH-GELEKI-20260923-V1
WO-GK-034-018,GK-034,2026-06-13,2026-06-13,JOB_SURFACE,SURFACE,True,,0.0,100.3,135.4,35.1,SUCCESS,94,False,1.0,DOC-SCAN-GK-034-019,2026-09-23T16:00:00Z,GENERATOR,gs://well-workover-intervention-data/landing/generator/2026/09/23/workover_history.parquet,BATCH-GELEKI-20260923-V1
WO-GK-034-CENS,GK-034,2026-06-13,2026-09-30,NONE_CENSORED,NONE,False,,0.0,,,0.0,CENSORED,109,True,0.0,,2026-09-23T16:00:00Z,GENERATOR,gs://well-workover-intervention-data/landing/generator/2026/09/23/workover_history.parquet,BATCH-GELEKI-20260923-V1
WO-GK-035-002,GK-035,2024-01-30,2024-01-30,JOB_WAX,WAX,True,,0.0,40.7,54.9,14.2,SUCCESS,314,False,1.0,DOC-SCAN-GK-035-003,2026-09-23T16:00:00Z,GENERATOR,gs://well-workover-intervention-data/landing/generator/2026/09/23/workover_history.parquet,BATCH-GELEKI-20260923-V1
WO-GK-035-005,GK-035,2024-10-20,2024-10-22,JOB_SUDDEN_MECH,SUDDEN_MECH,False,RIG-ASSAM-03,4.0,37.4,39.3,1.9,PARTIAL,254,False,0.5,DOC-SCAN-GK-035-006,2026-09-23T16:00:00Z,GENERATOR,gs://well-workover-intervention-data/landing/generator/2026/09/23/workover_history.parquet,BATCH-GELEKI-20260923-V1
WO-GK-035-008,GK-035,2025-03-25,2025-03-25,JOB_ROD_PART,ROD_PART,False,RIG-ASSAM-02,2.0,35.7,37.5,1.8,PARTIAL,149,False,0.5,DOC-SCAN-GK-035-009,2026-09-23T16:00:00Z,GENERATOR,gs://well-workover-intervention-data/landing/generator/2026/09/23/workover_history.parquet,BATCH-GELEKI-20260923-V1
WO-GK-035-011,GK-035,2025-12-16,2025-12-16,JOB_ROD_PART,ROD_PART,False,RIG-ASSAM-04,2.0,33.1,44.7,11.6,SUCCESS,261,False,1.0,DOC-SCAN-GK-035-012,2026-09-23T16:00:00Z,GENERATOR,gs://well-workover-intervention-data/landing/generator/2026/09/23/workover_history.parquet,BATCH-GELEKI-20260923-V1
WO-GK-036-002,GK-036,2023-10-01,2023-10-07,JOB_SAND,SAND,False,RIG-ASSAM-04,8.0,145.3,123.5,-21.8,FAILED,182,False,0.5,DOC-SCAN-GK-036-003,2026-09-23T16:00:00Z,GENERATOR,gs://well-workover-intervention-data/landing/generator/2026/09/23/workover_history.parquet,BATCH-GELEKI-20260923-V1
WO-GK-036-005,GK-036,2024-02-18,2024-02-26,JOB_OTHER,OTHER,False,RIG-ASSAM-04,10.0,139.3,146.3,7.0,PARTIAL,106,False,0.5,DOC-SCAN-GK-036-006,2026-09-23T16:00:00Z,GENERATOR,gs://well-workover-intervention-data/landing/generator/2026/09/23/workover_history.parquet,BATCH-GELEKI-20260923-V1
WO-GK-036-008,GK-036,2024-09-19,2024-09-23,JOB_TUBING_LEAK,TUBING_LEAK,False,RIG-ASSAM-04,6.0,131.0,176.9,45.9,SUCCESS,189,False,1.0,DOC-SCAN-GK-036-009,2026-09-23T16:00:00Z,GENERATOR,gs://well-workover-intervention-data/landing/generator/2026/09/23/workover_history.parquet,BATCH-GELEKI-20260923-V1
WO-GK-036-011,GK-036,2025-07-21,2025-07-31,JOB_ROD_PART,ROD_PART,False,RIG-ASSAM-04,12.0,120.1,162.1,42.0,SUCCESS,264,False,1.0,DOC-SCAN-GK-036-012,2026-09-23T16:00:00Z,GENERATOR,gs://well-workover-intervention-data/landing/generator/2026/09/23/workover_history.parquet,BATCH-GELEKI-20260923-V1
WO-GK-036-014,GK-036,2026-02-04,2026-02-19,JOB_SUDDEN_MECH,SUDDEN_MECH,False,RIG-ASSAM-01,17.0,113.8,153.6,39.8,SUCCESS,139,False,1.0,DOC-SCAN-GK-036-015,2026-09-23T16:00:00Z,GENERATOR,gs://well-workover-intervention-data/landing/generator/2026/09/23/workover_history.parquet,BATCH-GELEKI-20260923-V1
WO-GK-036-017,GK-036,2026-08-11,2026-08-11,JOB_ROD_PART,ROD_PART,False,RIG-ASSAM-02,2.0,108.8,146.9,38.1,SUCCESS,168,False,1.0,DOC-SCAN-GK-036-018,2026-09-23T16:00:00Z,GENERATOR,gs://well-workover-intervention-data/landing/generator/2026/09/23/workover_history.parquet,BATCH-GELEKI-20260923-V1
WO-GK-036-CENS,GK-036,2026-08-11,2026-09-30,NONE_CENSORED,NONE,False,,0.0,,,0.0,CENSORED,50,True,0.0,,2026-09-23T16:00:00Z,GENERATOR,gs://well-workover-intervention-data/landing/generator/2026/09/23/workover_history.parquet,BATCH-GELEKI-20260923-V1
WO-GK-037-003,GK-037,2024-03-30,2024-04-25,JOB_SAND,SAND,False,RIG-ASSAM-04,28.0,144.0,194.4,50.4,SUCCESS,136,False,1.0,DOC-SCAN-GK-037-004,2026-09-23T16:00:00Z,GENERATOR,gs://well-workover-intervention-data/landing/generator/2026/09/23/workover_history.parquet,BATCH-GELEKI-20260923-V1
WO-GK-037-005,GK-037,2024-09-05,2024-09-05,JOB_SCALE,SCALE,True,,0.0,140.4,189.5,49.1,SUCCESS,133,False,1.0,DOC-SCAN-GK-037-006,2026-09-23T16:00:00Z,GENERATOR,gs://well-workover-intervention-data/landing/generator/2026/09/23/workover_history.parquet,BATCH-GELEKI-20260923-V1
WO-GK-037-008,GK-037,2025-04-10,2025-05-02,JOB_ROD_PART,ROD_PART,False,RIG-ASSAM-03,24.0,134.4,114.2,-20.2,FAILED,145,False,0.5,DOC-SCAN-GK-037-009,2026-09-23T16:00:00Z,GENERATOR,gs://well-workover-intervention-data/landing/generator/2026/09/23/workover_history.parquet,BATCH-GELEKI-20260923-V1
WO-GK-037-010,GK-037,2025-12-03,2025-12-04,JOB_WAX,WAX,True,,0.0,129.3,109.9,-19.4,FAILED,215,False,0.5,DOC-SCAN-GK-037-011,2026-09-23T16:00:00Z,GENERATOR,gs://well-workover-intervention-data/landing/generator/2026/09/23/workover_history.parquet,BATCH-GELEKI-20260923-V1
WO-GK-037-013,GK-037,2026-05-28,2026-05-30,JOB_ROD_PART,ROD_PART,False,RIG-ASSAM-03,4.0,125.4,131.7,6.3,PARTIAL,164,False,0.5,DOC-SCAN-GK-037-014,2026-09-23T16:00:00Z,GENERATOR,gs://well-workover-intervention-data/landing/generator/2026/09/23/workover_history.parquet,BATCH-GELEKI-20260923-V1
WO-GK-037-CENS,GK-037,2026-05-30,2026-09-30,NONE_CENSORED,NONE,False,,0.0,,,0.0,CENSORED,123,True,0.0,,2026-09-23T16:00:00Z,GENERATOR,gs://well-workover-intervention-data/landing/generator/2026/09/23/workover_history.parquet,BATCH-GELEKI-20260923-V1
WO-GK-038-002,GK-038,2024-02-04,2024-02-04,JOB_GL_HEADING,GL_HEADING,True,,0.0,52.4,55.0,2.6,PARTIAL,161,False,0.5,DOC-SCAN-GK-038-003,2026-09-23T16:00:00Z,GENERATOR,gs://well-workover-intervention-data/landing/generator/2026/09/23/workover_history.parquet,BATCH-GELEKI-20260923-V1
WO-GK-038-005,GK-038,2024-11-06,2024-11-09,JOB_GL_INJ_ANOMALY,GL_INJ_ANOMALY,False,RIG-ASSAM-03,5.0,49.4,66.7,17.3,SUCCESS,263,False,1.0,DOC-SCAN-GK-038-006,2026-09-23T16:00:00Z,GENERATOR,gs://well-workover-intervention-data/landing/generator/2026/09/23/workover_history.parquet,BATCH-GELEKI-20260923-V1
WO-GK-038-008,GK-038,2025-04-07,2025-04-07,JOB_TUBING_LEAK,TUBING_LEAK,False,RIG-ASSAM-04,2.0,47.9,64.7,16.8,SUCCESS,144,False,1.0,DOC-SCAN-GK-038-009,2026-09-23T16:00:00Z,GENERATOR,gs://well-workover-intervention-data/landing/generator/2026/09/23/workover_history.parquet,BATCH-GELEKI-20260923-V1
WO-GK-038-011,GK-038,2025-09-17,2025-09-19,JOB_GL_INJ_ANOMALY,GL_INJ_ANOMALY,False,RIG-ASSAM-01,4.0,46.4,62.6,16.2,SUCCESS,154,False,1.0,DOC-SCAN-GK-038-012,2026-09-23T16:00:00Z,GENERATOR,gs://well-workover-intervention-data/landing/generator/2026/09/23/workover_history.parquet,BATCH-GELEKI-20260923-V1
WO-GK-039-003,GK-039,2024-02-11,2024-02-16,JOB_SAND,SAND,False,RIG-ASSAM-02,7.0,94.1,127.0,32.9,SUCCESS,214,False,1.0,DOC-SCAN-GK-039-004,2026-09-23T16:00:00Z,GENERATOR,gs://well-workover-intervention-data/landing/generator/2026/09/23/workover_history.parquet,BATCH-GELEKI-20260923-V1
WO-GK-039-006,GK-039,2024-09-03,2024-09-08,JOB_GL_INJ_ANOMALY,GL_INJ_ANOMALY,False,RIG-ASSAM-03,7.0,90.6,122.3,31.7,SUCCESS,181,False,1.0,DOC-SCAN-GK-039-007,2026-09-23T16:00:00Z,GENERATOR,gs://well-workover-intervention-data/landing/generator/2026/09/23/workover_history.parquet,BATCH-GELEKI-20260923-V1
WO-GK-039-009,GK-039,2025-01-31,2025-02-02,JOB_GL_INJ_ANOMALY,GL_INJ_ANOMALY,False,RIG-ASSAM-01,4.0,88.3,92.7,4.4,PARTIAL,132,False,0.5,DOC-SCAN-GK-039-010,2026-09-23T16:00:00Z,GENERATOR,gs://well-workover-intervention-data/landing/generator/2026/09/23/workover_history.parquet,BATCH-GELEKI-20260923-V1
WO-GK-039-011,GK-039,2025-05-17,2025-05-18,JOB_GL_HEADING,GL_HEADING,True,,0.0,86.6,116.9,30.3,SUCCESS,104,False,1.0,DOC-SCAN-GK-039-012,2026-09-23T16:00:00Z,GENERATOR,gs://well-workover-intervention-data/landing/generator/2026/09/23/workover_history.parquet,BATCH-GELEKI-20260923-V1
WO-GK-039-014,GK-039,2026-01-19,2026-02-04,JOB_GL_INJ_ANOMALY,GL_INJ_ANOMALY,False,RIG-ASSAM-03,18.0,82.7,111.6,28.9,SUCCESS,194,False,1.0,DOC-SCAN-GK-039-015,2026-09-23T16:00:00Z,GENERATOR,gs://well-workover-intervention-data/landing/generator/2026/09/23/workover_history.parquet,BATCH-GELEKI-20260923-V1
WO-GK-039-CENS,GK-039,2026-02-04,2026-09-30,NONE_CENSORED,NONE,False,,0.0,,,0.0,CENSORED,238,True,0.0,,2026-09-23T16:00:00Z,GENERATOR,gs://well-workover-intervention-data/landing/generator/2026/09/23/workover_history.parquet,BATCH-GELEKI-20260923-V1
WO-GK-040-003,GK-040,2024-07-27,2024-07-27,JOB_TUBING_LEAK,TUBING_LEAK,False,RIG-ASSAM-01,2.0,59.2,79.9,20.7,SUCCESS,326,False,1.0,DOC-SCAN-GK-040-004,2026-09-23T16:00:00Z,GENERATOR,gs://well-workover-intervention-data/landing/generator/2026/09/23/workover_history.parquet,BATCH-GELEKI-20260923-V1
WO-GK-040-006,GK-040,2025-05-22,2025-05-27,JOB_TUBING_LEAK,TUBING_LEAK,False,RIG-ASSAM-01,7.0,55.6,75.1,19.5,SUCCESS,280,False,1.0,DOC-SCAN-GK-040-007,2026-09-23T16:00:00Z,GENERATOR,gs://well-workover-intervention-data/landing/generator/2026/09/23/workover_history.parquet,BATCH-GELEKI-20260923-V1
WO-GK-040-009,GK-040,2026-07-20,2026-08-10,JOB_SAND,SAND,False,RIG-ASSAM-02,23.0,51.0,53.6,2.6,PARTIAL,350,False,0.5,DOC-SCAN-GK-040-010,2026-09-23T16:00:00Z,GENERATOR,gs://well-workover-intervention-data/landing/generator/2026/09/23/workover_history.parquet,BATCH-GELEKI-20260923-V1
WO-GK-040-CENS,GK-040,2026-08-10,2026-09-30,NONE_CENSORED,NONE,False,,0.0,,,0.0,CENSORED,51,True,0.0,,2026-09-23T16:00:00Z,GENERATOR,gs://well-workover-intervention-data/landing/generator/2026/09/23/workover_history.parquet,BATCH-GELEKI-20260923-V1
WO-GK-041-003,GK-041,2024-03-02,2024-03-04,JOB_ROD_PART,ROD_PART,False,RIG-ASSAM-03,4.0,114.2,154.2,40.0,SUCCESS,197,False,1.0,DOC-SCAN-GK-041-004,2026-09-23T16:00:00Z,GENERATOR,gs://well-workover-intervention-data/landing/generator/2026/09/23/workover_history.parquet,BATCH-GELEKI-20260923-V1
WO-GK-041-006,GK-041,2024-09-11,2024-09-20,JOB_ROD_PART,ROD_PART,False,RIG-ASSAM-04,11.0,107.5,145.1,37.6,SUCCESS,159,False,1.0,DOC-SCAN-GK-041-007,2026-09-23T16:00:00Z,GENERATOR,gs://well-workover-intervention-data/landing/generator/2026/09/23/workover_history.parquet,BATCH-GELEKI-20260923-V1
WO-GK-041-008,GK-041,2024-12-23,2024-12-23,JOB_WAX,WAX,True,,0.0,104.6,141.2,36.6,SUCCESS,94,False,1.0,DOC-SCAN-GK-041-009,2026-09-23T16:00:00Z,GENERATOR,gs://well-workover-intervention-data/landing/generator/2026/09/23/workover_history.parquet,BATCH-GELEKI-20260923-V1
WO-GK-041-010,GK-041,2025-05-14,2025-05-15,JOB_WAX,WAX,True,,0.0,100.5,135.7,35.2,SUCCESS,142,False,1.0,DOC-SCAN-GK-041-011,2026-09-23T16:00:00Z,GENERATOR,gs://well-workover-intervention-data/landing/generator/2026/09/23/workover_history.parquet,BATCH-GELEKI-20260923-V1
WO-GK-041-013,GK-041,2025-07-06,2025-07-07,JOB_OTHER,OTHER,False,RIG-ASSAM-03,3.0,99.0,133.7,34.7,SUCCESS,43,False,1.0,DOC-SCAN-GK-041-014,2026-09-23T16:00:00Z,GENERATOR,gs://well-workover-intervention-data/landing/generator/2026/09/23/workover_history.parquet,BATCH-GELEKI-20260923-V1
WO-GK-041-016,GK-041,2025-09-10,2025-09-10,JOB_ROD_PART,ROD_PART,False,RIG-ASSAM-04,2.0,97.2,102.1,4.9,PARTIAL,60,False,0.5,DOC-SCAN-GK-041-017,2026-09-23T16:00:00Z,GENERATOR,gs://well-workover-intervention-data/landing/generator/2026/09/23/workover_history.parquet,BATCH-GELEKI-20260923-V1
WO-GK-041-019,GK-041,2025-10-30,2025-10-30,JOB_WAX,WAX,False,RIG-ASSAM-03,2.0,95.9,100.7,4.8,PARTIAL,45,False,0.5,DOC-SCAN-GK-041-020,2026-09-23T16:00:00Z,GENERATOR,gs://well-workover-intervention-data/landing/generator/2026/09/23/workover_history.parquet,BATCH-GELEKI-20260923-V1
WO-GK-041-022,GK-041,2026-05-30,2026-07-03,JOB_SAND,SAND,False,RIG-ASSAM-02,36.0,89.8,121.2,31.4,SUCCESS,107,False,1.0,DOC-SCAN-GK-041-023,2026-09-23T16:00:00Z,GENERATOR,gs://well-workover-intervention-data/landing/generator/2026/09/23/workover_history.parquet,BATCH-GELEKI-20260923-V1
WO-GK-041-CENS,GK-041,2026-07-03,2026-09-30,NONE_CENSORED,NONE,False,,0.0,,,0.0,CENSORED,89,True,0.0,,2026-09-23T16:00:00Z,GENERATOR,gs://well-workover-intervention-data/landing/generator/2026/09/23/workover_history.parquet,BATCH-GELEKI-20260923-V1
WO-GK-042-002,GK-042,2024-02-05,2024-02-05,JOB_SURFACE,SURFACE,True,,0.0,149.7,202.1,52.4,SUCCESS,167,False,1.0,DOC-SCAN-GK-042-003,2026-09-23T16:00:00Z,GENERATOR,gs://well-workover-intervention-data/landing/generator/2026/09/23/workover_history.parquet,BATCH-GELEKI-20260923-V1
WO-GK-042-005,GK-042,2024-06-15,2024-06-21,JOB_PUMP_WEAR,PUMP_WEAR,False,RIG-ASSAM-02,8.0,144.5,195.1,50.6,SUCCESS,106,False,1.0,DOC-SCAN-GK-042-006,2026-09-23T16:00:00Z,GENERATOR,gs://well-workover-intervention-data/landing/generator/2026/09/23/workover_history.parquet,BATCH-GELEKI-20260923-V1
WO-GK-042-008,GK-042,2025-02-27,2025-04-10,JOB_SUDDEN_MECH,SUDDEN_MECH,False,RIG-ASSAM-03,44.0,134.5,181.6,47.1,SUCCESS,122,False,1.0,DOC-SCAN-GK-042-009,2026-09-23T16:00:00Z,GENERATOR,gs://well-workover-intervention-data/landing/generator/2026/09/23/workover_history.parquet,BATCH-GELEKI-20260923-V1
WO-GK-042-011,GK-042,2025-06-26,2025-06-26,JOB_TUBING_LEAK,TUBING_LEAK,False,RIG-ASSAM-02,2.0,132.1,178.3,46.2,SUCCESS,71,False,1.0,DOC-SCAN-GK-042-012,2026-09-23T16:00:00Z,GENERATOR,gs://well-workover-intervention-data/landing/generator/2026/09/23/workover_history.parquet,BATCH-GELEKI-20260923-V1
WO-GK-042-014,GK-042,2025-09-23,2025-09-23,JOB_TUBING_LEAK,TUBING_LEAK,False,RIG-ASSAM-03,2.0,129.4,174.7,45.3,SUCCESS,84,False,1.0,DOC-SCAN-GK-042-015,2026-09-23T16:00:00Z,GENERATOR,gs://well-workover-intervention-data/landing/generator/2026/09/23/workover_history.parquet,BATCH-GELEKI-20260923-V1
WO-GK-042-017,GK-042,2026-02-26,2026-02-26,JOB_TUBING_LEAK,TUBING_LEAK,False,RIG-ASSAM-02,2.0,124.8,131.0,6.2,PARTIAL,151,False,0.5,DOC-SCAN-GK-042-018,2026-09-23T16:00:00Z,GENERATOR,gs://well-workover-intervention-data/landing/generator/2026/09/23/workover_history.parquet,BATCH-GELEKI-20260923-V1
WO-GK-042-020,GK-042,2026-06-23,2026-07-05,JOB_PUMP_WEAR,PUMP_WEAR,False,RIG-ASSAM-04,14.0,121.3,127.4,6.1,PARTIAL,78,False,0.5,DOC-SCAN-GK-042-021,2026-09-23T16:00:00Z,GENERATOR,gs://well-workover-intervention-data/landing/generator/2026/09/23/workover_history.parquet,BATCH-GELEKI-20260923-V1
WO-GK-042-CENS,GK-042,2026-07-05,2026-09-30,NONE_CENSORED,NONE,False,,0.0,,,0.0,CENSORED,87,True,0.0,,2026-09-23T16:00:00Z,GENERATOR,gs://well-workover-intervention-data/landing/generator/2026/09/23/workover_history.parquet,BATCH-GELEKI-20260923-V1
WO-GK-043-002,GK-043,2023-12-25,2023-12-25,JOB_SURFACE,SURFACE,True,,0.0,70.3,59.8,-10.5,FAILED,173,False,0.5,DOC-SCAN-GK-043-003,2026-09-23T16:00:00Z,GENERATOR,gs://well-workover-intervention-data/landing/generator/2026/09/23/workover_history.parquet,BATCH-GELEKI-20260923-V1
WO-GK-043-005,GK-043,2024-06-29,2024-07-03,JOB_SAND,SAND,False,RIG-ASSAM-02,6.0,67.7,91.4,23.7,SUCCESS,170,False,1.0,DOC-SCAN-GK-043-006,2026-09-23T16:00:00Z,GENERATOR,gs://well-workover-intervention-data/landing/generator/2026/09/23/workover_history.parquet,BATCH-GELEKI-20260923-V1
WO-GK-043-008,GK-043,2025-03-27,2025-03-31,JOB_WAX,WAX,False,RIG-ASSAM-02,6.0,64.4,67.6,3.2,PARTIAL,251,False,0.5,DOC-SCAN-GK-043-009,2026-09-23T16:00:00Z,GENERATOR,gs://well-workover-intervention-data/landing/generator/2026/09/23/workover_history.parquet,BATCH-GELEKI-20260923-V1
WO-GK-043-010,GK-043,2025-09-14,2025-09-14,JOB_SURFACE,SURFACE,True,,0.0,62.5,53.1,-9.4,FAILED,167,False,0.5,DOC-SCAN-GK-043-011,2026-09-23T16:00:00Z,GENERATOR,gs://well-workover-intervention-data/landing/generator/2026/09/23/workover_history.parquet,BATCH-GELEKI-20260923-V1
WO-GK-043-013,GK-043,2026-03-19,2026-03-21,JOB_WAX,WAX,False,RIG-ASSAM-02,4.0,60.4,63.4,3.0,PARTIAL,177,False,0.5,DOC-SCAN-GK-043-014,2026-09-23T16:00:00Z,GENERATOR,gs://well-workover-intervention-data/landing/generator/2026/09/23/workover_history.parquet,BATCH-GELEKI-20260923-V1
WO-GK-043-CENS,GK-043,2026-03-21,2026-09-30,NONE_CENSORED,NONE,False,,0.0,,,0.0,CENSORED,193,True,0.0,,2026-09-23T16:00:00Z,GENERATOR,gs://well-workover-intervention-data/landing/generator/2026/09/23/workover_history.parquet,BATCH-GELEKI-20260923-V1
WO-GK-044-003,GK-044,2023-12-02,2023-12-03,JOB_ROD_PART,ROD_PART,False,RIG-ASSAM-03,3.0,111.4,150.4,39.0,SUCCESS,168,False,1.0,DOC-SCAN-GK-044-004,2026-09-23T16:00:00Z,GENERATOR,gs://well-workover-intervention-data/landing/generator/2026/09/23/workover_history.parquet,BATCH-GELEKI-20260923-V1
WO-GK-044-006,GK-044,2024-05-11,2024-06-08,JOB_TUBING_LEAK,TUBING_LEAK,False,RIG-ASSAM-02,30.0,106.7,144.0,37.3,SUCCESS,71,False,1.0,DOC-SCAN-GK-044-007,2026-09-23T16:00:00Z,GENERATOR,gs://well-workover-intervention-data/landing/generator/2026/09/23/workover_history.parquet,BATCH-GELEKI-20260923-V1
WO-GK-044-009,GK-044,2024-12-10,2024-12-28,JOB_ROD_PART,ROD_PART,False,RIG-ASSAM-03,20.0,102.0,137.7,35.7,SUCCESS,128,False,1.0,DOC-SCAN-GK-044-010,2026-09-23T16:00:00Z,GENERATOR,gs://well-workover-intervention-data/landing/generator/2026/09/23/workover_history.parquet,BATCH-GELEKI-20260923-V1
WO-GK-044-012,GK-044,2025-03-21,2025-03-21,JOB_PUMP_WEAR,PUMP_WEAR,False,RIG-ASSAM-02,2.0,100.2,105.2,5.0,PARTIAL,77,False,0.5,DOC-SCAN-GK-044-013,2026-09-23T16:00:00Z,GENERATOR,gs://well-workover-intervention-data/landing/generator/2026/09/23/workover_history.parquet,BATCH-GELEKI-20260923-V1
WO-GK-044-015,GK-044,2025-07-26,2025-07-26,JOB_PUMP_WEAR,PUMP_WEAR,False,RIG-ASSAM-02,2.0,97.5,131.6,34.1,SUCCESS,122,False,1.0,DOC-SCAN-GK-044-016,2026-09-23T16:00:00Z,GENERATOR,gs://well-workover-intervention-data/landing/generator/2026/09/23/workover_history.parquet,BATCH-GELEKI-20260923-V1
WO-GK-044-018,GK-044,2026-01-07,2026-01-14,JOB_TUBING_LEAK,TUBING_LEAK,False,RIG-ASSAM-01,9.0,94.0,98.7,4.7,PARTIAL,138,False,0.5,DOC-SCAN-GK-044-019,2026-09-23T16:00:00Z,GENERATOR,gs://well-workover-intervention-data/landing/generator/2026/09/23/workover_history.parquet,BATCH-GELEKI-20260923-V1
WO-GK-044-021,GK-044,2026-06-07,2026-06-19,JOB_SAND,SAND,False,RIG-ASSAM-01,14.0,91.0,122.9,31.9,SUCCESS,104,False,1.0,DOC-SCAN-GK-044-022,2026-09-23T16:00:00Z,GENERATOR,gs://well-workover-intervention-data/landing/generator/2026/09/23/workover_history.parquet,BATCH-GELEKI-20260923-V1
WO-GK-044-CENS,GK-044,2026-06-19,2026-09-30,NONE_CENSORED,NONE,False,,0.0,,,0.0,CENSORED,103,True,0.0,,2026-09-23T16:00:00Z,GENERATOR,gs://well-workover-intervention-data/landing/generator/2026/09/23/workover_history.parquet,BATCH-GELEKI-20260923-V1
WO-GK-045-003,GK-045,2023-10-22,2023-10-22,JOB_ROD_PART,ROD_PART,False,RIG-ASSAM-01,2.0,117.8,159.0,41.2,SUCCESS,64,False,1.0,DOC-SCAN-GK-045-004,2026-09-23T16:00:00Z,GENERATOR,gs://well-workover-intervention-data/landing/generator/2026/09/23/workover_history.parquet,BATCH-GELEKI-20260923-V1
WO-GK-045-006,GK-045,2024-05-11,2024-05-24,JOB_PUMP_WEAR,PUMP_WEAR,False,RIG-ASSAM-03,15.0,112.8,152.3,39.5,SUCCESS,159,False,1.0,DOC-SCAN-GK-045-007,2026-09-23T16:00:00Z,GENERATOR,gs://well-workover-intervention-data/landing/generator/2026/09/23/workover_history.parquet,BATCH-GELEKI-20260923-V1
WO-GK-045-008,GK-045,2024-11-06,2024-11-07,JOB_SURFACE,SURFACE,True,,0.0,109.1,147.3,38.2,SUCCESS,166,False,1.0,DOC-SCAN-GK-045-009,2026-09-23T16:00:00Z,GENERATOR,gs://well-workover-intervention-data/landing/generator/2026/09/23/workover_history.parquet,BATCH-GELEKI-20260923-V1
WO-GK-045-011,GK-045,2025-07-03,2025-07-15,JOB_ROD_PART,ROD_PART,False,RIG-ASSAM-03,14.0,104.0,140.4,36.4,SUCCESS,196,False,1.0,DOC-SCAN-GK-045-012,2026-09-23T16:00:00Z,GENERATOR,gs://well-workover-intervention-data/landing/generator/2026/09/23/workover_history.parquet,BATCH-GELEKI-20260923-V1
WO-GK-045-014,GK-045,2026-03-04,2026-03-08,JOB_ROD_PART,ROD_PART,False,RIG-ASSAM-04,6.0,99.5,134.3,34.8,SUCCESS,217,False,1.0,DOC-SCAN-GK-045-015,2026-09-23T16:00:00Z,GENERATOR,gs://well-workover-intervention-data/landing/generator/2026/09/23/workover_history.parquet,BATCH-GELEKI-20260923-V1
WO-GK-045-CENS,GK-045,2026-03-08,2026-09-30,NONE_CENSORED,NONE,False,,0.0,,,0.0,CENSORED,206,True,0.0,,2026-09-23T16:00:00Z,GENERATOR,gs://well-workover-intervention-data/landing/generator/2026/09/23/workover_history.parquet,BATCH-GELEKI-20260923-V1
WO-GK-046-002,GK-046,2023-10-16,2023-11-08,JOB_ROD_PART,ROD_PART,False,RIG-ASSAM-03,25.0,52.9,71.4,18.5,SUCCESS,263,False,1.0,DOC-SCAN-GK-046-003,2026-09-23T16:00:00Z,GENERATOR,gs://well-workover-intervention-data/landing/generator/2026/09/23/workover_history.parquet,BATCH-GELEKI-20260923-V1
WO-GK-046-005,GK-046,2024-04-03,2024-04-06,JOB_TUBING_LEAK,TUBING_LEAK,False,RIG-ASSAM-02,5.0,51.1,43.4,-7.7,FAILED,132,False,0.5,DOC-SCAN-GK-046-006,2026-09-23T16:00:00Z,GENERATOR,gs://well-workover-intervention-data/landing/generator/2026/09/23/workover_history.parquet,BATCH-GELEKI-20260923-V1
WO-GK-046-008,GK-046,2025-02-20,2025-04-07,JOB_TUBING_LEAK,TUBING_LEAK,False,RIG-ASSAM-01,48.0,47.0,63.5,16.5,SUCCESS,176,False,1.0,DOC-SCAN-GK-046-009,2026-09-23T16:00:00Z,GENERATOR,gs://well-workover-intervention-data/landing/generator/2026/09/23/workover_history.parquet,BATCH-GELEKI-20260923-V1
WO-GK-046-011,GK-046,2025-05-20,2025-05-20,JOB_ROD_PART,ROD_PART,False,RIG-ASSAM-01,2.0,46.6,48.9,2.3,PARTIAL,38,False,0.5,DOC-SCAN-GK-046-012,2026-09-23T16:00:00Z,GENERATOR,gs://well-workover-intervention-data/landing/generator/2026/09/23/workover_history.parquet,BATCH-GELEKI-20260923-V1
WO-GK-046-014,GK-046,2026-05-13,2026-05-25,JOB_SAND,SAND,False,RIG-ASSAM-02,14.0,43.1,45.3,2.2,PARTIAL,317,False,0.5,DOC-SCAN-GK-046-015,2026-09-23T16:00:00Z,GENERATOR,gs://well-workover-intervention-data/landing/generator/2026/09/23/workover_history.parquet,BATCH-GELEKI-20260923-V1
WO-GK-046-CENS,GK-046,2026-05-25,2026-09-30,NONE_CENSORED,NONE,False,,0.0,,,0.0,CENSORED,128,True,0.0,,2026-09-23T16:00:00Z,GENERATOR,gs://well-workover-intervention-data/landing/generator/2026/09/23/workover_history.parquet,BATCH-GELEKI-20260923-V1
WO-GK-047-002,GK-047,2024-08-24,2024-08-24,JOB_SURFACE,SURFACE,True,,0.0,38.0,51.3,13.3,SUCCESS,334,False,1.0,DOC-SCAN-GK-047-003,2026-09-23T16:00:00Z,GENERATOR,gs://well-workover-intervention-data/landing/generator/2026/09/23/workover_history.parquet,BATCH-GELEKI-20260923-V1
WO-GK-047-005,GK-047,2025-06-25,2025-07-09,JOB_OTHER,OTHER,False,RIG-ASSAM-02,16.0,35.6,37.4,1.8,PARTIAL,257,False,0.5,DOC-SCAN-GK-047-006,2026-09-23T16:00:00Z,GENERATOR,gs://well-workover-intervention-data/landing/generator/2026/09/23/workover_history.parquet,BATCH-GELEKI-20260923-V1
WO-GK-047-007,GK-047,2026-07-02,2026-07-02,JOB_WAX,WAX,True,,0.0,33.2,44.8,11.6,SUCCESS,358,False,1.0,DOC-SCAN-GK-047-008,2026-09-23T16:00:00Z,GENERATOR,gs://well-workover-intervention-data/landing/generator/2026/09/23/workover_history.parquet,BATCH-GELEKI-20260923-V1
WO-GK-047-CENS,GK-047,2026-07-02,2026-09-30,NONE_CENSORED,NONE,False,,0.0,,,0.0,CENSORED,90,True,0.0,,2026-09-23T16:00:00Z,GENERATOR,gs://well-workover-intervention-data/landing/generator/2026/09/23/workover_history.parquet,BATCH-GELEKI-20260923-V1
WO-GK-048-003,GK-048,2024-03-18,2024-03-18,JOB_WAX,WAX,False,RIG-ASSAM-03,2.0,50.1,42.6,-7.5,FAILED,290,False,0.5,DOC-SCAN-GK-048-004,2026-09-23T16:00:00Z,GENERATOR,gs://well-workover-intervention-data/landing/generator/2026/09/23/workover_history.parquet,BATCH-GELEKI-20260923-V1
WO-GK-048-006,GK-048,2024-09-30,2024-09-30,JOB_OTHER,OTHER,False,RIG-ASSAM-01,2.0,48.1,64.9,16.8,SUCCESS,190,False,1.0,DOC-SCAN-GK-048-007,2026-09-23T16:00:00Z,GENERATOR,gs://well-workover-intervention-data/landing/generator/2026/09/23/workover_history.parquet,BATCH-GELEKI-20260923-V1
WO-GK-048-009,GK-048,2025-08-13,2025-08-17,JOB_TUBING_LEAK,TUBING_LEAK,False,RIG-ASSAM-02,6.0,45.0,47.2,2.2,PARTIAL,299,False,0.5,DOC-SCAN-GK-048-010,2026-09-23T16:00:00Z,GENERATOR,gs://well-workover-intervention-data/landing/generator/2026/09/23/workover_history.parquet,BATCH-GELEKI-20260923-V1
WO-GK-048-CENS,GK-048,2026-06-17,2026-09-30,NONE_CENSORED,NONE,False,,0.0,,,0.0,CENSORED,105,True,0.0,,2026-09-23T16:00:00Z,GENERATOR,gs://well-workover-intervention-data/landing/generator/2026/09/23/workover_history.parquet,BATCH-GELEKI-20260923-V1
WO-GK-049-003,GK-049,2024-01-07,2024-01-07,JOB_TUBING_LEAK,TUBING_LEAK,False,RIG-ASSAM-03,2.0,97.9,132.2,34.3,SUCCESS,262,False,1.0,DOC-SCAN-GK-049-004,2026-09-23T16:00:00Z,GENERATOR,gs://well-workover-intervention-data/landing/generator/2026/09/23/workover_history.parquet,BATCH-GELEKI-20260923-V1
WO-GK-049-006,GK-049,2024-05-03,2024-05-04,JOB_WAX,WAX,False,RIG-ASSAM-03,3.0,94.9,128.1,33.2,SUCCESS,109,False,1.0,DOC-SCAN-GK-049-007,2026-09-23T16:00:00Z,GENERATOR,gs://well-workover-intervention-data/landing/generator/2026/09/23/workover_history.parquet,BATCH-GELEKI-20260923-V1
WO-GK-049-009,GK-049,2024-10-21,2024-10-21,JOB_SAND,SAND,False,RIG-ASSAM-02,2.0,90.8,122.6,31.8,SUCCESS,165,False,1.0,DOC-SCAN-GK-049-010,2026-09-23T16:00:00Z,GENERATOR,gs://well-workover-intervention-data/landing/generator/2026/09/23/workover_history.parquet,BATCH-GELEKI-20260923-V1
WO-GK-049-012,GK-049,2025-03-01,2025-03-10,JOB_WAX,WAX,False,RIG-ASSAM-01,11.0,87.7,118.4,30.7,SUCCESS,100,False,1.0,DOC-SCAN-GK-049-013,2026-09-23T16:00:00Z,GENERATOR,gs://well-workover-intervention-data/landing/generator/2026/09/23/workover_history.parquet,BATCH-GELEKI-20260923-V1
WO-GK-049-014,GK-049,2025-08-23,2025-08-23,JOB_WAX,WAX,True,,0.0,84.3,88.5,4.2,PARTIAL,166,False,0.5,DOC-SCAN-GK-049-015,2026-09-23T16:00:00Z,GENERATOR,gs://well-workover-intervention-data/landing/generator/2026/09/23/workover_history.parquet,BATCH-GELEKI-20260923-V1
WO-GK-049-016,GK-049,2025-10-29,2025-10-29,JOB_GL_HEADING,GL_HEADING,True,,0.0,82.9,87.0,4.1,PARTIAL,67,False,0.5,DOC-SCAN-GK-049-017,2026-09-23T16:00:00Z,GENERATOR,gs://well-workover-intervention-data/landing/generator/2026/09/23/workover_history.parquet,BATCH-GELEKI-20260923-V1
WO-GK-049-018,GK-049,2026-02-08,2026-02-09,JOB_GL_HEADING,GL_HEADING,True,,0.0,81.0,109.4,28.4,SUCCESS,102,False,1.0,DOC-SCAN-GK-049-019,2026-09-23T16:00:00Z,GENERATOR,gs://well-workover-intervention-data/landing/generator/2026/09/23/workover_history.parquet,BATCH-GELEKI-20260923-V1
WO-GK-049-020,GK-049,2026-06-27,2026-06-27,JOB_SURFACE,SURFACE,True,,0.0,78.5,106.0,27.5,SUCCESS,138,False,1.0,DOC-SCAN-GK-049-021,2026-09-23T16:00:00Z,GENERATOR,gs://well-workover-intervention-data/landing/generator/2026/09/23/workover_history.parquet,BATCH-GELEKI-20260923-V1
WO-GK-050-002,GK-050,2024-04-19,2024-04-19,JOB_SURFACE,SURFACE,True,,0.0,111.8,117.4,5.6,PARTIAL,266,False,0.5,DOC-SCAN-GK-050-003,2026-09-23T16:00:00Z,GENERATOR,gs://well-workover-intervention-data/landing/generator/2026/09/23/workover_history.parquet,BATCH-GELEKI-20260923-V1
WO-GK-050-005,GK-050,2024-11-01,2024-11-17,JOB_SAND,SAND,False,RIG-ASSAM-01,18.0,106.7,112.0,5.3,PARTIAL,144,False,0.5,DOC-SCAN-GK-050-006,2026-09-23T16:00:00Z,GENERATOR,gs://well-workover-intervention-data/landing/generator/2026/09/23/workover_history.parquet,BATCH-GELEKI-20260923-V1
WO-GK-050-008,GK-050,2025-07-13,2025-07-25,JOB_ROD_PART,ROD_PART,False,RIG-ASSAM-02,14.0,101.2,86.0,-15.2,FAILED,197,False,0.5,DOC-SCAN-GK-050-009,2026-09-23T16:00:00Z,GENERATOR,gs://well-workover-intervention-data/landing/generator/2026/09/23/workover_history.parquet,BATCH-GELEKI-20260923-V1
WO-GK-050-010,GK-050,2025-11-22,2025-11-22,JOB_WAX,WAX,True,,0.0,98.7,133.2,34.5,SUCCESS,120,False,1.0,DOC-SCAN-GK-050-011,2026-09-23T16:00:00Z,GENERATOR,gs://well-workover-intervention-data/landing/generator/2026/09/23/workover_history.parquet,BATCH-GELEKI-20260923-V1
WO-GK-050-013,GK-050,2026-06-02,2026-06-15,JOB_PUMP_WEAR,PUMP_WEAR,False,RIG-ASSAM-01,15.0,94.6,127.7,33.1,SUCCESS,149,False,1.0,DOC-SCAN-GK-050-014,2026-09-23T16:00:00Z,GENERATOR,gs://well-workover-intervention-data/landing/generator/2026/09/23/workover_history.parquet,BATCH-GELEKI-20260923-V1
WO-GK-050-CENS,GK-050,2026-06-15,2026-09-30,NONE_CENSORED,NONE,False,,0.0,,,0.0,CENSORED,107,True,0.0,,2026-09-23T16:00:00Z,GENERATOR,gs://well-workover-intervention-data/landing/generator/2026/09/23/workover_history.parquet,BATCH-GELEKI-20260923-V1
WO-GK-051-003,GK-051,2023-11-20,2023-11-25,JOB_WAX,WAX,False,RIG-ASSAM-02,7.0,123.9,167.3,43.4,SUCCESS,55,False,1.0,DOC-SCAN-GK-051-004,2026-09-23T16:00:00Z,GENERATOR,gs://well-workover-intervention-data/landing/generator/2026/09/23/workover_history.parquet,BATCH-GELEKI-20260923-V1
WO-GK-051-006,GK-051,2024-05-20,2024-06-01,JOB_WAX,WAX,False,RIG-ASSAM-01,14.0,116.3,122.1,5.8,PARTIAL,137,False,0.5,DOC-SCAN-GK-051-007,2026-09-23T16:00:00Z,GENERATOR,gs://well-workover-intervention-data/landing/generator/2026/09/23/workover_history.parquet,BATCH-GELEKI-20260923-V1
WO-GK-051-009,GK-051,2024-12-30,2025-01-15,JOB_WAX,WAX,False,RIG-ASSAM-04,18.0,108.0,145.8,37.8,SUCCESS,159,False,1.0,DOC-SCAN-GK-051-010,2026-09-23T16:00:00Z,GENERATOR,gs://well-workover-intervention-data/landing/generator/2026/09/23/workover_history.parquet,BATCH-GELEKI-20260923-V1
WO-GK-051-012,GK-051,2025-05-15,2025-05-17,JOB_WAX,WAX,False,RIG-ASSAM-01,4.0,104.1,140.5,36.4,SUCCESS,108,False,1.0,DOC-SCAN-GK-051-013,2026-09-23T16:00:00Z,GENERATOR,gs://well-workover-intervention-data/landing/generator/2026/09/23/workover_history.parquet,BATCH-GELEKI-20260923-V1
WO-GK-051-015,GK-051,2025-09-14,2025-09-14,JOB_WAX,WAX,False,RIG-ASSAM-03,2.0,100.4,135.5,35.1,SUCCESS,115,False,1.0,DOC-SCAN-GK-051-016,2026-09-23T16:00:00Z,GENERATOR,gs://well-workover-intervention-data/landing/generator/2026/09/23/workover_history.parquet,BATCH-GELEKI-20260923-V1
WO-GK-051-018,GK-051,2025-12-10,2025-12-12,JOB_WAX,WAX,False,RIG-ASSAM-04,4.0,97.8,132.0,34.2,SUCCESS,74,False,1.0,DOC-SCAN-GK-051-019,2026-09-23T16:00:00Z,GENERATOR,gs://well-workover-intervention-data/landing/generator/2026/09/23/workover_history.parquet,BATCH-GELEKI-20260923-V1
WO-GK-051-020,GK-051,2026-04-10,2026-04-10,JOB_SURFACE,SURFACE,True,,0.0,94.6,99.3,4.7,PARTIAL,119,False,0.5,DOC-SCAN-GK-051-021,2026-09-23T16:00:00Z,GENERATOR,gs://well-workover-intervention-data/landing/generator/2026/09/23/workover_history.parquet,BATCH-GELEKI-20260923-V1
WO-GK-051-CENS,GK-051,2026-04-10,2026-09-30,NONE_CENSORED,NONE,False,,0.0,,,0.0,CENSORED,173,True,0.0,,2026-09-23T16:00:00Z,GENERATOR,gs://well-workover-intervention-data/landing/generator/2026/09/23/workover_history.parquet,BATCH-GELEKI-20260923-V1
WO-GK-052-003,GK-052,2023-12-15,2023-12-17,JOB_TUBING_LEAK,TUBING_LEAK,False,RIG-ASSAM-01,4.0,144.2,151.4,7.2,PARTIAL,98,False,0.5,DOC-SCAN-GK-052-004,2026-09-23T16:00:00Z,GENERATOR,gs://well-workover-intervention-data/landing/generator/2026/09/23/workover_history.parquet,BATCH-GELEKI-20260923-V1
WO-GK-052-005,GK-052,2024-03-19,2024-03-20,JOB_WAX,WAX,True,,0.0,140.3,189.4,49.1,SUCCESS,93,False,1.0,DOC-SCAN-GK-052-006,2026-09-23T16:00:00Z,GENERATOR,gs://well-workover-intervention-data/landing/generator/2026/09/23/workover_history.parquet,BATCH-GELEKI-20260923-V1
WO-GK-052-008,GK-052,2024-08-03,2024-08-04,JOB_TUBING_LEAK,TUBING_LEAK,False,RIG-ASSAM-02,3.0,134.8,141.5,6.7,PARTIAL,129,False,0.5,DOC-SCAN-GK-052-009,2026-09-23T16:00:00Z,GENERATOR,gs://well-workover-intervention-data/landing/generator/2026/09/23/workover_history.parquet,BATCH-GELEKI-20260923-V1
WO-GK-052-010,GK-052,2024-11-18,2024-11-19,JOB_WAX,WAX,True,,0.0,130.7,111.1,-19.6,FAILED,106,False,0.5,DOC-SCAN-GK-052-011,2026-09-23T16:00:00Z,GENERATOR,gs://well-workover-intervention-data/landing/generator/2026/09/23/workover_history.parquet,BATCH-GELEKI-20260923-V1
WO-GK-052-013,GK-052,2024-12-27,2024-12-29,JOB_SAND,SAND,False,RIG-ASSAM-01,4.0,129.2,174.4,45.2,SUCCESS,27,False,1.0,DOC-SCAN-GK-052-014,2026-09-23T16:00:00Z,GENERATOR,gs://well-workover-intervention-data/landing/generator/2026/09/23/workover_history.parquet,BATCH-GELEKI-20260923-V1
WO-GK-052-015,GK-052,2025-05-11,2025-05-11,JOB_SURFACE,SURFACE,True,,0.0,124.5,168.1,43.6,SUCCESS,133,False,1.0,DOC-SCAN-GK-052-016,2026-09-23T16:00:00Z,GENERATOR,gs://well-workover-intervention-data/landing/generator/2026/09/23/workover_history.parquet,BATCH-GELEKI-20260923-V1
WO-GK-052-018,GK-052,2025-08-24,2025-09-03,JOB_SUDDEN_MECH,SUDDEN_MECH,False,RIG-ASSAM-03,12.0,120.7,162.9,42.2,SUCCESS,71,False,1.0,DOC-SCAN-GK-052-019,2026-09-23T16:00:00Z,GENERATOR,gs://well-workover-intervention-data/landing/generator/2026/09/23/workover_history.parquet,BATCH-GELEKI-20260923-V1
WO-GK-052-020,GK-052,2025-11-04,2025-11-05,JOB_WAX,WAX,True,,0.0,118.7,160.2,41.5,SUCCESS,62,False,1.0,DOC-SCAN-GK-052-021,2026-09-23T16:00:00Z,GENERATOR,gs://well-workover-intervention-data/landing/generator/2026/09/23/workover_history.parquet,BATCH-GELEKI-20260923-V1
WO-GK-052-023,GK-052,2026-04-26,2026-04-26,JOB_SAND,SAND,False,RIG-ASSAM-04,2.0,113.4,119.1,5.7,PARTIAL,167,False,0.5,DOC-SCAN-GK-052-024,2026-09-23T16:00:00Z,GENERATOR,gs://well-workover-intervention-data/landing/generator/2026/09/23/workover_history.parquet,BATCH-GELEKI-20260923-V1
WO-GK-052-025,GK-052,2026-07-06,2026-07-06,JOB_SURFACE,SURFACE,True,,0.0,111.3,150.3,39.0,SUCCESS,71,False,1.0,DOC-SCAN-GK-052-026,2026-09-23T16:00:00Z,GENERATOR,gs://well-workover-intervention-data/landing/generator/2026/09/23/workover_history.parquet,BATCH-GELEKI-20260923-V1
WO-GK-052-CENS,GK-052,2026-07-06,2026-09-30,NONE_CENSORED,NONE,False,,0.0,,,0.0,CENSORED,86,True,0.0,,2026-09-23T16:00:00Z,GENERATOR,gs://well-workover-intervention-data/landing/generator/2026/09/23/workover_history.parquet,BATCH-GELEKI-20260923-V1
WO-GK-053-003,GK-053,2024-02-24,2024-03-25,JOB_GL_LOADING,GL_LOADING,False,RIG-ASSAM-01,32.0,128.2,109.0,-19.2,FAILED,121,False,0.5,DOC-SCAN-GK-053-004,2026-09-23T16:00:00Z,GENERATOR,gs://well-workover-intervention-data/landing/generator/2026/09/23/workover_history.parquet,BATCH-GELEKI-20260923-V1
WO-GK-053-006,GK-053,2024-11-20,2024-11-26,JOB_GL_LOADING,GL_LOADING,False,RIG-ASSAM-03,8.0,122.6,128.7,6.1,PARTIAL,217,False,0.5,DOC-SCAN-GK-053-007,2026-09-23T16:00:00Z,GENERATOR,gs://well-workover-intervention-data/landing/generator/2026/09/23/workover_history.parquet,BATCH-GELEKI-20260923-V1
WO-GK-053-008,GK-053,2025-02-24,2025-02-24,JOB_GL_HEADING,GL_HEADING,True,,0.0,120.7,126.7,6.0,PARTIAL,90,False,0.5,DOC-SCAN-GK-053-009,2026-09-23T16:00:00Z,GENERATOR,gs://well-workover-intervention-data/landing/generator/2026/09/23/workover_history.parquet,BATCH-GELEKI-20260923-V1
WO-GK-053-011,GK-053,2025-09-13,2025-09-18,JOB_GL_LOADING,GL_LOADING,False,RIG-ASSAM-01,7.0,116.4,122.2,5.8,PARTIAL,181,False,0.5,DOC-SCAN-GK-053-012,2026-09-23T16:00:00Z,GENERATOR,gs://well-workover-intervention-data/landing/generator/2026/09/23/workover_history.parquet,BATCH-GELEKI-20260923-V1
WO-GK-053-013,GK-053,2026-06-22,2026-06-22,JOB_GL_HEADING,GL_HEADING,True,,0.0,111.1,150.0,38.9,SUCCESS,277,False,1.0,DOC-SCAN-GK-053-014,2026-09-23T16:00:00Z,GENERATOR,gs://well-workover-intervention-data/landing/generator/2026/09/23/workover_history.parquet,BATCH-GELEKI-20260923-V1
WO-GK-053-CENS,GK-053,2026-06-22,2026-09-30,NONE_CENSORED,NONE,False,,0.0,,,0.0,CENSORED,100,True,0.0,,2026-09-23T16:00:00Z,GENERATOR,gs://well-workover-intervention-data/landing/generator/2026/09/23/workover_history.parquet,BATCH-GELEKI-20260923-V1
WO-GK-054-002,GK-054,2023-12-19,2023-12-19,JOB_GL_HEADING,GL_HEADING,True,,0.0,135.2,182.5,47.3,SUCCESS,128,False,1.0,DOC-SCAN-GK-054-003,2026-09-23T16:00:00Z,GENERATOR,gs://well-workover-intervention-data/landing/generator/2026/09/23/workover_history.parquet,BATCH-GELEKI-20260923-V1
WO-GK-054-005,GK-054,2024-05-31,2024-06-17,JOB_GL_LOADING,GL_LOADING,False,RIG-ASSAM-01,19.0,128.9,174.0,45.1,SUCCESS,107,False,1.0,DOC-SCAN-GK-054-006,2026-09-23T16:00:00Z,GENERATOR,gs://well-workover-intervention-data/landing/generator/2026/09/23/workover_history.parquet,BATCH-GELEKI-20260923-V1
WO-GK-054-008,GK-054,2024-09-19,2024-09-19,JOB_GL_LOADING,GL_LOADING,False,RIG-ASSAM-04,2.0,125.8,169.8,44.0,SUCCESS,89,False,1.0,DOC-SCAN-GK-054-009,2026-09-23T16:00:00Z,GENERATOR,gs://well-workover-intervention-data/landing/generator/2026/09/23/workover_history.parquet,BATCH-GELEKI-20260923-V1
WO-GK-054-010,GK-054,2024-11-22,2024-11-22,JOB_GL_HEADING,GL_HEADING,True,,0.0,123.8,167.1,43.3,SUCCESS,64,False,1.0,DOC-SCAN-GK-054-011,2026-09-23T16:00:00Z,GENERATOR,gs://well-workover-intervention-data/landing/generator/2026/09/23/workover_history.parquet,BATCH-GELEKI-20260923-V1
WO-GK-054-013,GK-054,2025-04-15,2025-04-15,JOB_GL_LOADING,GL_LOADING,False,RIG-ASSAM-03,2.0,119.4,101.5,-17.9,FAILED,139,False,0.5,DOC-SCAN-GK-054-014,2026-09-23T16:00:00Z,GENERATOR,gs://well-workover-intervention-data/landing/generator/2026/09/23/workover_history.parquet,BATCH-GELEKI-20260923-V1
WO-GK-054-016,GK-054,2025-08-29,2025-09-11,JOB_GL_LOADING,GL_LOADING,False,RIG-ASSAM-02,15.0,115.1,120.9,5.8,PARTIAL,92,False,0.5,DOC-SCAN-GK-054-017,2026-09-23T16:00:00Z,GENERATOR,gs://well-workover-intervention-data/landing/generator/2026/09/23/workover_history.parquet,BATCH-GELEKI-20260923-V1
WO-GK-054-019,GK-054,2026-02-11,2026-02-21,JOB_GL_INJ_ANOMALY,GL_INJ_ANOMALY,False,RIG-ASSAM-02,12.0,110.7,116.2,5.5,PARTIAL,116,False,0.5,DOC-SCAN-GK-054-020,2026-09-23T16:00:00Z,GENERATOR,gs://well-workover-intervention-data/landing/generator/2026/09/23/workover_history.parquet,BATCH-GELEKI-20260923-V1
WO-GK-054-022,GK-054,2026-07-25,2026-07-28,JOB_GL_INJ_ANOMALY,GL_INJ_ANOMALY,False,RIG-ASSAM-03,5.0,106.7,144.0,37.3,SUCCESS,140,False,1.0,DOC-SCAN-GK-054-023,2026-09-23T16:00:00Z,GENERATOR,gs://well-workover-intervention-data/landing/generator/2026/09/23/workover_history.parquet,BATCH-GELEKI-20260923-V1
WO-GK-054-CENS,GK-054,2026-07-28,2026-09-30,NONE_CENSORED,NONE,False,,0.0,,,0.0,CENSORED,64,True,0.0,,2026-09-23T16:00:00Z,GENERATOR,gs://well-workover-intervention-data/landing/generator/2026/09/23/workover_history.parquet,BATCH-GELEKI-20260923-V1
WO-GK-055-003,GK-055,2024-06-07,2024-06-09,JOB_PUMP_WEAR,PUMP_WEAR,False,RIG-ASSAM-01,4.0,30.5,41.2,10.7,SUCCESS,265,False,1.0,DOC-SCAN-GK-055-004,2026-09-23T16:00:00Z,GENERATOR,gs://well-workover-intervention-data/landing/generator/2026/09/23/workover_history.parquet,BATCH-GELEKI-20260923-V1
WO-GK-055-006,GK-055,2025-05-25,2025-06-24,JOB_SAND,SAND,False,RIG-ASSAM-03,32.0,28.5,29.9,1.4,PARTIAL,254,False,0.5,DOC-SCAN-GK-055-007,2026-09-23T16:00:00Z,GENERATOR,gs://well-workover-intervention-data/landing/generator/2026/09/23/workover_history.parquet,BATCH-GELEKI-20260923-V1
WO-GK-055-008,GK-055,2026-04-01,2026-04-01,JOB_SURFACE,SURFACE,True,,0.0,27.1,36.6,9.5,SUCCESS,281,False,1.0,DOC-SCAN-GK-055-009,2026-09-23T16:00:00Z,GENERATOR,gs://well-workover-intervention-data/landing/generator/2026/09/23/workover_history.parquet,BATCH-GELEKI-20260923-V1
WO-GK-055-CENS,GK-055,2026-04-01,2026-09-30,NONE_CENSORED,NONE,False,,0.0,,,0.0,CENSORED,182,True,0.0,,2026-09-23T16:00:00Z,GENERATOR,gs://well-workover-intervention-data/landing/generator/2026/09/23/workover_history.parquet,BATCH-GELEKI-20260923-V1
WO-GK-056-003,GK-056,2024-03-10,2024-03-18,JOB_SAND,SAND,False,RIG-ASSAM-01,10.0,99.0,133.7,34.7,SUCCESS,208,False,1.0,DOC-SCAN-GK-056-004,2026-09-23T16:00:00Z,GENERATOR,gs://well-workover-intervention-data/landing/generator/2026/09/23/workover_history.parquet,BATCH-GELEKI-20260923-V1
WO-GK-056-005,GK-056,2024-06-24,2024-06-25,JOB_SURFACE,SURFACE,True,,0.0,97.4,131.5,34.1,SUCCESS,98,False,1.0,DOC-SCAN-GK-056-006,2026-09-23T16:00:00Z,GENERATOR,gs://well-workover-intervention-data/landing/generator/2026/09/23/workover_history.parquet,BATCH-GELEKI-20260923-V1
WO-GK-056-008,GK-056,2025-02-02,2025-02-15,JOB_ROD_PART,ROD_PART,False,RIG-ASSAM-04,15.0,93.8,79.7,-14.1,FAILED,178,False,0.5,DOC-SCAN-GK-056-009,2026-09-23T16:00:00Z,GENERATOR,gs://well-workover-intervention-data/landing/generator/2026/09/23/workover_history.parquet,BATCH-GELEKI-20260923-V1
WO-GK-056-011,GK-056,2025-05-30,2025-05-30,JOB_ROD_PART,ROD_PART,False,RIG-ASSAM-01,2.0,92.3,124.6,32.3,SUCCESS,98,False,1.0,DOC-SCAN-GK-056-012,2026-09-23T16:00:00Z,GENERATOR,gs://well-workover-intervention-data/landing/generator/2026/09/23/workover_history.parquet,BATCH-GELEKI-20260923-V1
WO-GK-056-014,GK-056,2026-01-16,2026-03-06,JOB_SAND,SAND,False,RIG-ASSAM-03,51.0,88.4,119.3,30.9,SUCCESS,78,False,1.0,DOC-SCAN-GK-056-015,2026-09-23T16:00:00Z,GENERATOR,gs://well-workover-intervention-data/landing/generator/2026/09/23/workover_history.parquet,BATCH-GELEKI-20260923-V1
WO-GK-056-016,GK-056,2026-08-25,2026-08-26,JOB_SURFACE,SURFACE,True,,0.0,86.1,116.2,30.1,SUCCESS,172,False,1.0,DOC-SCAN-GK-056-017,2026-09-23T16:00:00Z,GENERATOR,gs://well-workover-intervention-data/landing/generator/2026/09/23/workover_history.parquet,BATCH-GELEKI-20260923-V1
WO-GK-056-CENS,GK-056,2026-08-26,2026-09-30,NONE_CENSORED,NONE,False,,0.0,,,0.0,CENSORED,35,True,0.0,,2026-09-23T16:00:00Z,GENERATOR,gs://well-workover-intervention-data/landing/generator/2026/09/23/workover_history.parquet,BATCH-GELEKI-20260923-V1
WO-GK-057-003,GK-057,2024-01-15,2024-01-19,JOB_TUBING_LEAK,TUBING_LEAK,False,RIG-ASSAM-01,6.0,71.9,97.1,25.2,SUCCESS,129,False,1.0,DOC-SCAN-GK-057-004,2026-09-23T16:00:00Z,GENERATOR,gs://well-workover-intervention-data/landing/generator/2026/09/23/workover_history.parquet,BATCH-GELEKI-20260923-V1
WO-GK-057-006,GK-057,2024-04-08,2024-04-09,JOB_ROD_PART,ROD_PART,False,RIG-ASSAM-01,3.0,70.6,74.1,3.5,PARTIAL,72,False,0.5,DOC-SCAN-GK-057-007,2026-09-23T16:00:00Z,GENERATOR,gs://well-workover-intervention-data/landing/generator/2026/09/23/workover_history.parquet,BATCH-GELEKI-20260923-V1
WO-GK-057-009,GK-057,2024-12-13,2024-12-13,JOB_PUMP_WEAR,PUMP_WEAR,False,RIG-ASSAM-02,2.0,66.7,56.7,-10.0,FAILED,243,False,0.5,DOC-SCAN-GK-057-010,2026-09-23T16:00:00Z,GENERATOR,gs://well-workover-intervention-data/landing/generator/2026/09/23/workover_history.parquet,BATCH-GELEKI-20260923-V1
WO-GK-057-012,GK-057,2025-07-11,2025-07-15,JOB_PUMP_WEAR,PUMP_WEAR,False,RIG-ASSAM-02,6.0,63.7,54.1,-9.6,FAILED,195,False,0.5,DOC-SCAN-GK-057-013,2026-09-23T16:00:00Z,GENERATOR,gs://well-workover-intervention-data/landing/generator/2026/09/23/workover_history.parquet,BATCH-GELEKI-20260923-V1
WO-GK-057-015,GK-057,2025-11-01,2025-11-10,JOB_TUBING_LEAK,TUBING_LEAK,False,RIG-ASSAM-03,11.0,62.1,65.2,3.1,PARTIAL,78,False,0.5,DOC-SCAN-GK-057-016,2026-09-23T16:00:00Z,GENERATOR,gs://well-workover-intervention-data/landing/generator/2026/09/23/workover_history.parquet,BATCH-GELEKI-20260923-V1
WO-GK-058-003,GK-058,2024-03-11,2024-04-14,JOB_OTHER,OTHER,False,RIG-ASSAM-02,36.0,70.9,74.4,3.5,PARTIAL,186,False,0.5,DOC-SCAN-GK-058-004,2026-09-23T16:00:00Z,GENERATOR,gs://well-workover-intervention-data/landing/generator/2026/09/23/workover_history.parquet,BATCH-GELEKI-20260923-V1
WO-GK-058-005,GK-058,2025-04-18,2025-04-19,JOB_SURFACE,SURFACE,True,,0.0,66.3,89.5,23.2,SUCCESS,369,False,1.0,DOC-SCAN-GK-058-006,2026-09-23T16:00:00Z,GENERATOR,gs://well-workover-intervention-data/landing/generator/2026/09/23/workover_history.parquet,BATCH-GELEKI-20260923-V1
WO-GK-058-008,GK-058,2025-08-29,2025-09-03,JOB_ROD_PART,ROD_PART,False,RIG-ASSAM-01,7.0,64.7,55.0,-9.7,FAILED,111,False,0.5,DOC-SCAN-GK-058-009,2026-09-23T16:00:00Z,GENERATOR,gs://well-workover-intervention-data/landing/generator/2026/09/23/workover_history.parquet,BATCH-GELEKI-20260923-V1
WO-GK-058-010,GK-058,2026-01-27,2026-01-27,JOB_WAX,WAX,True,,0.0,63.1,85.2,22.1,SUCCESS,146,False,1.0,DOC-SCAN-GK-058-011,2026-09-23T16:00:00Z,GENERATOR,gs://well-workover-intervention-data/landing/generator/2026/09/23/workover_history.parquet,BATCH-GELEKI-20260923-V1
WO-GK-058-012,GK-058,2026-07-24,2026-07-24,JOB_SURFACE,SURFACE,True,,0.0,61.2,64.3,3.1,PARTIAL,178,False,0.5,DOC-SCAN-GK-058-013,2026-09-23T16:00:00Z,GENERATOR,gs://well-workover-intervention-data/landing/generator/2026/09/23/workover_history.parquet,BATCH-GELEKI-20260923-V1
WO-GK-058-CENS,GK-058,2026-07-24,2026-09-30,NONE_CENSORED,NONE,False,,0.0,,,0.0,CENSORED,68,True,0.0,,2026-09-23T16:00:00Z,GENERATOR,gs://well-workover-intervention-data/landing/generator/2026/09/23/workover_history.parquet,BATCH-GELEKI-20260923-V1
WO-GK-060-003,GK-060,2024-08-22,2024-10-10,JOB_ROD_PART,ROD_PART,False,RIG-ASSAM-03,51.0,93.3,126.0,32.7,SUCCESS,224,False,1.0,DOC-SCAN-GK-060-004,2026-09-23T16:00:00Z,GENERATOR,gs://well-workover-intervention-data/landing/generator/2026/09/23/workover_history.parquet,BATCH-GELEKI-20260923-V1
WO-GK-060-005,GK-060,2025-06-27,2025-06-28,JOB_SURFACE,SURFACE,True,,0.0,86.2,90.5,4.3,PARTIAL,260,False,0.5,DOC-SCAN-GK-060-006,2026-09-23T16:00:00Z,GENERATOR,gs://well-workover-intervention-data/landing/generator/2026/09/23/workover_history.parquet,BATCH-GELEKI-20260923-V1
WO-GK-060-008,GK-060,2026-02-07,2026-02-11,JOB_ROD_PART,ROD_PART,False,RIG-ASSAM-02,6.0,80.7,108.9,28.2,SUCCESS,209,False,1.0,DOC-SCAN-GK-060-009,2026-09-23T16:00:00Z,GENERATOR,gs://well-workover-intervention-data/landing/generator/2026/09/23/workover_history.parquet,BATCH-GELEKI-20260923-V1
WO-GK-060-CENS,GK-060,2026-02-11,2026-09-30,NONE_CENSORED,NONE,False,,0.0,,,0.0,CENSORED,231,True,0.0,,2026-09-23T16:00:00Z,GENERATOR,gs://well-workover-intervention-data/landing/generator/2026/09/23/workover_history.parquet,BATCH-GELEKI-20260923-V1
WO-GK-061-002,GK-061,2023-11-30,2023-11-30,JOB_SCALE,SCALE,True,,0.0,72.9,62.0,-10.9,FAILED,116,False,0.5,DOC-SCAN-GK-061-003,2026-09-23T16:00:00Z,GENERATOR,gs://well-workover-intervention-data/landing/generator/2026/09/23/workover_history.parquet,BATCH-GELEKI-20260923-V1
WO-GK-061-005,GK-061,2024-06-29,2024-07-07,JOB_WAX,WAX,False,RIG-ASSAM-01,10.0,69.5,93.8,24.3,SUCCESS,181,False,1.0,DOC-SCAN-GK-061-006,2026-09-23T16:00:00Z,GENERATOR,gs://well-workover-intervention-data/landing/generator/2026/09/23/workover_history.parquet,BATCH-GELEKI-20260923-V1
WO-GK-061-008,GK-061,2025-03-16,2025-03-24,JOB_SAND,SAND,False,RIG-ASSAM-03,10.0,65.7,55.8,-9.9,FAILED,222,False,0.5,DOC-SCAN-GK-061-009,2026-09-23T16:00:00Z,GENERATOR,gs://well-workover-intervention-data/landing/generator/2026/09/23/workover_history.parquet,BATCH-GELEKI-20260923-V1
WO-GK-061-011,GK-061,2025-10-19,2025-10-23,JOB_WAX,WAX,False,RIG-ASSAM-02,6.0,62.9,84.9,22.0,SUCCESS,190,False,1.0,DOC-SCAN-GK-061-012,2026-09-23T16:00:00Z,GENERATOR,gs://well-workover-intervention-data/landing/generator/2026/09/23/workover_history.parquet,BATCH-GELEKI-20260923-V1
WO-GK-061-014,GK-061,2026-06-25,2026-07-10,JOB_WAX,WAX,False,RIG-ASSAM-02,17.0,59.7,50.7,-9.0,FAILED,196,False,0.5,DOC-SCAN-GK-061-015,2026-09-23T16:00:00Z,GENERATOR,gs://well-workover-intervention-data/landing/generator/2026/09/23/workover_history.parquet,BATCH-GELEKI-20260923-V1
WO-GK-061-CENS,GK-061,2026-07-10,2026-09-30,NONE_CENSORED,NONE,False,,0.0,,,0.0,CENSORED,82,True,0.0,,2026-09-23T16:00:00Z,GENERATOR,gs://well-workover-intervention-data/landing/generator/2026/09/23/workover_history.parquet,BATCH-GELEKI-20260923-V1
WO-GK-062-002,GK-062,2023-10-01,2023-10-03,JOB_OTHER,OTHER,False,RIG-ASSAM-04,4.0,96.8,130.7,33.9,SUCCESS,77,False,1.0,DOC-SCAN-GK-062-003,2026-09-23T16:00:00Z,GENERATOR,gs://well-workover-intervention-data/landing/generator/2026/09/23/workover_history.parquet,BATCH-GELEKI-20260923-V1
WO-GK-062-005,GK-062,2024-05-10,2024-05-13,JOB_SAND,SAND,False,RIG-ASSAM-01,5.0,90.9,95.4,4.5,PARTIAL,206,False,0.5,DOC-SCAN-GK-062-006,2026-09-23T16:00:00Z,GENERATOR,gs://well-workover-intervention-data/landing/generator/2026/09/23/workover_history.parquet,BATCH-GELEKI-20260923-V1
WO-GK-062-008,GK-062,2024-09-20,2024-09-26,JOB_SAND,SAND,False,RIG-ASSAM-04,8.0,87.6,118.3,30.7,SUCCESS,108,False,1.0,DOC-SCAN-GK-062-009,2026-09-23T16:00:00Z,GENERATOR,gs://well-workover-intervention-data/landing/generator/2026/09/23/workover_history.parquet,BATCH-GELEKI-20260923-V1
WO-GK-062-011,GK-062,2025-01-20,2025-01-20,JOB_WAX,WAX,False,RIG-ASSAM-04,2.0,84.9,89.1,4.2,PARTIAL,111,False,0.5,DOC-SCAN-GK-062-012,2026-09-23T16:00:00Z,GENERATOR,gs://well-workover-intervention-data/landing/generator/2026/09/23/workover_history.parquet,BATCH-GELEKI-20260923-V1
WO-GK-062-013,GK-062,2025-06-09,2025-06-10,JOB_SURFACE,SURFACE,True,,0.0,81.9,110.6,28.7,SUCCESS,140,False,1.0,DOC-SCAN-GK-062-014,2026-09-23T16:00:00Z,GENERATOR,gs://well-workover-intervention-data/landing/generator/2026/09/23/workover_history.parquet,BATCH-GELEKI-20260923-V1
WO-GK-062-016,GK-062,2025-09-29,2025-10-01,JOB_SAND,SAND,False,RIG-ASSAM-01,4.0,79.6,67.7,-11.9,FAILED,98,False,0.5,DOC-SCAN-GK-062-017,2026-09-23T16:00:00Z,GENERATOR,gs://well-workover-intervention-data/landing/generator/2026/09/23/workover_history.parquet,BATCH-GELEKI-20260923-V1
WO-GK-062-018,GK-062,2025-12-31,2025-12-31,JOB_SCALE,SCALE,True,,0.0,77.9,105.2,27.3,SUCCESS,91,False,1.0,DOC-SCAN-GK-062-019,2026-09-23T16:00:00Z,GENERATOR,gs://well-workover-intervention-data/landing/generator/2026/09/23/workover_history.parquet,BATCH-GELEKI-20260923-V1
WO-GK-062-020,GK-062,2026-04-29,2026-04-29,JOB_SCALE,SCALE,True,,0.0,75.7,102.2,26.5,SUCCESS,119,False,1.0,DOC-SCAN-GK-062-021,2026-09-23T16:00:00Z,GENERATOR,gs://well-workover-intervention-data/landing/generator/2026/09/23/workover_history.parquet,BATCH-GELEKI-20260923-V1
WO-GK-062-023,GK-062,2026-08-20,2026-09-01,JOB_SAND,SAND,False,RIG-ASSAM-02,14.0,73.5,99.2,25.7,SUCCESS,70,False,1.0,DOC-SCAN-GK-062-024,2026-09-23T16:00:00Z,GENERATOR,gs://well-workover-intervention-data/landing/generator/2026/09/23/workover_history.parquet,BATCH-GELEKI-20260923-V1
WO-GK-062-CENS,GK-062,2026-09-01,2026-09-30,NONE_CENSORED,NONE,False,,0.0,,,0.0,CENSORED,29,True,0.0,,2026-09-23T16:00:00Z,GENERATOR,gs://well-workover-intervention-data/landing/generator/2026/09/23/workover_history.parquet,BATCH-GELEKI-20260923-V1
WO-GK-063-003,GK-063,2024-06-22,2024-07-22,JOB_TUBING_LEAK,TUBING_LEAK,False,RIG-ASSAM-03,32.0,148.2,155.6,7.4,PARTIAL,198,False,0.5,DOC-SCAN-GK-063-004,2026-09-23T16:00:00Z,GENERATOR,gs://well-workover-intervention-data/landing/generator/2026/09/23/workover_history.parquet,BATCH-GELEKI-20260923-V1
WO-GK-063-006,GK-063,2024-12-25,2024-12-25,JOB_PUMP_WEAR,PUMP_WEAR,False,RIG-ASSAM-04,2.0,143.0,150.2,7.2,PARTIAL,151,False,0.5,DOC-SCAN-GK-063-007,2026-09-23T16:00:00Z,GENERATOR,gs://well-workover-intervention-data/landing/generator/2026/09/23/workover_history.parquet,BATCH-GELEKI-20260923-V1
WO-GK-063-009,GK-063,2025-12-13,2026-01-13,JOB_PUMP_WEAR,PUMP_WEAR,False,RIG-ASSAM-01,33.0,131.3,111.6,-19.7,FAILED,255,False,0.5,DOC-SCAN-GK-063-010,2026-09-23T16:00:00Z,GENERATOR,gs://well-workover-intervention-data/landing/generator/2026/09/23/workover_history.parquet,BATCH-GELEKI-20260923-V1
WO-GK-063-012,GK-063,2026-08-21,2026-08-29,JOB_ROD_PART,ROD_PART,False,RIG-ASSAM-02,10.0,125.1,168.9,43.8,SUCCESS,189,False,1.0,DOC-SCAN-GK-063-013,2026-09-23T16:00:00Z,GENERATOR,gs://well-workover-intervention-data/landing/generator/2026/09/23/workover_history.parquet,BATCH-GELEKI-20260923-V1
WO-GK-063-CENS,GK-063,2026-08-29,2026-09-30,NONE_CENSORED,NONE,False,,0.0,,,0.0,CENSORED,32,True,0.0,,2026-09-23T16:00:00Z,GENERATOR,gs://well-workover-intervention-data/landing/generator/2026/09/23/workover_history.parquet,BATCH-GELEKI-20260923-V1
WO-GK-064-003,GK-064,2023-11-18,2023-11-18,JOB_PUMP_WEAR,PUMP_WEAR,False,RIG-ASSAM-04,2.0,75.0,101.2,26.2,SUCCESS,166,False,1.0,DOC-SCAN-GK-064-004,2026-09-23T16:00:00Z,GENERATOR,gs://well-workover-intervention-data/landing/generator/2026/09/23/workover_history.parquet,BATCH-GELEKI-20260923-V1
WO-GK-064-006,GK-064,2024-07-31,2024-08-10,JOB_OTHER,OTHER,False,RIG-ASSAM-02,12.0,71.4,75.0,3.6,PARTIAL,222,False,0.5,DOC-SCAN-GK-064-007,2026-09-23T16:00:00Z,GENERATOR,gs://well-workover-intervention-data/landing/generator/2026/09/23/workover_history.parquet,BATCH-GELEKI-20260923-V1
WO-GK-064-009,GK-064,2025-03-25,2025-03-25,JOB_ROD_PART,ROD_PART,False,RIG-ASSAM-03,2.0,68.6,58.3,-10.3,FAILED,222,False,0.5,DOC-SCAN-GK-064-010,2026-09-23T16:00:00Z,GENERATOR,gs://well-workover-intervention-data/landing/generator/2026/09/23/workover_history.parquet,BATCH-GELEKI-20260923-V1
WO-GK-064-012,GK-064,2025-10-24,2025-10-24,JOB_OTHER,OTHER,False,RIG-ASSAM-02,2.0,66.1,56.2,-9.9,FAILED,208,False,0.5,DOC-SCAN-GK-064-013,2026-09-23T16:00:00Z,GENERATOR,gs://well-workover-intervention-data/landing/generator/2026/09/23/workover_history.parquet,BATCH-GELEKI-20260923-V1
WO-GK-064-014,GK-064,2026-05-28,2026-05-28,JOB_SURFACE,SURFACE,True,,0.0,63.7,86.0,22.3,SUCCESS,216,False,1.0,DOC-SCAN-GK-064-015,2026-09-23T16:00:00Z,GENERATOR,gs://well-workover-intervention-data/landing/generator/2026/09/23/workover_history.parquet,BATCH-GELEKI-20260923-V1
WO-GK-064-017,GK-064,2026-09-17,2026-09-26,JOB_ROD_PART,ROD_PART,False,RIG-ASSAM-01,11.0,62.4,65.5,3.1,PARTIAL,81,False,0.5,DOC-SCAN-GK-064-018,2026-09-23T16:00:00Z,GENERATOR,gs://well-workover-intervention-data/landing/generator/2026/09/23/workover_history.parquet,BATCH-GELEKI-20260923-V1
WO-GK-065-002,GK-065,2024-05-15,2024-05-16,JOB_GL_HEADING,GL_HEADING,True,,0.0,32.7,34.3,1.6,PARTIAL,268,False,0.5,DOC-SCAN-GK-065-003,2026-09-23T16:00:00Z,GENERATOR,gs://well-workover-intervention-data/landing/generator/2026/09/23/workover_history.parquet,BATCH-GELEKI-20260923-V1
WO-GK-065-005,GK-065,2025-05-23,2025-05-25,JOB_TUBING_LEAK,TUBING_LEAK,False,RIG-ASSAM-02,4.0,29.2,30.7,1.5,PARTIAL,360,False,0.5,DOC-SCAN-GK-065-006,2026-09-23T16:00:00Z,GENERATOR,gs://well-workover-intervention-data/landing/generator/2026/09/23/workover_history.parquet,BATCH-GELEKI-20260923-V1
WO-GK-065-007,GK-065,2025-09-07,2025-09-08,JOB_SURFACE,SURFACE,True,,0.0,28.3,38.2,9.9,SUCCESS,105,False,1.0,DOC-SCAN-GK-065-008,2026-09-23T16:00:00Z,GENERATOR,gs://well-workover-intervention-data/landing/generator/2026/09/23/workover_history.parquet,BATCH-GELEKI-20260923-V1
WO-GK-065-010,GK-065,2026-07-19,2026-07-19,JOB_GL_INJ_ANOMALY,GL_INJ_ANOMALY,False,RIG-ASSAM-02,2.0,25.9,27.2,1.3,PARTIAL,309,False,0.5,DOC-SCAN-GK-065-011,2026-09-23T16:00:00Z,GENERATOR,gs://well-workover-intervention-data/landing/generator/2026/09/23/workover_history.parquet,BATCH-GELEKI-20260923-V1
WO-GK-065-CENS,GK-065,2026-07-19,2026-09-30,NONE_CENSORED,NONE,False,,0.0,,,0.0,CENSORED,73,True,0.0,,2026-09-23T16:00:00Z,GENERATOR,gs://well-workover-intervention-data/landing/generator/2026/09/23/workover_history.parquet,BATCH-GELEKI-20260923-V1
WO-GK-066-003,GK-066,2024-03-05,2024-03-07,JOB_WAX,WAX,False,RIG-ASSAM-03,4.0,66.6,56.6,-10.0,FAILED,201,False,0.5,DOC-SCAN-GK-066-004,2026-09-23T16:00:00Z,GENERATOR,gs://well-workover-intervention-data/landing/generator/2026/09/23/workover_history.parquet,BATCH-GELEKI-20260923-V1
WO-GK-066-006,GK-066,2024-09-26,2024-09-26,JOB_WAX,WAX,False,RIG-ASSAM-03,2.0,63.9,86.3,22.4,SUCCESS,198,False,1.0,DOC-SCAN-GK-066-007,2026-09-23T16:00:00Z,GENERATOR,gs://well-workover-intervention-data/landing/generator/2026/09/23/workover_history.parquet,BATCH-GELEKI-20260923-V1
WO-GK-066-009,GK-066,2025-08-04,2025-08-12,JOB_WAX,WAX,False,RIG-ASSAM-03,10.0,60.0,81.0,21.0,SUCCESS,282,False,1.0,DOC-SCAN-GK-066-010,2026-09-23T16:00:00Z,GENERATOR,gs://well-workover-intervention-data/landing/generator/2026/09/23/workover_history.parquet,BATCH-GELEKI-20260923-V1
WO-GK-066-012,GK-066,2026-06-05,2026-06-11,JOB_SAND,SAND,False,RIG-ASSAM-02,8.0,56.7,59.5,2.8,PARTIAL,276,False,0.5,DOC-SCAN-GK-066-013,2026-09-23T16:00:00Z,GENERATOR,gs://well-workover-intervention-data/landing/generator/2026/09/23/workover_history.parquet,BATCH-GELEKI-20260923-V1
WO-GK-066-CENS,GK-066,2026-06-11,2026-09-30,NONE_CENSORED,NONE,False,,0.0,,,0.0,CENSORED,111,True,0.0,,2026-09-23T16:00:00Z,GENERATOR,gs://well-workover-intervention-data/landing/generator/2026/09/23/workover_history.parquet,BATCH-GELEKI-20260923-V1
WO-GK-067-002,GK-067,2024-04-29,2024-04-29,JOB_WAX,WAX,True,,0.0,123.0,166.1,43.1,SUCCESS,222,False,1.0,DOC-SCAN-GK-067-003,2026-09-23T16:00:00Z,GENERATOR,gs://well-workover-intervention-data/landing/generator/2026/09/23/workover_history.parquet,BATCH-GELEKI-20260923-V1
WO-GK-067-005,GK-067,2024-11-02,2024-11-09,JOB_SUDDEN_MECH,SUDDEN_MECH,False,RIG-ASSAM-04,9.0,119.0,125.0,6.0,PARTIAL,160,False,0.5,DOC-SCAN-GK-067-006,2026-09-23T16:00:00Z,GENERATOR,gs://well-workover-intervention-data/landing/generator/2026/09/23/workover_history.parquet,BATCH-GELEKI-20260923-V1
WO-GK-067-008,GK-067,2025-02-13,2025-02-14,JOB_TUBING_LEAK,TUBING_LEAK,False,RIG-ASSAM-03,3.0,117.1,99.5,-17.6,FAILED,89,False,0.5,DOC-SCAN-GK-067-009,2026-09-23T16:00:00Z,GENERATOR,gs://well-workover-intervention-data/landing/generator/2026/09/23/workover_history.parquet,BATCH-GELEKI-20260923-V1
WO-GK-067-011,GK-067,2025-10-21,2025-10-21,JOB_ROD_PART,ROD_PART,False,RIG-ASSAM-03,2.0,112.5,151.9,39.4,SUCCESS,243,False,1.0,DOC-SCAN-GK-067-012,2026-09-23T16:00:00Z,GENERATOR,gs://well-workover-intervention-data/landing/generator/2026/09/23/workover_history.parquet,BATCH-GELEKI-20260923-V1
WO-GK-067-014,GK-067,2026-05-03,2026-05-17,JOB_TUBING_LEAK,TUBING_LEAK,False,RIG-ASSAM-02,16.0,108.8,146.9,38.1,SUCCESS,149,False,1.0,DOC-SCAN-GK-067-015,2026-09-23T16:00:00Z,GENERATOR,gs://well-workover-intervention-data/landing/generator/2026/09/23/workover_history.parquet,BATCH-GELEKI-20260923-V1
WO-GK-067-CENS,GK-067,2026-05-17,2026-09-30,NONE_CENSORED,NONE,False,,0.0,,,0.0,CENSORED,136,True,0.0,,2026-09-23T16:00:00Z,GENERATOR,gs://well-workover-intervention-data/landing/generator/2026/09/23/workover_history.parquet,BATCH-GELEKI-20260923-V1
WO-GK-068-003,GK-068,2024-01-24,2024-01-28,JOB_TUBING_LEAK,TUBING_LEAK,False,RIG-ASSAM-01,6.0,104.9,110.1,5.2,PARTIAL,177,False,0.5,DOC-SCAN-GK-068-004,2026-09-23T16:00:00Z,GENERATOR,gs://well-workover-intervention-data/landing/generator/2026/09/23/workover_history.parquet,BATCH-GELEKI-20260923-V1
WO-GK-068-006,GK-068,2024-08-08,2024-08-08,JOB_PUMP_WEAR,PUMP_WEAR,False,RIG-ASSAM-02,2.0,98.8,84.0,-14.8,FAILED,186,False,0.5,DOC-SCAN-GK-068-007,2026-09-23T16:00:00Z,GENERATOR,gs://well-workover-intervention-data/landing/generator/2026/09/23/workover_history.parquet,BATCH-GELEKI-20260923-V1
WO-GK-068-008,GK-068,2024-11-17,2024-11-18,JOB_SURFACE,SURFACE,True,,0.0,95.8,129.3,33.5,SUCCESS,101,False,1.0,DOC-SCAN-GK-068-009,2026-09-23T16:00:00Z,GENERATOR,gs://well-workover-intervention-data/landing/generator/2026/09/23/workover_history.parquet,BATCH-GELEKI-20260923-V1
WO-GK-068-010,GK-068,2025-08-10,2025-08-10,JOB_SURFACE,SURFACE,True,,0.0,88.7,93.1,4.4,PARTIAL,265,False,0.5,DOC-SCAN-GK-068-011,2026-09-23T16:00:00Z,GENERATOR,gs://well-workover-intervention-data/landing/generator/2026/09/23/workover_history.parquet,BATCH-GELEKI-20260923-V1
WO-GK-068-013,GK-068,2026-02-03,2026-02-04,JOB_TUBING_LEAK,TUBING_LEAK,False,RIG-ASSAM-02,3.0,84.5,88.7,4.2,PARTIAL,168,False,0.5,DOC-SCAN-GK-068-014,2026-09-23T16:00:00Z,GENERATOR,gs://well-workover-intervention-data/landing/generator/2026/09/23/workover_history.parquet,BATCH-GELEKI-20260923-V1
WO-GK-071-003,GK-071,2024-07-01,2024-07-14,JOB_ROD_PART,ROD_PART,False,RIG-ASSAM-02,15.0,48.9,66.0,17.1,SUCCESS,309,False,1.0,DOC-SCAN-GK-071-004,2026-09-23T16:00:00Z,GENERATOR,gs://well-workover-intervention-data/landing/generator/2026/09/23/workover_history.parquet,BATCH-GELEKI-20260923-V1
WO-GK-071-006,GK-071,2025-05-05,2025-05-23,JOB_TUBING_LEAK,TUBING_LEAK,False,RIG-ASSAM-03,20.0,45.8,61.8,16.0,SUCCESS,238,False,1.0,DOC-SCAN-GK-071-007,2026-09-23T16:00:00Z,GENERATOR,gs://well-workover-intervention-data/landing/generator/2026/09/23/workover_history.parquet,BATCH-GELEKI-20260923-V1
WO-GK-071-009,GK-071,2026-05-25,2026-06-04,JOB_OTHER,OTHER,False,RIG-ASSAM-01,12.0,42.6,36.2,-6.4,FAILED,330,False,0.5,DOC-SCAN-GK-071-010,2026-09-23T16:00:00Z,GENERATOR,gs://well-workover-intervention-data/landing/generator/2026/09/23/workover_history.parquet,BATCH-GELEKI-20260923-V1
WO-GK-071-CENS,GK-071,2026-06-04,2026-09-30,NONE_CENSORED,NONE,False,,0.0,,,0.0,CENSORED,118,True,0.0,,2026-09-23T16:00:00Z,GENERATOR,gs://well-workover-intervention-data/landing/generator/2026/09/23/workover_history.parquet,BATCH-GELEKI-20260923-V1
WO-GK-072-003,GK-072,2024-01-27,2024-02-12,JOB_SAND,SAND,False,RIG-ASSAM-02,18.0,160.0,168.0,8.0,PARTIAL,96,False,0.5,DOC-SCAN-GK-072-004,2026-09-23T16:00:00Z,GENERATOR,gs://well-workover-intervention-data/landing/generator/2026/09/23/workover_history.parquet,BATCH-GELEKI-20260923-V1
WO-GK-072-006,GK-072,2024-04-23,2024-04-27,JOB_SAND,SAND,False,RIG-ASSAM-04,6.0,157.8,165.7,7.9,PARTIAL,54,False,0.5,DOC-SCAN-GK-072-007,2026-09-23T16:00:00Z,GENERATOR,gs://well-workover-intervention-data/landing/generator/2026/09/23/workover_history.parquet,BATCH-GELEKI-20260923-V1
WO-GK-072-009,GK-072,2024-09-11,2024-09-19,JOB_OTHER,OTHER,False,RIG-ASSAM-01,10.0,153.7,207.5,53.8,SUCCESS,107,False,1.0,DOC-SCAN-GK-072-010,2026-09-23T16:00:00Z,GENERATOR,gs://well-workover-intervention-data/landing/generator/2026/09/23/workover_history.parquet,BATCH-GELEKI-20260923-V1
WO-GK-072-012,GK-072,2025-04-11,2025-05-27,JOB_SAND,SAND,False,RIG-ASSAM-02,48.0,147.1,125.0,-22.1,FAILED,63,False,0.5,DOC-SCAN-GK-072-013,2026-09-23T16:00:00Z,GENERATOR,gs://well-workover-intervention-data/landing/generator/2026/09/23/workover_history.parquet,BATCH-GELEKI-20260923-V1
WO-GK-072-015,GK-072,2025-08-13,2025-08-19,JOB_SAND,SAND,False,RIG-ASSAM-01,8.0,145.0,123.2,-21.8,FAILED,57,False,0.5,DOC-SCAN-GK-072-016,2026-09-23T16:00:00Z,GENERATOR,gs://well-workover-intervention-data/landing/generator/2026/09/23/workover_history.parquet,BATCH-GELEKI-20260923-V1
WO-GK-072-017,GK-072,2025-12-04,2025-12-05,JOB_SCALE,SCALE,True,,0.0,142.3,192.1,49.8,SUCCESS,107,False,1.0,DOC-SCAN-GK-072-018,2026-09-23T16:00:00Z,GENERATOR,gs://well-workover-intervention-data/landing/generator/2026/09/23/workover_history.parquet,BATCH-GELEKI-20260923-V1
WO-GK-072-020,GK-072,2026-04-05,2026-04-27,JOB_SAND,SAND,False,RIG-ASSAM-02,24.0,138.9,145.8,6.9,PARTIAL,50,False,0.5,DOC-SCAN-GK-072-021,2026-09-23T16:00:00Z,GENERATOR,gs://well-workover-intervention-data/landing/generator/2026/09/23/workover_history.parquet,BATCH-GELEKI-20260923-V1
WO-GK-072-023,GK-072,2026-08-19,2026-08-23,JOB_SAND,SAND,False,RIG-ASSAM-02,6.0,136.3,184.0,47.7,SUCCESS,97,False,1.0,DOC-SCAN-GK-072-024,2026-09-23T16:00:00Z,GENERATOR,gs://well-workover-intervention-data/landing/generator/2026/09/23/workover_history.parquet,BATCH-GELEKI-20260923-V1
WO-GK-072-CENS,GK-072,2026-08-23,2026-09-30,NONE_CENSORED,NONE,False,,0.0,,,0.0,CENSORED,38,True,0.0,,2026-09-23T16:00:00Z,GENERATOR,gs://well-workover-intervention-data/landing/generator/2026/09/23/workover_history.parquet,BATCH-GELEKI-20260923-V1
WO-GK-073-002,GK-073,2024-01-27,2024-01-27,JOB_SURFACE,SURFACE,True,,0.0,70.6,95.3,24.7,SUCCESS,146,False,1.0,DOC-SCAN-GK-073-003,2026-09-23T16:00:00Z,GENERATOR,gs://well-workover-intervention-data/landing/generator/2026/09/23/workover_history.parquet,BATCH-GELEKI-20260923-V1
WO-GK-073-005,GK-073,2025-01-02,2025-01-14,JOB_SAND,SAND,False,RIG-ASSAM-02,14.0,63.4,85.6,22.2,SUCCESS,302,False,1.0,DOC-SCAN-GK-073-006,2026-09-23T16:00:00Z,GENERATOR,gs://well-workover-intervention-data/landing/generator/2026/09/23/workover_history.parquet,BATCH-GELEKI-20260923-V1
WO-GK-073-008,GK-073,2025-09-16,2025-09-23,JOB_WAX,WAX,False,RIG-ASSAM-03,9.0,59.1,50.2,-8.9,FAILED,218,False,0.5,DOC-SCAN-GK-073-009,2026-09-23T16:00:00Z,GENERATOR,gs://well-workover-intervention-data/landing/generator/2026/09/23/workover_history.parquet,BATCH-GELEKI-20260923-V1
WO-GK-073-011,GK-073,2026-01-10,2026-01-10,JOB_WAX,WAX,False,RIG-ASSAM-04,2.0,57.4,77.5,20.1,SUCCESS,104,False,1.0,DOC-SCAN-GK-073-012,2026-09-23T16:00:00Z,GENERATOR,gs://well-workover-intervention-data/landing/generator/2026/09/23/workover_history.parquet,BATCH-GELEKI-20260923-V1
WO-GK-073-CENS,GK-073,2026-01-10,2026-09-30,NONE_CENSORED,NONE,False,,0.0,,,0.0,CENSORED,263,True,0.0,,2026-09-23T16:00:00Z,GENERATOR,gs://well-workover-intervention-data/landing/generator/2026/09/23/workover_history.parquet,BATCH-GELEKI-20260923-V1
WO-GK-074-003,GK-074,2024-05-10,2024-05-10,JOB_WAX,WAX,False,RIG-ASSAM-01,2.0,81.0,68.8,-12.2,FAILED,286,False,0.5,DOC-SCAN-GK-074-004,2026-09-23T16:00:00Z,GENERATOR,gs://well-workover-intervention-data/landing/generator/2026/09/23/workover_history.parquet,BATCH-GELEKI-20260923-V1
WO-GK-074-006,GK-074,2024-08-25,2024-08-25,JOB_SAND,SAND,False,RIG-ASSAM-03,2.0,78.6,106.1,27.5,SUCCESS,102,False,1.0,DOC-SCAN-GK-074-007,2026-09-23T16:00:00Z,GENERATOR,gs://well-workover-intervention-data/landing/generator/2026/09/23/workover_history.parquet,BATCH-GELEKI-20260923-V1
WO-GK-074-008,GK-074,2025-01-20,2025-01-21,JOB_SURFACE,SURFACE,True,,0.0,75.4,79.2,3.8,PARTIAL,148,False,0.5,DOC-SCAN-GK-074-009,2026-09-23T16:00:00Z,GENERATOR,gs://well-workover-intervention-data/landing/generator/2026/09/23/workover_history.parquet,BATCH-GELEKI-20260923-V1
WO-GK-074-010,GK-074,2025-07-25,2025-07-25,JOB_SURFACE,SURFACE,True,,0.0,71.8,75.4,3.6,PARTIAL,185,False,0.5,DOC-SCAN-GK-074-011,2026-09-23T16:00:00Z,GENERATOR,gs://well-workover-intervention-data/landing/generator/2026/09/23/workover_history.parquet,BATCH-GELEKI-20260923-V1
WO-GK-074-012,GK-074,2025-11-27,2025-11-28,JOB_SURFACE,SURFACE,True,,0.0,69.5,93.8,24.3,SUCCESS,125,False,1.0,DOC-SCAN-GK-074-013,2026-09-23T16:00:00Z,GENERATOR,gs://well-workover-intervention-data/landing/generator/2026/09/23/workover_history.parquet,BATCH-GELEKI-20260923-V1
WO-GK-074-015,GK-074,2026-05-11,2026-05-28,JOB_SAND,SAND,False,RIG-ASSAM-01,19.0,66.4,89.6,23.2,SUCCESS,108,False,1.0,DOC-SCAN-GK-074-016,2026-09-23T16:00:00Z,GENERATOR,gs://well-workover-intervention-data/landing/generator/2026/09/23/workover_history.parquet,BATCH-GELEKI-20260923-V1
WO-GK-074-CENS,GK-074,2026-05-28,2026-09-30,NONE_CENSORED,NONE,False,,0.0,,,0.0,CENSORED,125,True,0.0,,2026-09-23T16:00:00Z,GENERATOR,gs://well-workover-intervention-data/landing/generator/2026/09/23/workover_history.parquet,BATCH-GELEKI-20260923-V1
WO-GK-076-003,GK-076,2023-12-28,2024-01-05,JOB_TUBING_LEAK,TUBING_LEAK,False,RIG-ASSAM-01,10.0,143.8,151.0,7.2,PARTIAL,86,False,0.5,DOC-SCAN-GK-076-004,2026-09-23T16:00:00Z,GENERATOR,gs://well-workover-intervention-data/landing/generator/2026/09/23/workover_history.parquet,BATCH-GELEKI-20260923-V1
WO-GK-076-006,GK-076,2024-08-15,2024-08-17,JOB_OTHER,OTHER,False,RIG-ASSAM-03,4.0,137.6,117.0,-20.6,FAILED,210,False,0.5,DOC-SCAN-GK-076-007,2026-09-23T16:00:00Z,GENERATOR,gs://well-workover-intervention-data/landing/generator/2026/09/23/workover_history.parquet,BATCH-GELEKI-20260923-V1
WO-GK-076-009,GK-076,2025-03-10,2025-03-27,JOB_ROD_PART,ROD_PART,False,RIG-ASSAM-01,19.0,131.9,178.1,46.2,SUCCESS,149,False,1.0,DOC-SCAN-GK-076-010,2026-09-23T16:00:00Z,GENERATOR,gs://well-workover-intervention-data/landing/generator/2026/09/23/workover_history.parquet,BATCH-GELEKI-20260923-V1
WO-GK-076-012,GK-076,2025-08-21,2025-08-24,JOB_SUDDEN_MECH,SUDDEN_MECH,False,RIG-ASSAM-02,5.0,128.3,173.2,44.9,SUCCESS,132,False,1.0,DOC-SCAN-GK-076-013,2026-09-23T16:00:00Z,GENERATOR,gs://well-workover-intervention-data/landing/generator/2026/09/23/workover_history.parquet,BATCH-GELEKI-20260923-V1
WO-GK-076-015,GK-076,2026-01-12,2026-01-22,JOB_ROD_PART,ROD_PART,False,RIG-ASSAM-02,12.0,124.8,168.5,43.7,SUCCESS,104,False,1.0,DOC-SCAN-GK-076-016,2026-09-23T16:00:00Z,GENERATOR,gs://well-workover-intervention-data/landing/generator/2026/09/23/workover_history.parquet,BATCH-GELEKI-20260923-V1
WO-GK-077-002,GK-077,2023-11-23,2023-11-23,JOB_SURFACE,SURFACE,True,,0.0,107.1,144.6,37.5,SUCCESS,149,False,1.0,DOC-SCAN-GK-077-003,2026-09-23T16:00:00Z,GENERATOR,gs://well-workover-intervention-data/landing/generator/2026/09/23/workover_history.parquet,BATCH-GELEKI-20260923-V1
WO-GK-077-004,GK-077,2024-02-10,2024-02-11,JOB_SURFACE,SURFACE,True,,0.0,104.3,140.8,36.5,SUCCESS,79,False,1.0,DOC-SCAN-GK-077-005,2026-09-23T16:00:00Z,GENERATOR,gs://well-workover-intervention-data/landing/generator/2026/09/23/workover_history.parquet,BATCH-GELEKI-20260923-V1
WO-GK-077-006,GK-077,2024-07-10,2024-07-11,JOB_SURFACE,SURFACE,True,,0.0,99.3,134.1,34.8,SUCCESS,150,False,1.0,DOC-SCAN-GK-077-007,2026-09-23T16:00:00Z,GENERATOR,gs://well-workover-intervention-data/landing/generator/2026/09/23/workover_history.parquet,BATCH-GELEKI-20260923-V1
WO-GK-077-009,GK-077,2024-10-11,2024-10-15,JOB_SUDDEN_MECH,SUDDEN_MECH,False,RIG-ASSAM-01,6.0,96.4,130.1,33.7,SUCCESS,77,False,1.0,DOC-SCAN-GK-077-010,2026-09-23T16:00:00Z,GENERATOR,gs://well-workover-intervention-data/landing/generator/2026/09/23/workover_history.parquet,BATCH-GELEKI-20260923-V1
WO-GK-077-012,GK-077,2025-03-08,2025-03-08,JOB_TUBING_LEAK,TUBING_LEAK,False,RIG-ASSAM-02,2.0,92.2,96.8,4.6,PARTIAL,139,False,0.5,DOC-SCAN-GK-077-013,2026-09-23T16:00:00Z,GENERATOR,gs://well-workover-intervention-data/landing/generator/2026/09/23/workover_history.parquet,BATCH-GELEKI-20260923-V1
WO-GK-077-015,GK-077,2025-10-16,2025-10-17,JOB_PUMP_WEAR,PUMP_WEAR,False,RIG-ASSAM-03,3.0,86.2,73.3,-12.9,FAILED,213,False,0.5,DOC-SCAN-GK-077-016,2026-09-23T16:00:00Z,GENERATOR,gs://well-workover-intervention-data/landing/generator/2026/09/23/workover_history.parquet,BATCH-GELEKI-20260923-V1
WO-GK-077-018,GK-077,2026-02-17,2026-02-17,JOB_PUMP_WEAR,PUMP_WEAR,False,RIG-ASSAM-02,2.0,83.2,112.3,29.1,SUCCESS,118,False,1.0,DOC-SCAN-GK-077-019,2026-09-23T16:00:00Z,GENERATOR,gs://well-workover-intervention-data/landing/generator/2026/09/23/workover_history.parquet,BATCH-GELEKI-20260923-V1
WO-GK-078-003,GK-078,2024-02-29,2024-03-26,JOB_ROD_PART,ROD_PART,False,RIG-ASSAM-01,28.0,79.3,83.3,4.0,PARTIAL,126,False,0.5,DOC-SCAN-GK-078-004,2026-09-23T16:00:00Z,GENERATOR,gs://well-workover-intervention-data/landing/generator/2026/09/23/workover_history.parquet,BATCH-GELEKI-20260923-V1
WO-GK-078-006,GK-078,2025-04-16,2025-04-24,JOB_TUBING_LEAK,TUBING_LEAK,False,RIG-ASSAM-02,10.0,70.3,59.8,-10.5,FAILED,356,False,0.5,DOC-SCAN-GK-078-007,2026-09-23T16:00:00Z,GENERATOR,gs://well-workover-intervention-data/landing/generator/2026/09/23/workover_history.parquet,BATCH-GELEKI-20260923-V1
WO-GK-078-009,GK-078,2025-11-09,2025-11-15,JOB_PUMP_WEAR,PUMP_WEAR,False,RIG-ASSAM-04,8.0,66.4,89.6,23.2,SUCCESS,178,False,1.0,DOC-SCAN-GK-078-010,2026-09-23T16:00:00Z,GENERATOR,gs://well-workover-intervention-data/landing/generator/2026/09/23/workover_history.parquet,BATCH-GELEKI-20260923-V1
WO-GK-078-012,GK-078,2026-07-02,2026-07-03,JOB_OTHER,OTHER,False,RIG-ASSAM-03,3.0,62.4,84.2,21.8,SUCCESS,220,False,1.0,DOC-SCAN-GK-078-013,2026-09-23T16:00:00Z,GENERATOR,gs://well-workover-intervention-data/landing/generator/2026/09/23/workover_history.parquet,BATCH-GELEKI-20260923-V1
WO-GK-078-CENS,GK-078,2026-07-03,2026-09-30,NONE_CENSORED,NONE,False,,0.0,,,0.0,CENSORED,89,True,0.0,,2026-09-23T16:00:00Z,GENERATOR,gs://well-workover-intervention-data/landing/generator/2026/09/23/workover_history.parquet,BATCH-GELEKI-20260923-V1
WO-GK-079-002,GK-079,2024-01-23,2024-01-23,JOB_WAX,WAX,True,,0.0,58.9,79.5,20.6,SUCCESS,247,False,1.0,DOC-SCAN-GK-079-003,2026-09-23T16:00:00Z,GENERATOR,gs://well-workover-intervention-data/landing/generator/2026/09/23/workover_history.parquet,BATCH-GELEKI-20260923-V1
WO-GK-079-005,GK-079,2024-11-09,2024-11-11,JOB_SUDDEN_MECH,SUDDEN_MECH,False,RIG-ASSAM-01,4.0,55.1,74.4,19.3,SUCCESS,280,False,1.0,DOC-SCAN-GK-079-006,2026-09-23T16:00:00Z,GENERATOR,gs://well-workover-intervention-data/landing/generator/2026/09/23/workover_history.parquet,BATCH-GELEKI-20260923-V1
WO-GK-079-008,GK-079,2025-12-26,2026-02-13,JOB_ROD_PART,ROD_PART,False,RIG-ASSAM-02,51.0,49.9,67.4,17.5,SUCCESS,257,False,1.0,DOC-SCAN-GK-079-009,2026-09-23T16:00:00Z,GENERATOR,gs://well-workover-intervention-data/landing/generator/2026/09/23/workover_history.parquet,BATCH-GELEKI-20260923-V1
WO-GK-079-011,GK-079,2026-08-14,2026-08-20,JOB_SAND,SAND,False,RIG-ASSAM-01,8.0,48.0,64.8,16.8,SUCCESS,157,False,1.0,DOC-SCAN-GK-079-012,2026-09-23T16:00:00Z,GENERATOR,gs://well-workover-intervention-data/landing/generator/2026/09/23/workover_history.parquet,BATCH-GELEKI-20260923-V1
WO-GK-079-CENS,GK-079,2026-08-20,2026-09-30,NONE_CENSORED,NONE,False,,0.0,,,0.0,CENSORED,41,True,0.0,,2026-09-23T16:00:00Z,GENERATOR,gs://well-workover-intervention-data/landing/generator/2026/09/23/workover_history.parquet,BATCH-GELEKI-20260923-V1
WO-GK-080-003,GK-080,2024-07-17,2024-09-04,JOB_SAND,SAND,False,RIG-ASSAM-02,51.0,123.8,167.1,43.3,SUCCESS,151,False,1.0,DOC-SCAN-GK-080-004,2026-09-23T16:00:00Z,GENERATOR,gs://well-workover-intervention-data/landing/generator/2026/09/23/workover_history.parquet,BATCH-GELEKI-20260923-V1
WO-GK-080-005,GK-080,2024-12-18,2024-12-18,JOB_WAX,WAX,True,,0.0,121.1,163.5,42.4,SUCCESS,105,False,1.0,DOC-SCAN-GK-080-006,2026-09-23T16:00:00Z,GENERATOR,gs://well-workover-intervention-data/landing/generator/2026/09/23/workover_history.parquet,BATCH-GELEKI-20260923-V1
WO-GK-080-008,GK-080,2025-08-19,2025-08-19,JOB_OTHER,OTHER,False,RIG-ASSAM-02,2.0,115.5,155.9,40.4,SUCCESS,239,False,1.0,DOC-SCAN-GK-080-009,2026-09-23T16:00:00Z,GENERATOR,gs://well-workover-intervention-data/landing/generator/2026/09/23/workover_history.parquet,BATCH-GELEKI-20260923-V1
WO-GK-080-011,GK-080,2026-02-01,2026-02-03,JOB_OTHER,OTHER,False,RIG-ASSAM-03,4.0,111.8,150.9,39.1,SUCCESS,153,False,1.0,DOC-SCAN-GK-080-012,2026-09-23T16:00:00Z,GENERATOR,gs://well-workover-intervention-data/landing/generator/2026/09/23/workover_history.parquet,BATCH-GELEKI-20260923-V1
WO-GK-081-002,GK-081,2023-12-09,2024-01-12,JOB_ROD_PART,ROD_PART,False,RIG-ASSAM-01,36.0,117.6,100.0,-17.6,FAILED,55,False,0.5,DOC-SCAN-GK-081-003,2026-09-23T16:00:00Z,GENERATOR,gs://well-workover-intervention-data/landing/generator/2026/09/23/workover_history.parquet,BATCH-GELEKI-20260923-V1
WO-GK-081-004,GK-081,2024-06-16,2024-06-16,JOB_WAX,WAX,True,,0.0,114.3,120.0,5.7,PARTIAL,156,False,0.5,DOC-SCAN-GK-081-005,2026-09-23T16:00:00Z,GENERATOR,gs://well-workover-intervention-data/landing/generator/2026/09/23/workover_history.parquet,BATCH-GELEKI-20260923-V1
WO-GK-081-006,GK-081,2024-08-26,2024-08-26,JOB_WAX,WAX,True,,0.0,112.8,152.3,39.5,SUCCESS,71,False,1.0,DOC-SCAN-GK-081-007,2026-09-23T16:00:00Z,GENERATOR,gs://well-workover-intervention-data/landing/generator/2026/09/23/workover_history.parquet,BATCH-GELEKI-20260923-V1
WO-GK-081-009,GK-081,2025-05-26,2025-05-26,JOB_SAND,SAND,False,RIG-ASSAM-01,2.0,107.6,145.3,37.7,SUCCESS,267,False,1.0,DOC-SCAN-GK-081-010,2026-09-23T16:00:00Z,GENERATOR,gs://well-workover-intervention-data/landing/generator/2026/09/23/workover_history.parquet,BATCH-GELEKI-20260923-V1
WO-GK-081-012,GK-081,2025-12-09,2025-12-13,JOB_OTHER,OTHER,False,RIG-ASSAM-02,6.0,104.0,140.4,36.4,SUCCESS,180,False,1.0,DOC-SCAN-GK-081-013,2026-09-23T16:00:00Z,GENERATOR,gs://well-workover-intervention-data/landing/generator/2026/09/23/workover_history.parquet,BATCH-GELEKI-20260923-V1
WO-GK-081-015,GK-081,2026-07-12,2026-07-12,JOB_SAND,SAND,False,RIG-ASSAM-02,2.0,100.4,135.5,35.1,SUCCESS,206,False,1.0,DOC-SCAN-GK-081-016,2026-09-23T16:00:00Z,GENERATOR,gs://well-workover-intervention-data/landing/generator/2026/09/23/workover_history.parquet,BATCH-GELEKI-20260923-V1
WO-GK-081-CENS,GK-081,2026-07-12,2026-09-30,NONE_CENSORED,NONE,False,,0.0,,,0.0,CENSORED,80,True,0.0,,2026-09-23T16:00:00Z,GENERATOR,gs://well-workover-intervention-data/landing/generator/2026/09/23/workover_history.parquet,BATCH-GELEKI-20260923-V1
WO-GK-082-003,GK-082,2024-01-12,2024-01-13,JOB_ROD_PART,ROD_PART,False,RIG-ASSAM-02,3.0,155.8,210.3,54.5,SUCCESS,123,False,1.0,DOC-SCAN-GK-082-004,2026-09-23T16:00:00Z,GENERATOR,gs://well-workover-intervention-data/landing/generator/2026/09/23/workover_history.parquet,BATCH-GELEKI-20260923-V1
WO-GK-082-006,GK-082,2024-05-06,2024-05-12,JOB_WAX,WAX,False,RIG-ASSAM-04,8.0,152.3,205.6,53.3,SUCCESS,91,False,1.0,DOC-SCAN-GK-082-007,2026-09-23T16:00:00Z,GENERATOR,gs://well-workover-intervention-data/landing/generator/2026/09/23/workover_history.parquet,BATCH-GELEKI-20260923-V1
WO-GK-082-008,GK-082,2024-11-02,2024-11-02,JOB_WAX,WAX,True,,0.0,147.5,199.1,51.6,SUCCESS,174,False,1.0,DOC-SCAN-GK-082-009,2026-09-23T16:00:00Z,GENERATOR,gs://well-workover-intervention-data/landing/generator/2026/09/23/workover_history.parquet,BATCH-GELEKI-20260923-V1
WO-GK-082-011,GK-082,2025-03-18,2025-03-28,JOB_OTHER,OTHER,False,RIG-ASSAM-03,12.0,143.6,193.9,50.3,SUCCESS,100,False,1.0,DOC-SCAN-GK-082-012,2026-09-23T16:00:00Z,GENERATOR,gs://well-workover-intervention-data/landing/generator/2026/09/23/workover_history.parquet,BATCH-GELEKI-20260923-V1
WO-GK-082-013,GK-082,2025-08-15,2025-08-15,JOB_SURFACE,SURFACE,True,,0.0,140.1,189.1,49.0,SUCCESS,140,False,1.0,DOC-SCAN-GK-082-014,2026-09-23T16:00:00Z,GENERATOR,gs://well-workover-intervention-data/landing/generator/2026/09/23/workover_history.parquet,BATCH-GELEKI-20260923-V1
WO-GK-082-015,GK-082,2026-01-12,2026-01-12,JOB_WAX,WAX,True,,0.0,136.4,184.1,47.7,SUCCESS,150,False,1.0,DOC-SCAN-GK-082-016,2026-09-23T16:00:00Z,GENERATOR,gs://well-workover-intervention-data/landing/generator/2026/09/23/workover_history.parquet,BATCH-GELEKI-20260923-V1
WO-GK-083-002,GK-083,2024-02-09,2024-02-09,JOB_WAX,WAX,True,,0.0,53.9,72.8,18.9,SUCCESS,224,False,1.0,DOC-SCAN-GK-083-003,2026-09-23T16:00:00Z,GENERATOR,gs://well-workover-intervention-data/landing/generator/2026/09/23/workover_history.parquet,BATCH-GELEKI-20260923-V1
WO-GK-083-005,GK-083,2024-07-13,2024-07-20,JOB_GL_LOADING,GL_LOADING,False,RIG-ASSAM-01,9.0,51.6,54.2,2.6,PARTIAL,130,False,0.5,DOC-SCAN-GK-083-006,2026-09-23T16:00:00Z,GENERATOR,gs://well-workover-intervention-data/landing/generator/2026/09/23/workover_history.parquet,BATCH-GELEKI-20260923-V1
WO-GK-083-008,GK-083,2024-12-28,2025-01-03,JOB_GL_INJ_ANOMALY,GL_INJ_ANOMALY,False,RIG-ASSAM-03,8.0,49.5,66.8,17.3,SUCCESS,140,False,1.0,DOC-SCAN-GK-083-009,2026-09-23T16:00:00Z,GENERATOR,gs://well-workover-intervention-data/landing/generator/2026/09/23/workover_history.parquet,BATCH-GELEKI-20260923-V1
WO-GK-083-011,GK-083,2025-07-18,2025-07-20,JOB_SAND,SAND,False,RIG-ASSAM-02,4.0,47.1,49.5,2.4,PARTIAL,184,False,0.5,DOC-SCAN-GK-083-012,2026-09-23T16:00:00Z,GENERATOR,gs://well-workover-intervention-data/landing/generator/2026/09/23/workover_history.parquet,BATCH-GELEKI-20260923-V1
WO-GK-083-014,GK-083,2026-03-30,2026-03-30,JOB_TUBING_LEAK,TUBING_LEAK,False,RIG-ASSAM-02,2.0,44.4,46.6,2.2,PARTIAL,248,False,0.5,DOC-SCAN-GK-083-015,2026-09-23T16:00:00Z,GENERATOR,gs://well-workover-intervention-data/landing/generator/2026/09/23/workover_history.parquet,BATCH-GELEKI-20260923-V1
WO-GK-083-017,GK-083,2026-09-13,2026-09-17,JOB_SAND,SAND,False,RIG-ASSAM-03,6.0,42.8,57.8,15.0,SUCCESS,152,False,1.0,DOC-SCAN-GK-083-018,2026-09-23T16:00:00Z,GENERATOR,gs://well-workover-intervention-data/landing/generator/2026/09/23/workover_history.parquet,BATCH-GELEKI-20260923-V1
WO-GK-084-003,GK-084,2024-01-23,2024-02-11,JOB_TUBING_LEAK,TUBING_LEAK,False,RIG-ASSAM-03,21.0,150.6,203.3,52.7,SUCCESS,58,False,1.0,DOC-SCAN-GK-084-004,2026-09-23T16:00:00Z,GENERATOR,gs://well-workover-intervention-data/landing/generator/2026/09/23/workover_history.parquet,BATCH-GELEKI-20260923-V1
WO-GK-084-006,GK-084,2024-12-02,2024-12-19,JOB_SAND,SAND,False,RIG-ASSAM-04,19.0,136.3,143.1,6.8,PARTIAL,238,False,0.5,DOC-SCAN-GK-084-007,2026-09-23T16:00:00Z,GENERATOR,gs://well-workover-intervention-data/landing/generator/2026/09/23/workover_history.parquet,BATCH-GELEKI-20260923-V1
WO-GK-084-009,GK-084,2025-05-09,2025-05-18,JOB_PUMP_WEAR,PUMP_WEAR,False,RIG-ASSAM-02,11.0,130.3,175.9,45.6,SUCCESS,110,False,1.0,DOC-SCAN-GK-084-010,2026-09-23T16:00:00Z,GENERATOR,gs://well-workover-intervention-data/landing/generator/2026/09/23/workover_history.parquet,BATCH-GELEKI-20260923-V1
WO-GK-084-012,GK-084,2025-09-18,2025-09-22,JOB_TUBING_LEAK,TUBING_LEAK,False,RIG-ASSAM-02,6.0,125.4,169.3,43.9,SUCCESS,106,False,1.0,DOC-SCAN-GK-084-013,2026-09-23T16:00:00Z,GENERATOR,gs://well-workover-intervention-data/landing/generator/2026/09/23/workover_history.parquet,BATCH-GELEKI-20260923-V1
WO-GK-084-014,GK-084,2026-04-11,2026-04-12,JOB_SURFACE,SURFACE,True,,0.0,118.3,159.7,41.4,SUCCESS,201,False,1.0,DOC-SCAN-GK-084-015,2026-09-23T16:00:00Z,GENERATOR,gs://well-workover-intervention-data/landing/generator/2026/09/23/workover_history.parquet,BATCH-GELEKI-20260923-V1
WO-GK-084-016,GK-084,2026-09-23,2026-09-24,JOB_SURFACE,SURFACE,True,,0.0,113.0,152.6,39.6,SUCCESS,164,False,1.0,DOC-SCAN-GK-084-017,2026-09-23T16:00:00Z,GENERATOR,gs://well-workover-intervention-data/landing/generator/2026/09/23/workover_history.parquet,BATCH-GELEKI-20260923-V1
WO-GK-085-003,GK-085,2024-03-24,2024-04-21,JOB_TUBING_LEAK,TUBING_LEAK,False,RIG-ASSAM-01,30.0,119.2,160.9,41.7,SUCCESS,122,False,1.0,DOC-SCAN-GK-085-004,2026-09-23T16:00:00Z,GENERATOR,gs://well-workover-intervention-data/landing/generator/2026/09/23/workover_history.parquet,BATCH-GELEKI-20260923-V1
WO-GK-085-006,GK-085,2024-11-29,2024-11-29,JOB_TUBING_LEAK,TUBING_LEAK,False,RIG-ASSAM-01,2.0,111.4,150.4,39.0,SUCCESS,217,False,1.0,DOC-SCAN-GK-085-007,2026-09-23T16:00:00Z,GENERATOR,gs://well-workover-intervention-data/landing/generator/2026/09/23/workover_history.parquet,BATCH-GELEKI-20260923-V1
WO-GK-085-009,GK-085,2025-06-08,2025-06-08,JOB_TUBING_LEAK,TUBING_LEAK,False,RIG-ASSAM-01,2.0,105.4,110.7,5.3,PARTIAL,186,False,0.5,DOC-SCAN-GK-085-010,2026-09-23T16:00:00Z,GENERATOR,gs://well-workover-intervention-data/landing/generator/2026/09/23/workover_history.parquet,BATCH-GELEKI-20260923-V1
WO-GK-085-012,GK-085,2025-08-24,2025-08-26,JOB_ROD_PART,ROD_PART,False,RIG-ASSAM-03,4.0,103.1,139.2,36.1,SUCCESS,64,False,1.0,DOC-SCAN-GK-085-013,2026-09-23T16:00:00Z,GENERATOR,gs://well-workover-intervention-data/landing/generator/2026/09/23/workover_history.parquet,BATCH-GELEKI-20260923-V1
WO-GK-085-015,GK-085,2026-07-24,2026-09-11,JOB_SUDDEN_MECH,SUDDEN_MECH,False,RIG-ASSAM-01,51.0,93.2,125.8,32.6,SUCCESS,179,False,1.0,DOC-SCAN-GK-085-016,2026-09-23T16:00:00Z,GENERATOR,gs://well-workover-intervention-data/landing/generator/2026/09/23/workover_history.parquet,BATCH-GELEKI-20260923-V1
WO-GK-086-003,GK-086,2024-02-29,2024-03-06,JOB_OTHER,OTHER,False,RIG-ASSAM-04,8.0,98.2,132.6,34.4,SUCCESS,173,False,1.0,DOC-SCAN-GK-086-004,2026-09-23T16:00:00Z,GENERATOR,gs://well-workover-intervention-data/landing/generator/2026/09/23/workover_history.parquet,BATCH-GELEKI-20260923-V1
WO-GK-086-006,GK-086,2024-12-28,2025-02-06,JOB_TUBING_LEAK,TUBING_LEAK,False,RIG-ASSAM-02,42.0,90.2,121.8,31.6,SUCCESS,172,False,1.0,DOC-SCAN-GK-086-007,2026-09-23T16:00:00Z,GENERATOR,gs://well-workover-intervention-data/landing/generator/2026/09/23/workover_history.parquet,BATCH-GELEKI-20260923-V1
WO-GK-086-008,GK-086,2025-05-21,2025-05-22,JOB_WAX,WAX,True,,0.0,88.0,118.8,30.8,SUCCESS,104,False,1.0,DOC-SCAN-GK-086-009,2026-09-23T16:00:00Z,GENERATOR,gs://well-workover-intervention-data/landing/generator/2026/09/23/workover_history.parquet,BATCH-GELEKI-20260923-V1
WO-GK-086-011,GK-086,2026-01-14,2026-01-22,JOB_SUDDEN_MECH,SUDDEN_MECH,False,RIG-ASSAM-04,10.0,83.1,112.2,29.1,SUCCESS,207,False,1.0,DOC-SCAN-GK-086-012,2026-09-23T16:00:00Z,GENERATOR,gs://well-workover-intervention-data/landing/generator/2026/09/23/workover_history.parquet,BATCH-GELEKI-20260923-V1
WO-GK-086-014,GK-086,2026-06-08,2026-06-14,JOB_SAND,SAND,False,RIG-ASSAM-03,8.0,80.4,84.4,4.0,PARTIAL,116,False,0.5,DOC-SCAN-GK-086-015,2026-09-23T16:00:00Z,GENERATOR,gs://well-workover-intervention-data/landing/generator/2026/09/23/workover_history.parquet,BATCH-GELEKI-20260923-V1
WO-GK-086-CENS,GK-086,2026-06-14,2026-09-30,NONE_CENSORED,NONE,False,,0.0,,,0.0,CENSORED,108,True,0.0,,2026-09-23T16:00:00Z,GENERATOR,gs://well-workover-intervention-data/landing/generator/2026/09/23/workover_history.parquet,BATCH-GELEKI-20260923-V1
WO-GK-087-003,GK-087,2024-03-19,2024-04-02,JOB_OTHER,OTHER,False,RIG-ASSAM-03,16.0,42.3,57.1,14.8,SUCCESS,179,False,1.0,DOC-SCAN-GK-087-004,2026-09-23T16:00:00Z,GENERATOR,gs://well-workover-intervention-data/landing/generator/2026/09/23/workover_history.parquet,BATCH-GELEKI-20260923-V1
WO-GK-087-005,GK-087,2025-01-29,2025-01-29,JOB_SURFACE,SURFACE,True,,0.0,39.7,53.6,13.9,SUCCESS,302,False,1.0,DOC-SCAN-GK-087-006,2026-09-23T16:00:00Z,GENERATOR,gs://well-workover-intervention-data/landing/generator/2026/09/23/workover_history.parquet,BATCH-GELEKI-20260923-V1
WO-GK-087-008,GK-087,2026-02-20,2026-03-01,JOB_ROD_PART,ROD_PART,False,RIG-ASSAM-04,11.0,36.7,49.5,12.8,SUCCESS,354,False,1.0,DOC-SCAN-GK-087-009,2026-09-23T16:00:00Z,GENERATOR,gs://well-workover-intervention-data/landing/generator/2026/09/23/workover_history.parquet,BATCH-GELEKI-20260923-V1
WO-GK-087-CENS,GK-087,2026-03-19,2026-09-30,NONE_CENSORED,NONE,False,,0.0,,,0.0,CENSORED,195,True,0.0,,2026-09-23T16:00:00Z,GENERATOR,gs://well-workover-intervention-data/landing/generator/2026/09/23/workover_history.parquet,BATCH-GELEKI-20260923-V1
WO-GK-088-003,GK-088,2023-11-24,2023-11-24,JOB_WAX,WAX,False,RIG-ASSAM-04,2.0,102.2,138.0,35.8,SUCCESS,71,False,1.0,DOC-SCAN-GK-088-004,2026-09-23T16:00:00Z,GENERATOR,gs://well-workover-intervention-data/landing/generator/2026/09/23/workover_history.parquet,BATCH-GELEKI-20260923-V1
WO-GK-088-006,GK-088,2024-05-19,2024-05-19,JOB_GL_INJ_ANOMALY,GL_INJ_ANOMALY,False,RIG-ASSAM-01,2.0,96.1,129.7,33.6,SUCCESS,171,False,1.0,DOC-SCAN-GK-088-007,2026-09-23T16:00:00Z,GENERATOR,gs://well-workover-intervention-data/landing/generator/2026/09/23/workover_history.parquet,BATCH-GELEKI-20260923-V1
WO-GK-088-009,GK-088,2024-10-07,2024-10-07,JOB_GL_INJ_ANOMALY,GL_INJ_ANOMALY,False,RIG-ASSAM-02,2.0,91.7,123.8,32.1,SUCCESS,135,False,1.0,DOC-SCAN-GK-088-010,2026-09-23T16:00:00Z,GENERATOR,gs://well-workover-intervention-data/landing/generator/2026/09/23/workover_history.parquet,BATCH-GELEKI-20260923-V1
WO-GK-088-012,GK-088,2025-03-11,2025-03-13,JOB_GL_INJ_ANOMALY,GL_INJ_ANOMALY,False,RIG-ASSAM-01,4.0,87.2,91.6,4.4,PARTIAL,146,False,0.5,DOC-SCAN-GK-088-013,2026-09-23T16:00:00Z,GENERATOR,gs://well-workover-intervention-data/landing/generator/2026/09/23/workover_history.parquet,BATCH-GELEKI-20260923-V1
WO-GK-088-014,GK-088,2025-06-23,2025-06-23,JOB_GL_HEADING,GL_HEADING,True,,0.0,84.5,71.8,-12.7,FAILED,102,False,0.5,DOC-SCAN-GK-088-015,2026-09-23T16:00:00Z,GENERATOR,gs://well-workover-intervention-data/landing/generator/2026/09/23/workover_history.parquet,BATCH-GELEKI-20260923-V1
WO-GK-088-017,GK-088,2025-10-07,2025-10-11,JOB_SAND,SAND,False,RIG-ASSAM-02,6.0,81.7,110.3,28.6,SUCCESS,89,False,1.0,DOC-SCAN-GK-088-018,2026-09-23T16:00:00Z,GENERATOR,gs://well-workover-intervention-data/landing/generator/2026/09/23/workover_history.parquet,BATCH-GELEKI-20260923-V1
WO-GK-088-020,GK-088,2026-06-02,2026-06-02,JOB_WAX,WAX,False,RIG-ASSAM-04,2.0,76.2,102.9,26.7,SUCCESS,229,False,1.0,DOC-SCAN-GK-088-021,2026-09-23T16:00:00Z,GENERATOR,gs://well-workover-intervention-data/landing/generator/2026/09/23/workover_history.parquet,BATCH-GELEKI-20260923-V1
WO-GK-090-003,GK-090,2023-12-17,2023-12-24,JOB_TUBING_LEAK,TUBING_LEAK,False,RIG-ASSAM-02,9.0,161.7,169.8,8.1,PARTIAL,75,False,0.5,DOC-SCAN-GK-090-004,2026-09-23T16:00:00Z,GENERATOR,gs://well-workover-intervention-data/landing/generator/2026/09/23/workover_history.parquet,BATCH-GELEKI-20260923-V1
WO-GK-090-006,GK-090,2024-03-07,2024-03-11,JOB_TUBING_LEAK,TUBING_LEAK,False,RIG-ASSAM-03,6.0,159.5,215.3,55.8,SUCCESS,58,False,1.0,DOC-SCAN-GK-090-007,2026-09-23T16:00:00Z,GENERATOR,gs://well-workover-intervention-data/landing/generator/2026/09/23/workover_history.parquet,BATCH-GELEKI-20260923-V1
WO-GK-090-009,GK-090,2024-06-07,2024-06-07,JOB_ROD_PART,ROD_PART,False,RIG-ASSAM-04,2.0,157.1,212.1,55.0,SUCCESS,81,False,1.0,DOC-SCAN-GK-090-010,2026-09-23T16:00:00Z,GENERATOR,gs://well-workover-intervention-data/landing/generator/2026/09/23/workover_history.parquet,BATCH-GELEKI-20260923-V1
WO-GK-090-012,GK-090,2024-10-24,2024-10-24,JOB_SUDDEN_MECH,SUDDEN_MECH,False,RIG-ASSAM-04,2.0,153.5,207.2,53.7,SUCCESS,134,False,1.0,DOC-SCAN-GK-090-013,2026-09-23T16:00:00Z,GENERATOR,gs://well-workover-intervention-data/landing/generator/2026/09/23/workover_history.parquet,BATCH-GELEKI-20260923-V1
WO-GK-090-015,GK-090,2025-01-30,2025-01-30,JOB_ROD_PART,ROD_PART,False,RIG-ASSAM-03,2.0,151.0,203.9,52.9,SUCCESS,93,False,1.0,DOC-SCAN-GK-090-016,2026-09-23T16:00:00Z,GENERATOR,gs://well-workover-intervention-data/landing/generator/2026/09/23/workover_history.parquet,BATCH-GELEKI-20260923-V1
WO-GK-090-018,GK-090,2025-04-09,2025-04-16,JOB_PUMP_WEAR,PUMP_WEAR,False,RIG-ASSAM-02,9.0,149.1,156.6,7.5,PARTIAL,43,False,0.5,DOC-SCAN-GK-090-019,2026-09-23T16:00:00Z,GENERATOR,gs://well-workover-intervention-data/landing/generator/2026/09/23/workover_history.parquet,BATCH-GELEKI-20260923-V1
WO-GK-090-021,GK-090,2025-09-16,2025-09-24,JOB_ROD_PART,ROD_PART,False,RIG-ASSAM-02,10.0,145.2,196.0,50.8,SUCCESS,124,False,1.0,DOC-SCAN-GK-090-022,2026-09-23T16:00:00Z,GENERATOR,gs://well-workover-intervention-data/landing/generator/2026/09/23/workover_history.parquet,BATCH-GELEKI-20260923-V1
WO-GK-090-024,GK-090,2025-12-27,2025-12-31,JOB_ROD_PART,ROD_PART,False,RIG-ASSAM-02,6.0,142.9,192.9,50.0,SUCCESS,75,False,1.0,DOC-SCAN-GK-090-025,2026-09-23T16:00:00Z,GENERATOR,gs://well-workover-intervention-data/landing/generator/2026/09/23/workover_history.parquet,BATCH-GELEKI-20260923-V1
WO-GK-090-027,GK-090,2026-06-24,2026-07-18,JOB_SAND,SAND,False,RIG-ASSAM-01,26.0,138.4,186.8,48.4,SUCCESS,100,False,1.0,DOC-SCAN-GK-090-028,2026-09-23T16:00:00Z,GENERATOR,gs://well-workover-intervention-data/landing/generator/2026/09/23/workover_history.parquet,BATCH-GELEKI-20260923-V1
WO-GK-090-CENS,GK-090,2026-07-18,2026-09-30,NONE_CENSORED,NONE,False,,0.0,,,0.0,CENSORED,74,True,0.0,,2026-09-23T16:00:00Z,GENERATOR,gs://well-workover-intervention-data/landing/generator/2026/09/23/workover_history.parquet,BATCH-GELEKI-20260923-V1
WO-GK-091-003,GK-091,2024-02-08,2024-02-10,JOB_WAX,WAX,False,RIG-ASSAM-04,4.0,91.5,123.5,32.0,SUCCESS,134,False,1.0,DOC-SCAN-GK-091-004,2026-09-23T16:00:00Z,GENERATOR,gs://well-workover-intervention-data/landing/generator/2026/09/23/workover_history.parquet,BATCH-GELEKI-20260923-V1
WO-GK-091-006,GK-091,2024-09-05,2024-09-11,JOB_GL_INJ_ANOMALY,GL_INJ_ANOMALY,False,RIG-ASSAM-02,8.0,86.5,116.8,30.3,SUCCESS,187,False,1.0,DOC-SCAN-GK-091-007,2026-09-23T16:00:00Z,GENERATOR,gs://well-workover-intervention-data/landing/generator/2026/09/23/workover_history.parquet,BATCH-GELEKI-20260923-V1
WO-GK-091-008,GK-091,2025-01-20,2025-01-20,JOB_WAX,WAX,True,,0.0,83.6,112.9,29.3,SUCCESS,131,False,1.0,DOC-SCAN-GK-091-009,2026-09-23T16:00:00Z,GENERATOR,gs://well-workover-intervention-data/landing/generator/2026/09/23/workover_history.parquet,BATCH-GELEKI-20260923-V1
WO-GK-091-010,GK-091,2025-08-08,2025-08-08,JOB_GL_HEADING,GL_HEADING,True,,0.0,79.6,107.5,27.9,SUCCESS,200,False,1.0,DOC-SCAN-GK-091-011,2026-09-23T16:00:00Z,GENERATOR,gs://well-workover-intervention-data/landing/generator/2026/09/23/workover_history.parquet,BATCH-GELEKI-20260923-V1
WO-GK-091-013,GK-091,2026-03-02,2026-03-23,JOB_GL_INJ_ANOMALY,GL_INJ_ANOMALY,False,RIG-ASSAM-01,23.0,75.4,101.8,26.4,SUCCESS,137,False,1.0,DOC-SCAN-GK-091-014,2026-09-23T16:00:00Z,GENERATOR,gs://well-workover-intervention-data/landing/generator/2026/09/23/workover_history.parquet,BATCH-GELEKI-20260923-V1
WO-GK-092-002,GK-092,2023-10-26,2023-10-26,JOB_SURFACE,SURFACE,True,,0.0,92.7,125.1,32.4,SUCCESS,60,False,1.0,DOC-SCAN-GK-092-003,2026-09-23T16:00:00Z,GENERATOR,gs://well-workover-intervention-data/landing/generator/2026/09/23/workover_history.parquet,BATCH-GELEKI-20260923-V1
WO-GK-092-005,GK-092,2024-04-01,2024-04-11,JOB_PUMP_WEAR,PUMP_WEAR,False,RIG-ASSAM-01,12.0,88.2,119.1,30.9,SUCCESS,123,False,1.0,DOC-SCAN-GK-092-006,2026-09-23T16:00:00Z,GENERATOR,gs://well-workover-intervention-data/landing/generator/2026/09/23/workover_history.parquet,BATCH-GELEKI-20260923-V1
WO-GK-092-007,GK-092,2024-08-27,2024-08-27,JOB_WAX,WAX,True,,0.0,84.7,114.3,29.6,SUCCESS,138,False,1.0,DOC-SCAN-GK-092-008,2026-09-23T16:00:00Z,GENERATOR,gs://well-workover-intervention-data/landing/generator/2026/09/23/workover_history.parquet,BATCH-GELEKI-20260923-V1
WO-GK-092-010,GK-092,2025-02-18,2025-02-18,JOB_OTHER,OTHER,False,RIG-ASSAM-03,2.0,80.7,84.7,4.0,PARTIAL,170,False,0.5,DOC-SCAN-GK-092-011,2026-09-23T16:00:00Z,GENERATOR,gs://well-workover-intervention-data/landing/generator/2026/09/23/workover_history.parquet,BATCH-GELEKI-20260923-V1
WO-GK-092-013,GK-092,2025-06-21,2025-06-23,JOB_PUMP_WEAR,PUMP_WEAR,False,RIG-ASSAM-03,4.0,78.1,82.0,3.9,PARTIAL,111,False,0.5,DOC-SCAN-GK-092-014,2026-09-23T16:00:00Z,GENERATOR,gs://well-workover-intervention-data/landing/generator/2026/09/23/workover_history.parquet,BATCH-GELEKI-20260923-V1
WO-GK-092-016,GK-092,2025-12-15,2025-12-16,JOB_ROD_PART,ROD_PART,False,RIG-ASSAM-01,3.0,74.6,100.7,26.1,SUCCESS,168,False,1.0,DOC-SCAN-GK-092-017,2026-09-23T16:00:00Z,GENERATOR,gs://well-workover-intervention-data/landing/generator/2026/09/23/workover_history.parquet,BATCH-GELEKI-20260923-V1
WO-GK-092-019,GK-092,2026-07-01,2026-07-24,JOB_PUMP_WEAR,PUMP_WEAR,False,RIG-ASSAM-01,25.0,70.6,95.3,24.7,SUCCESS,124,False,1.0,DOC-SCAN-GK-092-020,2026-09-23T16:00:00Z,GENERATOR,gs://well-workover-intervention-data/landing/generator/2026/09/23/workover_history.parquet,BATCH-GELEKI-20260923-V1
WO-GK-092-CENS,GK-092,2026-07-24,2026-09-30,NONE_CENSORED,NONE,False,,0.0,,,0.0,CENSORED,68,True,0.0,,2026-09-23T16:00:00Z,GENERATOR,gs://well-workover-intervention-data/landing/generator/2026/09/23/workover_history.parquet,BATCH-GELEKI-20260923-V1
WO-GK-093-003,GK-093,2024-03-09,2024-03-13,JOB_PUMP_WEAR,PUMP_WEAR,False,RIG-ASSAM-04,6.0,83.2,70.7,-12.5,FAILED,199,False,0.5,DOC-SCAN-GK-093-004,2026-09-23T16:00:00Z,GENERATOR,gs://well-workover-intervention-data/landing/generator/2026/09/23/workover_history.parquet,BATCH-GELEKI-20260923-V1
WO-GK-093-006,GK-093,2024-10-24,2024-11-01,JOB_TUBING_LEAK,TUBING_LEAK,False,RIG-ASSAM-02,10.0,77.9,81.8,3.9,PARTIAL,197,False,0.5,DOC-SCAN-GK-093-007,2026-09-23T16:00:00Z,GENERATOR,gs://well-workover-intervention-data/landing/generator/2026/09/23/workover_history.parquet,BATCH-GELEKI-20260923-V1
WO-GK-093-009,GK-093,2025-04-17,2025-04-18,JOB_ROD_PART,ROD_PART,False,RIG-ASSAM-03,3.0,74.4,100.4,26.0,SUCCESS,160,False,1.0,DOC-SCAN-GK-093-010,2026-09-23T16:00:00Z,GENERATOR,gs://well-workover-intervention-data/landing/generator/2026/09/23/workover_history.parquet,BATCH-GELEKI-20260923-V1
WO-GK-093-011,GK-093,2026-02-01,2026-02-02,JOB_SCALE,SCALE,True,,0.0,69.0,93.2,24.2,SUCCESS,289,False,1.0,DOC-SCAN-GK-093-012,2026-09-23T16:00:00Z,GENERATOR,gs://well-workover-intervention-data/landing/generator/2026/09/23/workover_history.parquet,BATCH-GELEKI-20260923-V1
WO-GK-093-014,GK-093,2026-08-13,2026-08-15,JOB_SUDDEN_MECH,SUDDEN_MECH,False,RIG-ASSAM-01,4.0,65.7,88.7,23.0,SUCCESS,179,False,1.0,DOC-SCAN-GK-093-015,2026-09-23T16:00:00Z,GENERATOR,gs://well-workover-intervention-data/landing/generator/2026/09/23/workover_history.parquet,BATCH-GELEKI-20260923-V1
WO-GK-093-CENS,GK-093,2026-08-15,2026-09-30,NONE_CENSORED,NONE,False,,0.0,,,0.0,CENSORED,46,True,0.0,,2026-09-23T16:00:00Z,GENERATOR,gs://well-workover-intervention-data/landing/generator/2026/09/23/workover_history.parquet,BATCH-GELEKI-20260923-V1
WO-GK-094-003,GK-094,2024-09-10,2024-09-13,JOB_TUBING_LEAK,TUBING_LEAK,False,RIG-ASSAM-02,5.0,42.6,44.7,2.1,PARTIAL,369,False,0.5,DOC-SCAN-GK-094-004,2026-09-23T16:00:00Z,GENERATOR,gs://well-workover-intervention-data/landing/generator/2026/09/23/workover_history.parquet,BATCH-GELEKI-20260923-V1
WO-GK-094-006,GK-094,2025-10-24,2025-11-11,JOB_TUBING_LEAK,TUBING_LEAK,False,RIG-ASSAM-02,20.0,38.2,51.6,13.4,SUCCESS,349,False,1.0,DOC-SCAN-GK-094-007,2026-09-23T16:00:00Z,GENERATOR,gs://well-workover-intervention-data/landing/generator/2026/09/23/workover_history.parquet,BATCH-GELEKI-20260923-V1
WO-GK-094-009,GK-094,2026-07-12,2026-07-14,JOB_TUBING_LEAK,TUBING_LEAK,False,RIG-ASSAM-02,4.0,36.0,37.8,1.8,PARTIAL,230,False,0.5,DOC-SCAN-GK-094-010,2026-09-23T16:00:00Z,GENERATOR,gs://well-workover-intervention-data/landing/generator/2026/09/23/workover_history.parquet,BATCH-GELEKI-20260923-V1
WO-GK-094-CENS,GK-094,2026-07-14,2026-09-30,NONE_CENSORED,NONE,False,,0.0,,,0.0,CENSORED,78,True,0.0,,2026-09-23T16:00:00Z,GENERATOR,gs://well-workover-intervention-data/landing/generator/2026/09/23/workover_history.parquet,BATCH-GELEKI-20260923-V1
WO-GK-095-003,GK-095,2024-02-19,2024-03-04,JOB_TUBING_LEAK,TUBING_LEAK,False,RIG-ASSAM-03,16.0,50.3,42.8,-7.5,FAILED,234,False,0.5,DOC-SCAN-GK-095-004,2026-09-23T16:00:00Z,GENERATOR,gs://well-workover-intervention-data/landing/generator/2026/09/23/workover_history.parquet,BATCH-GELEKI-20260923-V1
WO-GK-095-006,GK-095,2025-01-17,2025-01-28,JOB_ROD_PART,ROD_PART,False,RIG-ASSAM-03,13.0,46.9,49.2,2.3,PARTIAL,282,False,0.5,DOC-SCAN-GK-095-007,2026-09-23T16:00:00Z,GENERATOR,gs://well-workover-intervention-data/landing/generator/2026/09/23/workover_history.parquet,BATCH-GELEKI-20260923-V1
WO-GK-095-009,GK-095,2025-07-27,2025-08-01,JOB_PUMP_WEAR,PUMP_WEAR,False,RIG-ASSAM-01,7.0,45.2,61.0,15.8,SUCCESS,159,False,1.0,DOC-SCAN-GK-095-010,2026-09-23T16:00:00Z,GENERATOR,gs://well-workover-intervention-data/landing/generator/2026/09/23/workover_history.parquet,BATCH-GELEKI-20260923-V1
WO-GK-095-012,GK-095,2026-03-30,2026-04-01,JOB_SAND,SAND,False,RIG-ASSAM-04,4.0,43.1,45.3,2.2,PARTIAL,228,False,0.5,DOC-SCAN-GK-095-013,2026-09-23T16:00:00Z,GENERATOR,gs://well-workover-intervention-data/landing/generator/2026/09/23/workover_history.parquet,BATCH-GELEKI-20260923-V1
WO-GK-095-CENS,GK-095,2026-04-01,2026-09-30,NONE_CENSORED,NONE,False,,0.0,,,0.0,CENSORED,182,True,0.0,,2026-09-23T16:00:00Z,GENERATOR,gs://well-workover-intervention-data/landing/generator/2026/09/23/workover_history.parquet,BATCH-GELEKI-20260923-V1
WO-GK-096-002,GK-096,2023-11-25,2023-11-25,JOB_SURFACE,SURFACE,True,,0.0,112.5,151.9,39.4,SUCCESS,111,False,1.0,DOC-SCAN-GK-096-003,2026-09-23T16:00:00Z,GENERATOR,gs://well-workover-intervention-data/landing/generator/2026/09/23/workover_history.parquet,BATCH-GELEKI-20260923-V1
WO-GK-096-005,GK-096,2024-09-19,2024-10-23,JOB_ROD_PART,ROD_PART,False,RIG-ASSAM-02,36.0,102.7,138.6,35.9,SUCCESS,192,False,1.0,DOC-SCAN-GK-096-006,2026-09-23T16:00:00Z,GENERATOR,gs://well-workover-intervention-data/landing/generator/2026/09/23/workover_history.parquet,BATCH-GELEKI-20260923-V1
WO-GK-096-008,GK-096,2025-02-06,2025-02-06,JOB_TUBING_LEAK,TUBING_LEAK,False,RIG-ASSAM-04,2.0,99.9,134.9,35.0,SUCCESS,99,False,1.0,DOC-SCAN-GK-096-009,2026-09-23T16:00:00Z,GENERATOR,gs://well-workover-intervention-data/landing/generator/2026/09/23/workover_history.parquet,BATCH-GELEKI-20260923-V1
WO-GK-096-011,GK-096,2025-07-03,2025-07-09,JOB_ROD_PART,ROD_PART,False,RIG-ASSAM-03,8.0,96.0,129.6,33.6,SUCCESS,123,False,1.0,DOC-SCAN-GK-096-012,2026-09-23T16:00:00Z,GENERATOR,gs://well-workover-intervention-data/landing/generator/2026/09/23/workover_history.parquet,BATCH-GELEKI-20260923-V1
WO-GK-096-014,GK-096,2026-04-02,2026-04-03,JOB_TUBING_LEAK,TUBING_LEAK,False,RIG-ASSAM-01,3.0,89.8,121.2,31.4,SUCCESS,259,False,1.0,DOC-SCAN-GK-096-015,2026-09-23T16:00:00Z,GENERATOR,gs://well-workover-intervention-data/landing/generator/2026/09/23/workover_history.parquet,BATCH-GELEKI-20260923-V1
WO-GK-096-017,GK-096,2026-06-01,2026-06-02,JOB_PUMP_WEAR,PUMP_WEAR,False,RIG-ASSAM-02,3.0,88.6,119.6,31.0,SUCCESS,51,False,1.0,DOC-SCAN-GK-096-018,2026-09-23T16:00:00Z,GENERATOR,gs://well-workover-intervention-data/landing/generator/2026/09/23/workover_history.parquet,BATCH-GELEKI-20260923-V1
WO-GK-096-CENS,GK-096,2026-06-02,2026-09-30,NONE_CENSORED,NONE,False,,0.0,,,0.0,CENSORED,120,True,0.0,,2026-09-23T16:00:00Z,GENERATOR,gs://well-workover-intervention-data/landing/generator/2026/09/23/workover_history.parquet,BATCH-GELEKI-20260923-V1
WO-GK-097-003,GK-097,2024-02-12,2024-02-16,JOB_OTHER,OTHER,False,RIG-ASSAM-03,6.0,109.1,147.3,38.2,SUCCESS,207,False,1.0,DOC-SCAN-GK-097-004,2026-09-23T16:00:00Z,GENERATOR,gs://well-workover-intervention-data/landing/generator/2026/09/23/workover_history.parquet,BATCH-GELEKI-20260923-V1
WO-GK-097-006,GK-097,2024-07-16,2024-07-26,JOB_SAND,SAND,False,RIG-ASSAM-03,12.0,103.5,139.7,36.2,SUCCESS,116,False,1.0,DOC-SCAN-GK-097-007,2026-09-23T16:00:00Z,GENERATOR,gs://well-workover-intervention-data/landing/generator/2026/09/23/workover_history.parquet,BATCH-GELEKI-20260923-V1
WO-GK-097-008,GK-097,2024-12-27,2024-12-27,JOB_SURFACE,SURFACE,True,,0.0,98.6,133.1,34.5,SUCCESS,154,False,1.0,DOC-SCAN-GK-097-009,2026-09-23T16:00:00Z,GENERATOR,gs://well-workover-intervention-data/landing/generator/2026/09/23/workover_history.parquet,BATCH-GELEKI-20260923-V1
WO-GK-097-011,GK-097,2025-05-06,2025-05-12,JOB_ROD_PART,ROD_PART,False,RIG-ASSAM-01,8.0,94.6,127.7,33.1,SUCCESS,108,False,1.0,DOC-SCAN-GK-097-012,2026-09-23T16:00:00Z,GENERATOR,gs://well-workover-intervention-data/landing/generator/2026/09/23/workover_history.parquet,BATCH-GELEKI-20260923-V1
WO-GK-097-014,GK-097,2025-07-23,2025-07-30,JOB_TUBING_LEAK,TUBING_LEAK,False,RIG-ASSAM-04,9.0,92.4,124.7,32.3,SUCCESS,45,False,1.0,DOC-SCAN-GK-097-015,2026-09-23T16:00:00Z,GENERATOR,gs://well-workover-intervention-data/landing/generator/2026/09/23/workover_history.parquet,BATCH-GELEKI-20260923-V1
WO-GK-097-017,GK-097,2025-12-05,2025-12-11,JOB_OTHER,OTHER,False,RIG-ASSAM-04,8.0,88.9,75.6,-13.3,FAILED,105,False,0.5,DOC-SCAN-GK-097-018,2026-09-23T16:00:00Z,GENERATOR,gs://well-workover-intervention-data/landing/generator/2026/09/23/workover_history.parquet,BATCH-GELEKI-20260923-V1
WO-GK-097-020,GK-097,2026-03-22,2026-03-24,JOB_ROD_PART,ROD_PART,False,RIG-ASSAM-04,4.0,86.3,116.5,30.2,SUCCESS,91,False,1.0,DOC-SCAN-GK-097-021,2026-09-23T16:00:00Z,GENERATOR,gs://well-workover-intervention-data/landing/generator/2026/09/23/workover_history.parquet,BATCH-GELEKI-20260923-V1
WO-GK-097-023,GK-097,2026-09-12,2026-09-18,JOB_ROD_PART,ROD_PART,False,RIG-ASSAM-04,8.0,82.1,86.2,4.1,PARTIAL,151,False,0.5,DOC-SCAN-GK-097-024,2026-09-23T16:00:00Z,GENERATOR,gs://well-workover-intervention-data/landing/generator/2026/09/23/workover_history.parquet,BATCH-GELEKI-20260923-V1
WO-GK-098-003,GK-098,2023-12-30,2024-01-05,JOB_WAX,WAX,False,RIG-ASSAM-01,8.0,150.0,157.5,7.5,PARTIAL,74,False,0.5,DOC-SCAN-GK-098-004,2026-09-23T16:00:00Z,GENERATOR,gs://well-workover-intervention-data/landing/generator/2026/09/23/workover_history.parquet,BATCH-GELEKI-20260923-V1
WO-GK-098-006,GK-098,2024-03-11,2024-03-15,JOB_ROD_PART,ROD_PART,False,RIG-ASSAM-04,6.0,146.5,197.8,51.3,SUCCESS,47,False,1.0,DOC-SCAN-GK-098-007,2026-09-23T16:00:00Z,GENERATOR,gs://well-workover-intervention-data/landing/generator/2026/09/23/workover_history.parquet,BATCH-GELEKI-20260923-V1
WO-GK-098-008,GK-098,2024-06-12,2024-06-12,JOB_SURFACE,SURFACE,True,,0.0,142.2,192.0,49.8,SUCCESS,89,False,1.0,DOC-SCAN-GK-098-009,2026-09-23T16:00:00Z,GENERATOR,gs://well-workover-intervention-data/landing/generator/2026/09/23/workover_history.parquet,BATCH-GELEKI-20260923-V1
WO-GK-098-010,GK-098,2024-09-27,2024-09-27,JOB_WAX,WAX,True,,0.0,137.4,185.5,48.1,SUCCESS,107,False,1.0,DOC-SCAN-GK-098-011,2026-09-23T16:00:00Z,GENERATOR,gs://well-workover-intervention-data/landing/generator/2026/09/23/workover_history.parquet,BATCH-GELEKI-20260923-V1
WO-GK-098-013,GK-098,2024-12-17,2024-12-17,JOB_SAND,SAND,False,RIG-ASSAM-03,2.0,133.9,140.6,6.7,PARTIAL,76,False,0.5,DOC-SCAN-GK-098-014,2026-09-23T16:00:00Z,GENERATOR,gs://well-workover-intervention-data/landing/generator/2026/09/23/workover_history.parquet,BATCH-GELEKI-20260923-V1
WO-GK-098-016,GK-098,2025-03-10,2025-03-15,JOB_SAND,SAND,False,RIG-ASSAM-04,7.0,130.4,176.0,45.6,SUCCESS,63,False,1.0,DOC-SCAN-GK-098-017,2026-09-23T16:00:00Z,GENERATOR,gs://well-workover-intervention-data/landing/generator/2026/09/23/workover_history.parquet,BATCH-GELEKI-20260923-V1
WO-GK-098-018,GK-098,2025-06-21,2025-06-21,JOB_WAX,WAX,True,,0.0,126.6,132.9,6.3,PARTIAL,98,False,0.5,DOC-SCAN-GK-098-019,2026-09-23T16:00:00Z,GENERATOR,gs://well-workover-intervention-data/landing/generator/2026/09/23/workover_history.parquet,BATCH-GELEKI-20260923-V1
WO-GK-098-020,GK-098,2025-08-04,2025-08-04,JOB_WAX,WAX,True,,0.0,125.0,168.8,43.8,SUCCESS,44,False,1.0,DOC-SCAN-GK-098-021,2026-09-23T16:00:00Z,GENERATOR,gs://well-workover-intervention-data/landing/generator/2026/09/23/workover_history.parquet,BATCH-GELEKI-20260923-V1
WO-GK-098-022,GK-098,2025-10-16,2025-10-17,JOB_SURFACE,SURFACE,True,,0.0,122.3,104.0,-18.3,FAILED,73,False,0.5,DOC-SCAN-GK-098-023,2026-09-23T16:00:00Z,GENERATOR,gs://well-workover-intervention-data/landing/generator/2026/09/23/workover_history.parquet,BATCH-GELEKI-20260923-V1
WO-GK-098-025,GK-098,2026-02-17,2026-03-03,JOB_ROD_PART,ROD_PART,False,RIG-ASSAM-03,16.0,117.7,158.9,41.2,SUCCESS,76,False,1.0,DOC-SCAN-GK-098-026,2026-09-23T16:00:00Z,GENERATOR,gs://well-workover-intervention-data/landing/generator/2026/09/23/workover_history.parquet,BATCH-GELEKI-20260923-V1
WO-GK-098-028,GK-098,2026-06-22,2026-06-26,JOB_WAX,WAX,False,RIG-ASSAM-01,6.0,114.0,96.9,-17.1,FAILED,96,False,0.5,DOC-SCAN-GK-098-029,2026-09-23T16:00:00Z,GENERATOR,gs://well-workover-intervention-data/landing/generator/2026/09/23/workover_history.parquet,BATCH-GELEKI-20260923-V1
WO-GK-098-CENS,GK-098,2026-06-26,2026-09-30,NONE_CENSORED,NONE,False,,0.0,,,0.0,CENSORED,96,True,0.0,,2026-09-23T16:00:00Z,GENERATOR,gs://well-workover-intervention-data/landing/generator/2026/09/23/workover_history.parquet,BATCH-GELEKI-20260923-V1
WO-GK-099-003,GK-099,2024-02-24,2024-02-28,JOB_ROD_PART,ROD_PART,False,RIG-ASSAM-02,6.0,69.7,73.2,3.5,PARTIAL,381,False,0.5,DOC-SCAN-GK-099-004,2026-09-23T16:00:00Z,GENERATOR,gs://well-workover-intervention-data/landing/generator/2026/09/23/workover_history.parquet,BATCH-GELEKI-20260923-V1
WO-GK-099-006,GK-099,2024-11-14,2024-11-19,JOB_SAND,SAND,False,RIG-ASSAM-04,7.0,65.0,87.8,22.8,SUCCESS,239,False,1.0,DOC-SCAN-GK-099-007,2026-09-23T16:00:00Z,GENERATOR,gs://well-workover-intervention-data/landing/generator/2026/09/23/workover_history.parquet,BATCH-GELEKI-20260923-V1
WO-GK-099-008,GK-099,2025-09-10,2025-09-10,JOB_SCALE,SCALE,True,,0.0,60.3,51.3,-9.0,FAILED,295,False,0.5,DOC-SCAN-GK-099-009,2026-09-23T16:00:00Z,GENERATOR,gs://well-workover-intervention-data/landing/generator/2026/09/23/workover_history.parquet,BATCH-GELEKI-20260923-V1
WO-GK-099-010,GK-099,2026-07-20,2026-07-21,JOB_SURFACE,SURFACE,True,,0.0,56.0,58.8,2.8,PARTIAL,313,False,0.5,DOC-SCAN-GK-099-011,2026-09-23T16:00:00Z,GENERATOR,gs://well-workover-intervention-data/landing/generator/2026/09/23/workover_history.parquet,BATCH-GELEKI-20260923-V1
WO-GK-099-CENS,GK-099,2026-07-21,2026-09-30,NONE_CENSORED,NONE,False,,0.0,,,0.0,CENSORED,71,True,0.0,,2026-09-23T16:00:00Z,GENERATOR,gs://well-workover-intervention-data/landing/generator/2026/09/23/workover_history.parquet,BATCH-GELEKI-20260923-V1
WO-GK-100-003,GK-100,2024-03-14,2024-03-31,JOB_TUBING_LEAK,TUBING_LEAK,False,RIG-ASSAM-01,19.0,136.2,183.9,47.7,SUCCESS,141,False,1.0,DOC-SCAN-GK-100-004,2026-09-23T16:00:00Z,GENERATOR,gs://well-workover-intervention-data/landing/generator/2026/09/23/workover_history.parquet,BATCH-GELEKI-20260923-V1
WO-GK-100-005,GK-100,2024-07-11,2024-07-11,JOB_WAX,WAX,True,,0.0,132.1,178.3,46.2,SUCCESS,102,False,1.0,DOC-SCAN-GK-100-006,2026-09-23T16:00:00Z,GENERATOR,gs://well-workover-intervention-data/landing/generator/2026/09/23/workover_history.parquet,BATCH-GELEKI-20260923-V1
WO-GK-100-007,GK-100,2025-01-26,2025-01-27,JOB_WAX,WAX,True,,0.0,124.6,105.9,-18.7,FAILED,199,False,0.5,DOC-SCAN-GK-100-008,2026-09-23T16:00:00Z,GENERATOR,gs://well-workover-intervention-data/landing/generator/2026/09/23/workover_history.parquet,BATCH-GELEKI-20260923-V1
WO-GK-100-010,GK-100,2025-07-11,2025-07-13,JOB_SAND,SAND,False,RIG-ASSAM-03,4.0,118.9,160.5,41.6,SUCCESS,153,False,1.0,DOC-SCAN-GK-100-011,2026-09-23T16:00:00Z,GENERATOR,gs://well-workover-intervention-data/landing/generator/2026/09/23/workover_history.parquet,BATCH-GELEKI-20260923-V1
WO-GK-100-013,GK-100,2026-01-12,2026-01-30,JOB_TUBING_LEAK,TUBING_LEAK,False,RIG-ASSAM-02,20.0,112.5,95.6,-16.9,FAILED,122,False,0.5,DOC-SCAN-GK-100-014,2026-09-23T16:00:00Z,GENERATOR,gs://well-workover-intervention-data/landing/generator/2026/09/23/workover_history.parquet,BATCH-GELEKI-20260923-V1
WO-GK-100-016,GK-100,2026-06-01,2026-06-01,JOB_PUMP_WEAR,PUMP_WEAR,False,RIG-ASSAM-01,2.0,108.9,147.0,38.1,SUCCESS,117,False,1.0,DOC-SCAN-GK-100-017,2026-09-23T16:00:00Z,GENERATOR,gs://well-workover-intervention-data/landing/generator/2026/09/23/workover_history.parquet,BATCH-GELEKI-20260923-V1
WO-GK-100-CENS,GK-100,2026-06-01,2026-09-30,NONE_CENSORED,NONE,False,,0.0,,,0.0,CENSORED,121,True,0.0,,2026-09-23T16:00:00Z,GENERATOR,gs://well-workover-intervention-data/landing/generator/2026/09/23/workover_history.parquet,BATCH-GELEKI-20260923-V1
WO-GK-101-002,GK-101,2023-10-01,2023-10-01,JOB_TUBING_LEAK,TUBING_LEAK,False,RIG-ASSAM-01,2.0,156.2,210.9,54.7,SUCCESS,153,False,1.0,DOC-SCAN-GK-101-003,2026-09-23T16:00:00Z,GENERATOR,gs://well-workover-intervention-data/landing/generator/2026/09/23/workover_history.parquet,BATCH-GELEKI-20260923-V1
WO-GK-101-005,GK-101,2024-04-04,2024-04-04,JOB_ROD_PART,ROD_PART,False,RIG-ASSAM-01,2.0,151.2,204.1,52.9,SUCCESS,181,False,1.0,DOC-SCAN-GK-101-006,2026-09-23T16:00:00Z,GENERATOR,gs://well-workover-intervention-data/landing/generator/2026/09/23/workover_history.parquet,BATCH-GELEKI-20260923-V1
WO-GK-101-008,GK-101,2024-07-13,2024-07-17,JOB_TUBING_LEAK,TUBING_LEAK,False,RIG-ASSAM-01,6.0,148.6,200.6,52.0,SUCCESS,81,False,1.0,DOC-SCAN-GK-101-009,2026-09-23T16:00:00Z,GENERATOR,gs://well-workover-intervention-data/landing/generator/2026/09/23/workover_history.parquet,BATCH-GELEKI-20260923-V1
WO-GK-101-011,GK-101,2024-11-19,2024-11-19,JOB_TUBING_LEAK,TUBING_LEAK,False,RIG-ASSAM-02,2.0,145.5,196.4,50.9,SUCCESS,120,False,1.0,DOC-SCAN-GK-101-012,2026-09-23T16:00:00Z,GENERATOR,gs://well-workover-intervention-data/landing/generator/2026/09/23/workover_history.parquet,BATCH-GELEKI-20260923-V1
WO-GK-101-014,GK-101,2025-06-28,2025-07-14,JOB_TUBING_LEAK,TUBING_LEAK,False,RIG-ASSAM-02,18.0,139.9,146.9,7.0,PARTIAL,166,False,0.5,DOC-SCAN-GK-101-015,2026-09-23T16:00:00Z,GENERATOR,gs://well-workover-intervention-data/landing/generator/2026/09/23/workover_history.parquet,BATCH-GELEKI-20260923-V1
WO-GK-101-016,GK-101,2025-12-08,2025-12-08,JOB_WAX,WAX,True,,0.0,136.7,116.2,-20.5,FAILED,147,False,0.5,DOC-SCAN-GK-101-017,2026-09-23T16:00:00Z,GENERATOR,gs://well-workover-intervention-data/landing/generator/2026/09/23/workover_history.parquet,BATCH-GELEKI-20260923-V1
WO-GK-101-018,GK-101,2026-05-10,2026-05-10,JOB_WAX,WAX,True,,0.0,133.5,180.2,46.7,SUCCESS,153,False,1.0,DOC-SCAN-GK-101-019,2026-09-23T16:00:00Z,GENERATOR,gs://well-workover-intervention-data/landing/generator/2026/09/23/workover_history.parquet,BATCH-GELEKI-20260923-V1
WO-GK-101-021,GK-101,2026-07-07,2026-07-08,JOB_TUBING_LEAK,TUBING_LEAK,False,RIG-ASSAM-03,3.0,132.3,178.6,46.3,SUCCESS,51,False,1.0,DOC-SCAN-GK-101-022,2026-09-23T16:00:00Z,GENERATOR,gs://well-workover-intervention-data/landing/generator/2026/09/23/workover_history.parquet,BATCH-GELEKI-20260923-V1
WO-GK-101-CENS,GK-101,2026-07-08,2026-09-30,NONE_CENSORED,NONE,False,,0.0,,,0.0,CENSORED,84,True,0.0,,2026-09-23T16:00:00Z,GENERATOR,gs://well-workover-intervention-data/landing/generator/2026/09/23/workover_history.parquet,BATCH-GELEKI-20260923-V1
WO-GK-102-003,GK-102,2023-12-30,2024-01-01,JOB_TUBING_LEAK,TUBING_LEAK,False,RIG-ASSAM-01,4.0,87.9,74.7,-13.2,FAILED,84,False,0.5,DOC-SCAN-GK-102-004,2026-09-23T16:00:00Z,GENERATOR,gs://well-workover-intervention-data/landing/generator/2026/09/23/workover_history.parquet,BATCH-GELEKI-20260923-V1
WO-GK-102-006,GK-102,2024-06-09,2024-06-25,JOB_TUBING_LEAK,TUBING_LEAK,False,RIG-ASSAM-04,18.0,84.1,88.3,4.2,PARTIAL,108,False,0.5,DOC-SCAN-GK-102-007,2026-09-23T16:00:00Z,GENERATOR,gs://well-workover-intervention-data/landing/generator/2026/09/23/workover_history.parquet,BATCH-GELEKI-20260923-V1
WO-GK-102-009,GK-102,2025-01-27,2025-01-30,JOB_TUBING_LEAK,TUBING_LEAK,False,RIG-ASSAM-02,5.0,79.8,107.7,27.9,SUCCESS,202,False,1.0,DOC-SCAN-GK-102-010,2026-09-23T16:00:00Z,GENERATOR,gs://well-workover-intervention-data/landing/generator/2026/09/23/workover_history.parquet,BATCH-GELEKI-20260923-V1
WO-GK-102-012,GK-102,2025-05-25,2025-05-25,JOB_GL_INJ_ANOMALY,GL_INJ_ANOMALY,False,RIG-ASSAM-01,2.0,77.6,104.8,27.2,SUCCESS,110,False,1.0,DOC-SCAN-GK-102-013,2026-09-23T16:00:00Z,GENERATOR,gs://well-workover-intervention-data/landing/generator/2026/09/23/workover_history.parquet,BATCH-GELEKI-20260923-V1
WO-GK-102-014,GK-102,2025-08-15,2025-08-15,JOB_GL_HEADING,GL_HEADING,True,,0.0,76.2,64.8,-11.4,FAILED,82,False,0.5,DOC-SCAN-GK-102-015,2026-09-23T16:00:00Z,GENERATOR,gs://well-workover-intervention-data/landing/generator/2026/09/23/workover_history.parquet,BATCH-GELEKI-20260923-V1
WO-GK-102-016,GK-102,2025-11-11,2025-11-11,JOB_GL_HEADING,GL_HEADING,True,,0.0,74.7,100.8,26.1,SUCCESS,88,False,1.0,DOC-SCAN-GK-102-017,2026-09-23T16:00:00Z,GENERATOR,gs://well-workover-intervention-data/landing/generator/2026/09/23/workover_history.parquet,BATCH-GELEKI-20260923-V1
WO-GK-102-019,GK-102,2026-03-28,2026-04-01,JOB_OTHER,OTHER,False,RIG-ASSAM-01,6.0,72.3,97.6,25.3,SUCCESS,118,False,1.0,DOC-SCAN-GK-102-020,2026-09-23T16:00:00Z,GENERATOR,gs://well-workover-intervention-data/landing/generator/2026/09/23/workover_history.parquet,BATCH-GELEKI-20260923-V1
WO-GK-102-021,GK-102,2026-07-10,2026-07-11,JOB_SURFACE,SURFACE,True,,0.0,70.8,95.6,24.8,SUCCESS,100,False,1.0,DOC-SCAN-GK-102-022,2026-09-23T16:00:00Z,GENERATOR,gs://well-workover-intervention-data/landing/generator/2026/09/23/workover_history.parquet,BATCH-GELEKI-20260923-V1
WO-GK-102-CENS,GK-102,2026-07-11,2026-09-30,NONE_CENSORED,NONE,False,,0.0,,,0.0,CENSORED,81,True,0.0,,2026-09-23T16:00:00Z,GENERATOR,gs://well-workover-intervention-data/landing/generator/2026/09/23/workover_history.parquet,BATCH-GELEKI-20260923-V1
WO-GK-103-003,GK-103,2024-05-08,2024-05-08,JOB_ROD_PART,ROD_PART,False,RIG-ASSAM-04,2.0,45.8,61.8,16.0,SUCCESS,296,False,1.0,DOC-SCAN-GK-103-004,2026-09-23T16:00:00Z,GENERATOR,gs://well-workover-intervention-data/landing/generator/2026/09/23/workover_history.parquet,BATCH-GELEKI-20260923-V1
WO-GK-103-006,GK-103,2025-01-11,2025-01-17,JOB_WAX,WAX,False,RIG-ASSAM-01,8.0,43.4,58.6,15.2,SUCCESS,223,False,1.0,DOC-SCAN-GK-103-007,2026-09-23T16:00:00Z,GENERATOR,gs://well-workover-intervention-data/landing/generator/2026/09/23/workover_history.parquet,BATCH-GELEKI-20260923-V1
WO-GK-103-009,GK-103,2025-11-28,2025-11-29,JOB_OTHER,OTHER,False,RIG-ASSAM-03,3.0,40.8,34.7,-6.1,FAILED,307,False,0.5,DOC-SCAN-GK-103-010,2026-09-23T16:00:00Z,GENERATOR,gs://well-workover-intervention-data/landing/generator/2026/09/23/workover_history.parquet,BATCH-GELEKI-20260923-V1
WO-GK-103-CENS,GK-103,2025-11-29,2026-09-30,NONE_CENSORED,NONE,False,,0.0,,,0.0,CENSORED,305,True,0.0,,2026-09-23T16:00:00Z,GENERATOR,gs://well-workover-intervention-data/landing/generator/2026/09/23/workover_history.parquet,BATCH-GELEKI-20260923-V1
WO-GK-104-003,GK-104,2023-11-14,2023-11-14,JOB_OTHER,OTHER,False,RIG-ASSAM-04,2.0,87.9,118.7,30.8,SUCCESS,121,False,1.0,DOC-SCAN-GK-104-004,2026-09-23T16:00:00Z,GENERATOR,gs://well-workover-intervention-data/landing/generator/2026/09/23/workover_history.parquet,BATCH-GELEKI-20260923-V1
WO-GK-104-005,GK-104,2024-04-29,2024-04-29,JOB_SCALE,SCALE,True,,0.0,83.6,112.9,29.3,SUCCESS,167,False,1.0,DOC-SCAN-GK-104-006,2026-09-23T16:00:00Z,GENERATOR,gs://well-workover-intervention-data/landing/generator/2026/09/23/workover_history.parquet,BATCH-GELEKI-20260923-V1
WO-GK-104-008,GK-104,2025-02-24,2025-04-14,JOB_TUBING_LEAK,TUBING_LEAK,False,RIG-ASSAM-04,51.0,75.7,102.2,26.5,SUCCESS,148,False,1.0,DOC-SCAN-GK-104-009,2026-09-23T16:00:00Z,GENERATOR,gs://well-workover-intervention-data/landing/generator/2026/09/23/workover_history.parquet,BATCH-GELEKI-20260923-V1
WO-GK-104-011,GK-104,2025-11-14,2025-11-21,JOB_ROD_PART,ROD_PART,False,RIG-ASSAM-03,9.0,71.3,96.3,25.0,SUCCESS,187,False,1.0,DOC-SCAN-GK-104-012,2026-09-23T16:00:00Z,GENERATOR,gs://well-workover-intervention-data/landing/generator/2026/09/23/workover_history.parquet,BATCH-GELEKI-20260923-V1
WO-GK-104-014,GK-104,2026-07-07,2026-07-21,JOB_PUMP_WEAR,PUMP_WEAR,False,RIG-ASSAM-04,16.0,67.0,70.4,3.4,PARTIAL,179,False,0.5,DOC-SCAN-GK-104-015,2026-09-23T16:00:00Z,GENERATOR,gs://well-workover-intervention-data/landing/generator/2026/09/23/workover_history.parquet,BATCH-GELEKI-20260923-V1
WO-GK-104-CENS,GK-104,2026-07-21,2026-09-30,NONE_CENSORED,NONE,False,,0.0,,,0.0,CENSORED,71,True,0.0,,2026-09-23T16:00:00Z,GENERATOR,gs://well-workover-intervention-data/landing/generator/2026/09/23/workover_history.parquet,BATCH-GELEKI-20260923-V1
WO-GK-105-003,GK-105,2023-12-06,2023-12-14,JOB_ROD_PART,ROD_PART,False,RIG-ASSAM-01,10.0,43.2,58.3,15.1,SUCCESS,117,False,1.0,DOC-SCAN-GK-105-004,2026-09-23T16:00:00Z,GENERATOR,gs://well-workover-intervention-data/landing/generator/2026/09/23/workover_history.parquet,BATCH-GELEKI-20260923-V1
WO-GK-105-006,GK-105,2024-06-04,2024-06-14,JOB_TUBING_LEAK,TUBING_LEAK,False,RIG-ASSAM-04,12.0,42.0,56.7,14.7,SUCCESS,139,False,1.0,DOC-SCAN-GK-105-007,2026-09-23T16:00:00Z,GENERATOR,gs://well-workover-intervention-data/landing/generator/2026/09/23/workover_history.parquet,BATCH-GELEKI-20260923-V1
WO-GK-105-008,GK-105,2025-01-13,2025-01-13,JOB_WAX,WAX,True,,0.0,40.6,34.5,-6.1,FAILED,213,False,0.5,DOC-SCAN-GK-105-009,2026-09-23T16:00:00Z,GENERATOR,gs://well-workover-intervention-data/landing/generator/2026/09/23/workover_history.parquet,BATCH-GELEKI-20260923-V1
WO-GK-105-011,GK-105,2026-02-10,2026-03-31,JOB_TUBING_LEAK,TUBING_LEAK,False,RIG-ASSAM-02,51.0,37.9,51.2,13.3,SUCCESS,240,False,1.0,DOC-SCAN-GK-105-012,2026-09-23T16:00:00Z,GENERATOR,gs://well-workover-intervention-data/landing/generator/2026/09/23/workover_history.parquet,BATCH-GELEKI-20260923-V1
WO-GK-105-014,GK-105,2026-08-09,2026-08-11,JOB_ROD_PART,ROD_PART,False,RIG-ASSAM-01,4.0,37.2,39.1,1.9,PARTIAL,118,False,0.5,DOC-SCAN-GK-105-015,2026-09-23T16:00:00Z,GENERATOR,gs://well-workover-intervention-data/landing/generator/2026/09/23/workover_history.parquet,BATCH-GELEKI-20260923-V1
WO-GK-105-CENS,GK-105,2026-08-11,2026-09-30,NONE_CENSORED,NONE,False,,0.0,,,0.0,CENSORED,50,True,0.0,,2026-09-23T16:00:00Z,GENERATOR,gs://well-workover-intervention-data/landing/generator/2026/09/23/workover_history.parquet,BATCH-GELEKI-20260923-V1
WO-GK-106-002,GK-106,2023-10-06,2023-10-07,JOB_TUBING_LEAK,TUBING_LEAK,False,RIG-ASSAM-03,3.0,146.6,197.9,51.3,SUCCESS,130,False,1.0,DOC-SCAN-GK-106-003,2026-09-23T16:00:00Z,GENERATOR,gs://well-workover-intervention-data/landing/generator/2026/09/23/workover_history.parquet,BATCH-GELEKI-20260923-V1
WO-GK-106-005,GK-106,2024-01-11,2024-01-11,JOB_TUBING_LEAK,TUBING_LEAK,False,RIG-ASSAM-01,2.0,143.0,193.1,50.1,SUCCESS,91,False,1.0,DOC-SCAN-GK-106-006,2026-09-23T16:00:00Z,GENERATOR,gs://well-workover-intervention-data/landing/generator/2026/09/23/workover_history.parquet,BATCH-GELEKI-20260923-V1
WO-GK-106-008,GK-106,2024-06-09,2024-06-09,JOB_PUMP_WEAR,PUMP_WEAR,False,RIG-ASSAM-01,2.0,137.5,116.9,-20.6,FAILED,145,False,0.5,DOC-SCAN-GK-106-009,2026-09-23T16:00:00Z,GENERATOR,gs://well-workover-intervention-data/landing/generator/2026/09/23/workover_history.parquet,BATCH-GELEKI-20260923-V1
WO-GK-106-011,GK-106,2024-10-19,2024-10-31,JOB_SAND,SAND,False,RIG-ASSAM-01,14.0,132.7,179.1,46.4,SUCCESS,89,False,1.0,DOC-SCAN-GK-106-012,2026-09-23T16:00:00Z,GENERATOR,gs://well-workover-intervention-data/landing/generator/2026/09/23/workover_history.parquet,BATCH-GELEKI-20260923-V1
WO-GK-106-014,GK-106,2025-04-06,2025-04-24,JOB_ROD_PART,ROD_PART,False,RIG-ASSAM-04,20.0,127.2,171.7,44.5,SUCCESS,98,False,1.0,DOC-SCAN-GK-106-015,2026-09-23T16:00:00Z,GENERATOR,gs://well-workover-intervention-data/landing/generator/2026/09/23/workover_history.parquet,BATCH-GELEKI-20260923-V1
WO-GK-106-016,GK-106,2025-10-15,2025-10-15,JOB_WAX,WAX,True,,0.0,122.1,164.8,42.7,SUCCESS,174,False,1.0,DOC-SCAN-GK-106-017,2026-09-23T16:00:00Z,GENERATOR,gs://well-workover-intervention-data/landing/generator/2026/09/23/workover_history.parquet,BATCH-GELEKI-20260923-V1
WO-GK-106-019,GK-106,2026-01-29,2026-02-02,JOB_ROD_PART,ROD_PART,False,RIG-ASSAM-01,6.0,119.1,160.8,41.7,SUCCESS,91,False,1.0,DOC-SCAN-GK-106-020,2026-09-23T16:00:00Z,GENERATOR,gs://well-workover-intervention-data/landing/generator/2026/09/23/workover_history.parquet,BATCH-GELEKI-20260923-V1
WO-GK-106-022,GK-106,2026-06-09,2026-06-17,JOB_WAX,WAX,False,RIG-ASSAM-04,10.0,115.6,156.1,40.5,SUCCESS,98,False,1.0,DOC-SCAN-GK-106-023,2026-09-23T16:00:00Z,GENERATOR,gs://well-workover-intervention-data/landing/generator/2026/09/23/workover_history.parquet,BATCH-GELEKI-20260923-V1
WO-GK-106-024,GK-106,2026-09-11,2026-09-11,JOB_SURFACE,SURFACE,True,,0.0,113.5,153.2,39.7,SUCCESS,86,False,1.0,DOC-SCAN-GK-106-025,2026-09-23T16:00:00Z,GENERATOR,gs://well-workover-intervention-data/landing/generator/2026/09/23/workover_history.parquet,BATCH-GELEKI-20260923-V1
WO-GK-107-002,GK-107,2024-02-24,2024-02-24,JOB_WAX,WAX,True,,0.0,92.6,125.0,32.4,SUCCESS,227,False,1.0,DOC-SCAN-GK-107-003,2026-09-23T16:00:00Z,GENERATOR,gs://well-workover-intervention-data/landing/generator/2026/09/23/workover_history.parquet,BATCH-GELEKI-20260923-V1
WO-GK-107-005,GK-107,2024-09-02,2024-09-26,JOB_TUBING_LEAK,TUBING_LEAK,False,RIG-ASSAM-01,26.0,88.7,119.7,31.0,SUCCESS,112,False,1.0,DOC-SCAN-GK-107-006,2026-09-23T16:00:00Z,GENERATOR,gs://well-workover-intervention-data/landing/generator/2026/09/23/workover_history.parquet,BATCH-GELEKI-20260923-V1
WO-GK-107-007,GK-107,2025-01-03,2025-01-04,JOB_WAX,WAX,True,,0.0,87.0,117.5,30.5,SUCCESS,99,False,1.0,DOC-SCAN-GK-107-008,2026-09-23T16:00:00Z,GENERATOR,gs://well-workover-intervention-data/landing/generator/2026/09/23/workover_history.parquet,BATCH-GELEKI-20260923-V1
WO-GK-107-010,GK-107,2025-08-20,2025-08-26,JOB_TUBING_LEAK,TUBING_LEAK,False,RIG-ASSAM-03,8.0,83.2,112.3,29.1,SUCCESS,206,False,1.0,DOC-SCAN-GK-107-011,2026-09-23T16:00:00Z,GENERATOR,gs://well-workover-intervention-data/landing/generator/2026/09/23/workover_history.parquet,BATCH-GELEKI-20260923-V1
WO-GK-107-013,GK-107,2025-11-15,2025-11-17,JOB_TUBING_LEAK,TUBING_LEAK,False,RIG-ASSAM-02,4.0,81.9,86.0,4.1,PARTIAL,72,False,0.5,DOC-SCAN-GK-107-014,2026-09-23T16:00:00Z,GENERATOR,gs://well-workover-intervention-data/landing/generator/2026/09/23/workover_history.parquet,BATCH-GELEKI-20260923-V1
WO-GK-107-016,GK-107,2026-06-22,2026-06-22,JOB_TUBING_LEAK,TUBING_LEAK,False,RIG-ASSAM-01,2.0,78.7,66.9,-11.8,FAILED,212,False,0.5,DOC-SCAN-GK-107-017,2026-09-23T16:00:00Z,GENERATOR,gs://well-workover-intervention-data/landing/generator/2026/09/23/workover_history.parquet,BATCH-GELEKI-20260923-V1
WO-GK-107-CENS,GK-107,2026-06-22,2026-09-30,NONE_CENSORED,NONE,False,,0.0,,,0.0,CENSORED,100,True,0.0,,2026-09-23T16:00:00Z,GENERATOR,gs://well-workover-intervention-data/landing/generator/2026/09/23/workover_history.parquet,BATCH-GELEKI-20260923-V1
WO-GK-108-003,GK-108,2024-02-21,2024-02-21,JOB_GL_INJ_ANOMALY,GL_INJ_ANOMALY,False,RIG-ASSAM-01,2.0,84.5,71.8,-12.7,FAILED,215,False,0.5,DOC-SCAN-GK-108-004,2026-09-23T16:00:00Z,GENERATOR,gs://well-workover-intervention-data/landing/generator/2026/09/23/workover_history.parquet,BATCH-GELEKI-20260923-V1
WO-GK-108-005,GK-108,2024-08-10,2024-08-11,JOB_WAX,WAX,True,,0.0,81.9,110.6,28.7,SUCCESS,171,False,1.0,DOC-SCAN-GK-108-006,2026-09-23T16:00:00Z,GENERATOR,gs://well-workover-intervention-data/landing/generator/2026/09/23/workover_history.parquet,BATCH-GELEKI-20260923-V1
WO-GK-108-007,GK-108,2025-02-09,2025-02-10,JOB_SURFACE,SURFACE,True,,0.0,79.2,83.2,4.0,PARTIAL,182,False,0.5,DOC-SCAN-GK-108-008,2026-09-23T16:00:00Z,GENERATOR,gs://well-workover-intervention-data/landing/generator/2026/09/23/workover_history.parquet,BATCH-GELEKI-20260923-V1
WO-GK-108-010,GK-108,2025-07-01,2025-07-01,JOB_SAND,SAND,False,RIG-ASSAM-01,2.0,77.3,104.4,27.1,SUCCESS,136,False,1.0,DOC-SCAN-GK-108-011,2026-09-23T16:00:00Z,GENERATOR,gs://well-workover-intervention-data/landing/generator/2026/09/23/workover_history.parquet,BATCH-GELEKI-20260923-V1
WO-GK-108-013,GK-108,2025-10-22,2025-10-22,JOB_GL_LOADING,GL_LOADING,False,RIG-ASSAM-04,2.0,75.8,64.4,-11.4,FAILED,106,False,0.5,DOC-SCAN-GK-108-014,2026-09-23T16:00:00Z,GENERATOR,gs://well-workover-intervention-data/landing/generator/2026/09/23/workover_history.parquet,BATCH-GELEKI-20260923-V1
WO-GK-108-016,GK-108,2026-08-21,2026-08-30,JOB_GL_INJ_ANOMALY,GL_INJ_ANOMALY,False,RIG-ASSAM-01,11.0,72.0,75.6,3.6,PARTIAL,271,False,0.5,DOC-SCAN-GK-108-017,2026-09-23T16:00:00Z,GENERATOR,gs://well-workover-intervention-data/landing/generator/2026/09/23/workover_history.parquet,BATCH-GELEKI-20260923-V1
WO-GK-108-CENS,GK-108,2026-08-30,2026-09-30,NONE_CENSORED,NONE,False,,0.0,,,0.0,CENSORED,31,True,0.0,,2026-09-23T16:00:00Z,GENERATOR,gs://well-workover-intervention-data/landing/generator/2026/09/23/workover_history.parquet,BATCH-GELEKI-20260923-V1
WO-GK-109-001,GK-109,2023-10-01,2023-09-30,JOB_GL_HEADING,GL_HEADING,True,,0.0,63.7,86.0,22.3,SUCCESS,198,False,1.0,DOC-SCAN-GK-109-002,2026-09-23T16:00:00Z,GENERATOR,gs://well-workover-intervention-data/landing/generator/2026/09/23/workover_history.parquet,BATCH-GELEKI-20260923-V1
WO-GK-109-004,GK-109,2024-04-22,2024-04-27,JOB_GL_LOADING,GL_LOADING,False,RIG-ASSAM-01,7.0,60.9,82.2,21.3,SUCCESS,184,False,1.0,DOC-SCAN-GK-109-005,2026-09-23T16:00:00Z,GENERATOR,gs://well-workover-intervention-data/landing/generator/2026/09/23/workover_history.parquet,BATCH-GELEKI-20260923-V1
WO-GK-109-006,GK-109,2024-11-09,2024-11-09,JOB_GL_HEADING,GL_HEADING,True,,0.0,58.4,49.6,-8.8,FAILED,196,False,0.5,DOC-SCAN-GK-109-007,2026-09-23T16:00:00Z,GENERATOR,gs://well-workover-intervention-data/landing/generator/2026/09/23/workover_history.parquet,BATCH-GELEKI-20260923-V1
WO-GK-109-009,GK-109,2025-08-01,2025-08-13,JOB_GL_INJ_ANOMALY,GL_INJ_ANOMALY,False,RIG-ASSAM-02,14.0,55.3,74.7,19.4,SUCCESS,225,False,1.0,DOC-SCAN-GK-109-010,2026-09-23T16:00:00Z,GENERATOR,gs://well-workover-intervention-data/landing/generator/2026/09/23/workover_history.parquet,BATCH-GELEKI-20260923-V1
WO-GK-109-011,GK-109,2026-04-22,2026-04-22,JOB_GL_HEADING,GL_HEADING,True,,0.0,52.7,71.1,18.4,SUCCESS,252,False,1.0,DOC-SCAN-GK-109-012,2026-09-23T16:00:00Z,GENERATOR,gs://well-workover-intervention-data/landing/generator/2026/09/23/workover_history.parquet,BATCH-GELEKI-20260923-V1
WO-GK-109-013,GK-109,2026-08-29,2026-08-29,JOB_GL_HEADING,GL_HEADING,True,,0.0,51.4,69.4,18.0,SUCCESS,129,False,1.0,DOC-SCAN-GK-109-014,2026-09-23T16:00:00Z,GENERATOR,gs://well-workover-intervention-data/landing/generator/2026/09/23/workover_history.parquet,BATCH-GELEKI-20260923-V1
WO-GK-109-CENS,GK-109,2026-08-29,2026-09-30,NONE_CENSORED,NONE,False,,0.0,,,0.0,CENSORED,32,True,0.0,,2026-09-23T16:00:00Z,GENERATOR,gs://well-workover-intervention-data/landing/generator/2026/09/23/workover_history.parquet,BATCH-GELEKI-20260923-V1
WO-GK-110-003,GK-110,2023-12-13,2023-12-16,JOB_SUDDEN_MECH,SUDDEN_MECH,False,RIG-ASSAM-01,5.0,111.4,150.4,39.0,SUCCESS,192,False,1.0,DOC-SCAN-GK-110-004,2026-09-23T16:00:00Z,GENERATOR,gs://well-workover-intervention-data/landing/generator/2026/09/23/workover_history.parquet,BATCH-GELEKI-20260923-V1
WO-GK-110-006,GK-110,2024-05-12,2024-05-14,JOB_PUMP_WEAR,PUMP_WEAR,False,RIG-ASSAM-04,4.0,107.9,145.7,37.8,SUCCESS,135,False,1.0,DOC-SCAN-GK-110-007,2026-09-23T16:00:00Z,GENERATOR,gs://well-workover-intervention-data/landing/generator/2026/09/23/workover_history.parquet,BATCH-GELEKI-20260923-V1
WO-GK-110-009,GK-110,2024-10-11,2024-10-27,JOB_TUBING_LEAK,TUBING_LEAK,False,RIG-ASSAM-03,18.0,104.3,140.8,36.5,SUCCESS,95,False,1.0,DOC-SCAN-GK-110-010,2026-09-23T16:00:00Z,GENERATOR,gs://well-workover-intervention-data/landing/generator/2026/09/23/workover_history.parquet,BATCH-GELEKI-20260923-V1
WO-GK-110-012,GK-110,2025-04-17,2025-04-30,JOB_WAX,WAX,False,RIG-ASSAM-02,15.0,100.5,105.5,5.0,PARTIAL,128,False,0.5,DOC-SCAN-GK-110-013,2026-09-23T16:00:00Z,GENERATOR,gs://well-workover-intervention-data/landing/generator/2026/09/23/workover_history.parquet,BATCH-GELEKI-20260923-V1
WO-GK-110-015,GK-110,2025-10-28,2025-11-06,JOB_SUDDEN_MECH,SUDDEN_MECH,False,RIG-ASSAM-01,11.0,96.9,130.8,33.9,SUCCESS,150,False,1.0,DOC-SCAN-GK-110-016,2026-09-23T16:00:00Z,GENERATOR,gs://well-workover-intervention-data/landing/generator/2026/09/23/workover_history.parquet,BATCH-GELEKI-20260923-V1
WO-GK-110-018,GK-110,2026-03-04,2026-03-04,JOB_OTHER,OTHER,False,RIG-ASSAM-03,2.0,94.8,128.0,33.2,SUCCESS,113,False,1.0,DOC-SCAN-GK-110-019,2026-09-23T16:00:00Z,GENERATOR,gs://well-workover-intervention-data/landing/generator/2026/09/23/workover_history.parquet,BATCH-GELEKI-20260923-V1
WO-GK-111-002,GK-111,2023-12-05,2023-12-05,JOB_SURFACE,SURFACE,True,,0.0,107.1,112.5,5.4,PARTIAL,164,False,0.5,DOC-SCAN-GK-111-003,2026-09-23T16:00:00Z,GENERATOR,gs://well-workover-intervention-data/landing/generator/2026/09/23/workover_history.parquet,BATCH-GELEKI-20260923-V1
WO-GK-111-005,GK-111,2024-03-25,2024-03-25,JOB_OTHER,OTHER,False,RIG-ASSAM-04,2.0,105.0,141.8,36.8,SUCCESS,106,False,1.0,DOC-SCAN-GK-111-006,2026-09-23T16:00:00Z,GENERATOR,gs://well-workover-intervention-data/landing/generator/2026/09/23/workover_history.parquet,BATCH-GELEKI-20260923-V1
WO-GK-111-008,GK-111,2025-02-06,2025-02-08,JOB_ROD_PART,ROD_PART,False,RIG-ASSAM-01,4.0,99.5,134.3,34.8,SUCCESS,308,False,1.0,DOC-SCAN-GK-111-009,2026-09-23T16:00:00Z,GENERATOR,gs://well-workover-intervention-data/landing/generator/2026/09/23/workover_history.parquet,BATCH-GELEKI-20260923-V1
WO-GK-111-010,GK-111,2025-08-08,2025-08-08,JOB_SURFACE,SURFACE,True,,0.0,96.6,130.4,33.8,SUCCESS,181,False,1.0,DOC-SCAN-GK-111-011,2026-09-23T16:00:00Z,GENERATOR,gs://well-workover-intervention-data/landing/generator/2026/09/23/workover_history.parquet,BATCH-GELEKI-20260923-V1
WO-GK-111-013,GK-111,2025-12-14,2025-12-15,JOB_OTHER,OTHER,False,RIG-ASSAM-04,3.0,94.6,99.3,4.7,PARTIAL,119,False,0.5,DOC-SCAN-GK-111-014,2026-09-23T16:00:00Z,GENERATOR,gs://well-workover-intervention-data/landing/generator/2026/09/23/workover_history.parquet,BATCH-GELEKI-20260923-V1
WO-GK-111-016,GK-111,2026-05-06,2026-05-14,JOB_ROD_PART,ROD_PART,False,RIG-ASSAM-02,10.0,92.4,124.7,32.3,SUCCESS,111,False,1.0,DOC-SCAN-GK-111-017,2026-09-23T16:00:00Z,GENERATOR,gs://well-workover-intervention-data/landing/generator/2026/09/23/workover_history.parquet,BATCH-GELEKI-20260923-V1
WO-GK-111-CENS,GK-111,2026-05-14,2026-09-30,NONE_CENSORED,NONE,False,,0.0,,,0.0,CENSORED,139,True,0.0,,2026-09-23T16:00:00Z,GENERATOR,gs://well-workover-intervention-data/landing/generator/2026/09/23/workover_history.parquet,BATCH-GELEKI-20260923-V1
WO-GK-112-002,GK-112,2023-12-29,2023-12-29,JOB_SURFACE,SURFACE,True,,0.0,56.9,76.8,19.9,SUCCESS,170,False,1.0,DOC-SCAN-GK-112-003,2026-09-23T16:00:00Z,GENERATOR,gs://well-workover-intervention-data/landing/generator/2026/09/23/workover_history.parquet,BATCH-GELEKI-20260923-V1
WO-GK-112-005,GK-112,2024-10-24,2024-10-26,JOB_TUBING_LEAK,TUBING_LEAK,False,RIG-ASSAM-04,4.0,53.6,72.4,18.8,SUCCESS,287,False,1.0,DOC-SCAN-GK-112-006,2026-09-23T16:00:00Z,GENERATOR,gs://well-workover-intervention-data/landing/generator/2026/09/23/workover_history.parquet,BATCH-GELEKI-20260923-V1
WO-GK-112-008,GK-112,2025-12-04,2025-12-06,JOB_SAND,SAND,False,RIG-ASSAM-02,4.0,49.6,52.1,2.5,PARTIAL,394,False,0.5,DOC-SCAN-GK-112-009,2026-09-23T16:00:00Z,GENERATOR,gs://well-workover-intervention-data/landing/generator/2026/09/23/workover_history.parquet,BATCH-GELEKI-20260923-V1
WO-GK-112-CENS,GK-112,2026-06-17,2026-09-30,NONE_CENSORED,NONE,False,,0.0,,,0.0,CENSORED,105,True,0.0,,2026-09-23T16:00:00Z,GENERATOR,gs://well-workover-intervention-data/landing/generator/2026/09/23/workover_history.parquet,BATCH-GELEKI-20260923-V1
WO-GK-113-001,GK-113,2023-10-01,2023-09-30,JOB_SURFACE,SURFACE,True,,0.0,57.9,78.2,20.3,SUCCESS,119,False,1.0,DOC-SCAN-GK-113-002,2026-09-23T16:00:00Z,GENERATOR,gs://well-workover-intervention-data/landing/generator/2026/09/23/workover_history.parquet,BATCH-GELEKI-20260923-V1
WO-GK-113-003,GK-113,2024-06-14,2024-06-14,JOB_SURFACE,SURFACE,True,,0.0,53.3,72.0,18.7,SUCCESS,258,False,1.0,DOC-SCAN-GK-113-004,2026-09-23T16:00:00Z,GENERATOR,gs://well-workover-intervention-data/landing/generator/2026/09/23/workover_history.parquet,BATCH-GELEKI-20260923-V1
WO-GK-113-005,GK-113,2024-11-03,2024-11-04,JOB_SURFACE,SURFACE,True,,0.0,51.0,53.6,2.6,PARTIAL,142,False,0.5,DOC-SCAN-GK-113-006,2026-09-23T16:00:00Z,GENERATOR,gs://well-workover-intervention-data/landing/generator/2026/09/23/workover_history.parquet,BATCH-GELEKI-20260923-V1
WO-GK-113-008,GK-113,2025-08-04,2025-08-12,JOB_ROD_PART,ROD_PART,False,RIG-ASSAM-03,10.0,46.9,63.3,16.4,SUCCESS,245,False,1.0,DOC-SCAN-GK-113-009,2026-09-23T16:00:00Z,GENERATOR,gs://well-workover-intervention-data/landing/generator/2026/09/23/workover_history.parquet,BATCH-GELEKI-20260923-V1
WO-GK-113-011,GK-113,2026-07-10,2026-07-28,JOB_SAND,SAND,False,RIG-ASSAM-04,20.0,42.5,36.1,-6.4,FAILED,272,False,0.5,DOC-SCAN-GK-113-012,2026-09-23T16:00:00Z,GENERATOR,gs://well-workover-intervention-data/landing/generator/2026/09/23/workover_history.parquet,BATCH-GELEKI-20260923-V1
WO-GK-113-CENS,GK-113,2026-07-28,2026-09-30,NONE_CENSORED,NONE,False,,0.0,,,0.0,CENSORED,64,True,0.0,,2026-09-23T16:00:00Z,GENERATOR,gs://well-workover-intervention-data/landing/generator/2026/09/23/workover_history.parquet,BATCH-GELEKI-20260923-V1
WO-GK-114-002,GK-114,2023-10-01,2023-10-08,JOB_OTHER,OTHER,False,RIG-ASSAM-03,9.0,150.3,202.9,52.6,SUCCESS,92,False,1.0,DOC-SCAN-GK-114-003,2026-09-23T16:00:00Z,GENERATOR,gs://well-workover-intervention-data/landing/generator/2026/09/23/workover_history.parquet,BATCH-GELEKI-20260923-V1
WO-GK-114-005,GK-114,2024-01-30,2024-01-30,JOB_ROD_PART,ROD_PART,False,RIG-ASSAM-02,2.0,147.2,198.7,51.5,SUCCESS,109,False,1.0,DOC-SCAN-GK-114-006,2026-09-23T16:00:00Z,GENERATOR,gs://well-workover-intervention-data/landing/generator/2026/09/23/workover_history.parquet,BATCH-GELEKI-20260923-V1
WO-GK-114-007,GK-114,2024-08-04,2024-08-04,JOB_SURFACE,SURFACE,True,,0.0,142.4,192.2,49.8,SUCCESS,187,False,1.0,DOC-SCAN-GK-114-008,2026-09-23T16:00:00Z,GENERATOR,gs://well-workover-intervention-data/landing/generator/2026/09/23/workover_history.parquet,BATCH-GELEKI-20260923-V1
WO-GK-114-010,GK-114,2025-01-05,2025-01-05,JOB_TUBING_LEAK,TUBING_LEAK,False,RIG-ASSAM-03,2.0,138.7,145.6,6.9,PARTIAL,148,False,0.5,DOC-SCAN-GK-114-011,2026-09-23T16:00:00Z,GENERATOR,gs://well-workover-intervention-data/landing/generator/2026/09/23/workover_history.parquet,BATCH-GELEKI-20260923-V1
WO-GK-114-013,GK-114,2025-06-04,2025-06-07,JOB_PUMP_WEAR,PUMP_WEAR,False,RIG-ASSAM-01,5.0,135.1,182.4,47.3,SUCCESS,136,False,1.0,DOC-SCAN-GK-114-014,2026-09-23T16:00:00Z,GENERATOR,gs://well-workover-intervention-data/landing/generator/2026/09/23/workover_history.parquet,BATCH-GELEKI-20260923-V1
WO-GK-114-016,GK-114,2025-11-27,2025-12-02,JOB_OTHER,OTHER,False,RIG-ASSAM-04,7.0,131.2,137.8,6.6,PARTIAL,153,False,0.5,DOC-SCAN-GK-114-017,2026-09-23T16:00:00Z,GENERATOR,gs://well-workover-intervention-data/landing/generator/2026/09/23/workover_history.parquet,BATCH-GELEKI-20260923-V1
WO-GK-114-019,GK-114,2026-06-10,2026-06-11,JOB_TUBING_LEAK,TUBING_LEAK,False,RIG-ASSAM-03,3.0,127.3,171.9,44.6,SUCCESS,181,False,1.0,DOC-SCAN-GK-114-020,2026-09-23T16:00:00Z,GENERATOR,gs://well-workover-intervention-data/landing/generator/2026/09/23/workover_history.parquet,BATCH-GELEKI-20260923-V1
WO-GK-114-CENS,GK-114,2026-06-11,2026-09-30,NONE_CENSORED,NONE,False,,0.0,,,0.0,CENSORED,111,True,0.0,,2026-09-23T16:00:00Z,GENERATOR,gs://well-workover-intervention-data/landing/generator/2026/09/23/workover_history.parquet,BATCH-GELEKI-20260923-V1
WO-GK-115-002,GK-115,2024-01-09,2024-01-09,JOB_SURFACE,SURFACE,True,,0.0,160.6,136.5,-24.1,FAILED,154,False,0.5,DOC-SCAN-GK-115-003,2026-09-23T16:00:00Z,GENERATOR,gs://well-workover-intervention-data/landing/generator/2026/09/23/workover_history.parquet,BATCH-GELEKI-20260923-V1
WO-GK-115-005,GK-115,2024-05-09,2024-05-15,JOB_TUBING_LEAK,TUBING_LEAK,False,RIG-ASSAM-04,8.0,155.9,210.5,54.6,SUCCESS,98,False,1.0,DOC-SCAN-GK-115-006,2026-09-23T16:00:00Z,GENERATOR,gs://well-workover-intervention-data/landing/generator/2026/09/23/workover_history.parquet,BATCH-GELEKI-20260923-V1
WO-GK-115-007,GK-115,2024-07-18,2024-07-19,JOB_SURFACE,SURFACE,True,,0.0,153.6,130.6,-23.0,FAILED,64,False,0.5,DOC-SCAN-GK-115-008,2026-09-23T16:00:00Z,GENERATOR,gs://well-workover-intervention-data/landing/generator/2026/09/23/workover_history.parquet,BATCH-GELEKI-20260923-V1
WO-GK-115-010,GK-115,2025-01-13,2025-01-13,JOB_SUDDEN_MECH,SUDDEN_MECH,False,RIG-ASSAM-02,2.0,147.4,199.0,51.6,SUCCESS,173,False,1.0,DOC-SCAN-GK-115-011,2026-09-23T16:00:00Z,GENERATOR,gs://well-workover-intervention-data/landing/generator/2026/09/23/workover_history.parquet,BATCH-GELEKI-20260923-V1
WO-GK-115-013,GK-115,2025-06-06,2025-06-06,JOB_TUBING_LEAK,TUBING_LEAK,False,RIG-ASSAM-01,2.0,142.7,192.6,49.9,SUCCESS,139,False,1.0,DOC-SCAN-GK-115-014,2026-09-23T16:00:00Z,GENERATOR,gs://well-workover-intervention-data/landing/generator/2026/09/23/workover_history.parquet,BATCH-GELEKI-20260923-V1
WO-GK-115-016,GK-115,2025-10-20,2025-10-21,JOB_TUBING_LEAK,TUBING_LEAK,False,RIG-ASSAM-01,3.0,138.5,187.0,48.5,SUCCESS,127,False,1.0,DOC-SCAN-GK-115-017,2026-09-23T16:00:00Z,GENERATOR,gs://well-workover-intervention-data/landing/generator/2026/09/23/workover_history.parquet,BATCH-GELEKI-20260923-V1
WO-GK-115-019,GK-115,2026-03-17,2026-03-17,JOB_WAX,WAX,False,RIG-ASSAM-01,2.0,134.1,140.8,6.7,PARTIAL,142,False,0.5,DOC-SCAN-GK-115-020,2026-09-23T16:00:00Z,GENERATOR,gs://well-workover-intervention-data/landing/generator/2026/09/23/workover_history.parquet,BATCH-GELEKI-20260923-V1
WO-GK-115-022,GK-115,2026-07-29,2026-08-12,JOB_SUDDEN_MECH,SUDDEN_MECH,False,RIG-ASSAM-04,16.0,130.0,175.5,45.5,SUCCESS,88,False,1.0,DOC-SCAN-GK-115-023,2026-09-23T16:00:00Z,GENERATOR,gs://well-workover-intervention-data/landing/generator/2026/09/23/workover_history.parquet,BATCH-GELEKI-20260923-V1
WO-GK-115-CENS,GK-115,2026-08-12,2026-09-30,NONE_CENSORED,NONE,False,,0.0,,,0.0,CENSORED,49,True,0.0,,2026-09-23T16:00:00Z,GENERATOR,gs://well-workover-intervention-data/landing/generator/2026/09/23/workover_history.parquet,BATCH-GELEKI-20260923-V1
WO-GK-116-003,GK-116,2024-02-23,2024-02-27,JOB_ROD_PART,ROD_PART,False,RIG-ASSAM-04,6.0,95.8,129.3,33.5,SUCCESS,153,False,1.0,DOC-SCAN-GK-116-004,2026-09-23T16:00:00Z,GENERATOR,gs://well-workover-intervention-data/landing/generator/2026/09/23/workover_history.parquet,BATCH-GELEKI-20260923-V1
WO-GK-116-005,GK-116,2024-08-08,2024-08-08,JOB_SCALE,SCALE,True,,0.0,92.3,124.6,32.3,SUCCESS,163,False,1.0,DOC-SCAN-GK-116-006,2026-09-23T16:00:00Z,GENERATOR,gs://well-workover-intervention-data/landing/generator/2026/09/23/workover_history.parquet,BATCH-GELEKI-20260923-V1
WO-GK-116-008,GK-116,2025-01-11,2025-01-19,JOB_TUBING_LEAK,TUBING_LEAK,False,RIG-ASSAM-02,10.0,89.0,93.5,4.5,PARTIAL,129,False,0.5,DOC-SCAN-GK-116-009,2026-09-23T16:00:00Z,GENERATOR,gs://well-workover-intervention-data/landing/generator/2026/09/23/workover_history.parquet,BATCH-GELEKI-20260923-V1
WO-GK-116-011,GK-116,2025-11-23,2026-01-11,JOB_PUMP_WEAR,PUMP_WEAR,False,RIG-ASSAM-02,51.0,82.7,111.6,28.9,SUCCESS,155,False,1.0,DOC-SCAN-GK-116-012,2026-09-23T16:00:00Z,GENERATOR,gs://well-workover-intervention-data/landing/generator/2026/09/23/workover_history.parquet,BATCH-GELEKI-20260923-V1
WO-GK-116-014,GK-116,2026-07-16,2026-07-16,JOB_TUBING_LEAK,TUBING_LEAK,False,RIG-ASSAM-01,2.0,79.7,107.6,27.9,SUCCESS,181,False,1.0,DOC-SCAN-GK-116-015,2026-09-23T16:00:00Z,GENERATOR,gs://well-workover-intervention-data/landing/generator/2026/09/23/workover_history.parquet,BATCH-GELEKI-20260923-V1
WO-GK-116-CENS,GK-116,2026-07-16,2026-09-30,NONE_CENSORED,NONE,False,,0.0,,,0.0,CENSORED,76,True,0.0,,2026-09-23T16:00:00Z,GENERATOR,gs://well-workover-intervention-data/landing/generator/2026/09/23/workover_history.parquet,BATCH-GELEKI-20260923-V1
WO-GK-117-003,GK-117,2024-03-29,2024-04-05,JOB_WAX,WAX,False,RIG-ASSAM-01,9.0,78.0,105.3,27.3,SUCCESS,198,False,1.0,DOC-SCAN-GK-117-004,2026-09-23T16:00:00Z,GENERATOR,gs://well-workover-intervention-data/landing/generator/2026/09/23/workover_history.parquet,BATCH-GELEKI-20260923-V1
WO-GK-117-006,GK-117,2024-10-01,2024-10-01,JOB_SUDDEN_MECH,SUDDEN_MECH,False,RIG-ASSAM-03,2.0,74.8,101.0,26.2,SUCCESS,174,False,1.0,DOC-SCAN-GK-117-007,2026-09-23T16:00:00Z,GENERATOR,gs://well-workover-intervention-data/landing/generator/2026/09/23/workover_history.parquet,BATCH-GELEKI-20260923-V1
WO-GK-117-009,GK-117,2024-12-20,2024-12-24,JOB_ROD_PART,ROD_PART,False,RIG-ASSAM-02,6.0,73.3,99.0,25.7,SUCCESS,61,False,1.0,DOC-SCAN-GK-117-010,2026-09-23T16:00:00Z,GENERATOR,gs://well-workover-intervention-data/landing/generator/2026/09/23/workover_history.parquet,BATCH-GELEKI-20260923-V1
WO-GK-117-012,GK-117,2025-06-20,2025-06-28,JOB_TUBING_LEAK,TUBING_LEAK,False,RIG-ASSAM-04,10.0,70.3,73.8,3.5,PARTIAL,148,False,0.5,DOC-SCAN-GK-117-013,2026-09-23T16:00:00Z,GENERATOR,gs://well-workover-intervention-data/landing/generator/2026/09/23/workover_history.parquet,BATCH-GELEKI-20260923-V1
WO-GK-117-015,GK-117,2026-01-15,2026-01-19,JOB_ROD_PART,ROD_PART,False,RIG-ASSAM-02,6.0,67.2,90.7,23.5,SUCCESS,183,False,1.0,DOC-SCAN-GK-117-016,2026-09-23T16:00:00Z,GENERATOR,gs://well-workover-intervention-data/landing/generator/2026/09/23/workover_history.parquet,BATCH-GELEKI-20260923-V1
WO-GK-117-017,GK-117,2026-04-22,2026-04-23,JOB_WAX,WAX,True,,0.0,65.9,56.0,-9.9,FAILED,93,False,0.5,DOC-SCAN-GK-117-018,2026-09-23T16:00:00Z,GENERATOR,gs://well-workover-intervention-data/landing/generator/2026/09/23/workover_history.parquet,BATCH-GELEKI-20260923-V1
WO-GK-117-CENS,GK-117,2026-04-23,2026-09-30,NONE_CENSORED,NONE,False,,0.0,,,0.0,CENSORED,160,True,0.0,,2026-09-23T16:00:00Z,GENERATOR,gs://well-workover-intervention-data/landing/generator/2026/09/23/workover_history.parquet,BATCH-GELEKI-20260923-V1
WO-GK-118-002,GK-118,2023-10-14,2023-10-28,JOB_ROD_PART,ROD_PART,False,RIG-ASSAM-02,16.0,94.3,127.3,33.0,SUCCESS,220,False,1.0,DOC-SCAN-GK-118-003,2026-09-23T16:00:00Z,GENERATOR,gs://well-workover-intervention-data/landing/generator/2026/09/23/workover_history.parquet,BATCH-GELEKI-20260923-V1
WO-GK-118-005,GK-118,2024-04-27,2024-04-28,JOB_WAX,WAX,False,RIG-ASSAM-02,3.0,89.9,121.4,31.5,SUCCESS,175,False,1.0,DOC-SCAN-GK-118-006,2026-09-23T16:00:00Z,GENERATOR,gs://well-workover-intervention-data/landing/generator/2026/09/23/workover_history.parquet,BATCH-GELEKI-20260923-V1
WO-GK-118-007,GK-118,2024-12-09,2024-12-09,JOB_SURFACE,SURFACE,True,,0.0,84.9,114.6,29.7,SUCCESS,225,False,1.0,DOC-SCAN-GK-118-008,2026-09-23T16:00:00Z,GENERATOR,gs://well-workover-intervention-data/landing/generator/2026/09/23/workover_history.parquet,BATCH-GELEKI-20260923-V1
WO-GK-118-009,GK-118,2025-06-29,2025-06-30,JOB_SURFACE,SURFACE,True,,0.0,80.8,109.1,28.3,SUCCESS,202,False,1.0,DOC-SCAN-GK-118-010,2026-09-23T16:00:00Z,GENERATOR,gs://well-workover-intervention-data/landing/generator/2026/09/23/workover_history.parquet,BATCH-GELEKI-20260923-V1
WO-GK-118-011,GK-118,2025-11-09,2025-11-09,JOB_SCALE,SCALE,True,,0.0,78.3,82.2,3.9,PARTIAL,132,False,0.5,DOC-SCAN-GK-118-012,2026-09-23T16:00:00Z,GENERATOR,gs://well-workover-intervention-data/landing/generator/2026/09/23/workover_history.parquet,BATCH-GELEKI-20260923-V1
WO-GK-118-013,GK-118,2026-06-06,2026-06-06,JOB_SURFACE,SURFACE,True,,0.0,74.7,78.4,3.7,PARTIAL,209,False,0.5,DOC-SCAN-GK-118-014,2026-09-23T16:00:00Z,GENERATOR,gs://well-workover-intervention-data/landing/generator/2026/09/23/workover_history.parquet,BATCH-GELEKI-20260923-V1
WO-GK-118-CENS,GK-118,2026-06-06,2026-09-30,NONE_CENSORED,NONE,False,,0.0,,,0.0,CENSORED,116,True,0.0,,2026-09-23T16:00:00Z,GENERATOR,gs://well-workover-intervention-data/landing/generator/2026/09/23/workover_history.parquet,BATCH-GELEKI-20260923-V1
WO-GK-119-003,GK-119,2023-12-16,2023-12-21,JOB_SAND,SAND,False,RIG-ASSAM-03,7.0,106.3,143.5,37.2,SUCCESS,64,False,1.0,DOC-SCAN-GK-119-004,2026-09-23T16:00:00Z,GENERATOR,gs://well-workover-intervention-data/landing/generator/2026/09/23/workover_history.parquet,BATCH-GELEKI-20260923-V1
WO-GK-119-006,GK-119,2024-04-06,2024-04-07,JOB_SAND,SAND,False,RIG-ASSAM-02,3.0,103.9,140.3,36.4,SUCCESS,98,False,1.0,DOC-SCAN-GK-119-007,2026-09-23T16:00:00Z,GENERATOR,gs://well-workover-intervention-data/landing/generator/2026/09/23/workover_history.parquet,BATCH-GELEKI-20260923-V1
WO-GK-119-009,GK-119,2024-09-17,2024-09-22,JOB_WAX,WAX,False,RIG-ASSAM-04,7.0,100.4,105.4,5.0,PARTIAL,144,False,0.5,DOC-SCAN-GK-119-010,2026-09-23T16:00:00Z,GENERATOR,gs://well-workover-intervention-data/landing/generator/2026/09/23/workover_history.parquet,BATCH-GELEKI-20260923-V1
WO-GK-119-011,GK-119,2025-03-14,2025-03-15,JOB_SURFACE,SURFACE,True,,0.0,97.0,131.0,34.0,SUCCESS,173,False,1.0,DOC-SCAN-GK-119-012,2026-09-23T16:00:00Z,GENERATOR,gs://well-workover-intervention-data/landing/generator/2026/09/23/workover_history.parquet,BATCH-GELEKI-20260923-V1
WO-GK-119-014,GK-119,2025-06-28,2025-06-29,JOB_WAX,WAX,False,RIG-ASSAM-03,3.0,95.0,128.2,33.2,SUCCESS,97,False,1.0,DOC-SCAN-GK-119-015,2026-09-23T16:00:00Z,GENERATOR,gs://well-workover-intervention-data/landing/generator/2026/09/23/workover_history.parquet,BATCH-GELEKI-20260923-V1
WO-GK-119-017,GK-119,2026-01-01,2026-01-19,JOB_WAX,WAX,False,RIG-ASSAM-01,20.0,91.4,123.4,32.0,SUCCESS,126,False,1.0,DOC-SCAN-GK-119-018,2026-09-23T16:00:00Z,GENERATOR,gs://well-workover-intervention-data/landing/generator/2026/09/23/workover_history.parquet,BATCH-GELEKI-20260923-V1
WO-GK-119-020,GK-119,2026-07-12,2026-07-13,JOB_SAND,SAND,False,RIG-ASSAM-01,3.0,88.5,92.9,4.4,PARTIAL,167,False,0.5,DOC-SCAN-GK-119-021,2026-09-23T16:00:00Z,GENERATOR,gs://well-workover-intervention-data/landing/generator/2026/09/23/workover_history.parquet,BATCH-GELEKI-20260923-V1
WO-GK-119-022,GK-119,2026-09-08,2026-09-08,JOB_SURFACE,SURFACE,True,,0.0,87.6,118.3,30.7,SUCCESS,57,False,1.0,DOC-SCAN-GK-119-023,2026-09-23T16:00:00Z,GENERATOR,gs://well-workover-intervention-data/landing/generator/2026/09/23/workover_history.parquet,BATCH-GELEKI-20260923-V1
WO-GK-119-CENS,GK-119,2026-09-08,2026-09-30,NONE_CENSORED,NONE,False,,0.0,,,0.0,CENSORED,22,True,0.0,,2026-09-23T16:00:00Z,GENERATOR,gs://well-workover-intervention-data/landing/generator/2026/09/23/workover_history.parquet,BATCH-GELEKI-20260923-V1
WO-GK-120-003,GK-120,2024-05-01,2024-06-10,JOB_ROD_PART,ROD_PART,False,RIG-ASSAM-01,42.0,148.8,200.9,52.1,SUCCESS,174,False,1.0,DOC-SCAN-GK-120-004,2026-09-23T16:00:00Z,GENERATOR,gs://well-workover-intervention-data/landing/generator/2026/09/23/workover_history.parquet,BATCH-GELEKI-20260923-V1
WO-GK-120-006,GK-120,2024-10-12,2024-10-13,JOB_TUBING_LEAK,TUBING_LEAK,False,RIG-ASSAM-04,3.0,145.9,197.0,51.1,SUCCESS,115,False,1.0,DOC-SCAN-GK-120-007,2026-09-23T16:00:00Z,GENERATOR,gs://well-workover-intervention-data/landing/generator/2026/09/23/workover_history.parquet,BATCH-GELEKI-20260923-V1
WO-GK-120-009,GK-120,2025-01-20,2025-01-28,JOB_TUBING_LEAK,TUBING_LEAK,False,RIG-ASSAM-04,10.0,143.5,193.7,50.2,SUCCESS,70,False,1.0,DOC-SCAN-GK-120-010,2026-09-23T16:00:00Z,GENERATOR,gs://well-workover-intervention-data/landing/generator/2026/09/23/workover_history.parquet,BATCH-GELEKI-20260923-V1
WO-GK-120-012,GK-120,2025-08-15,2025-08-21,JOB_ROD_PART,ROD_PART,False,RIG-ASSAM-02,8.0,139.0,146.0,7.0,PARTIAL,174,False,0.5,DOC-SCAN-GK-120-013,2026-09-23T16:00:00Z,GENERATOR,gs://well-workover-intervention-data/landing/generator/2026/09/23/workover_history.parquet,BATCH-GELEKI-20260923-V1
WO-GK-120-015,GK-120,2026-02-15,2026-03-06,JOB_ROD_PART,ROD_PART,False,RIG-ASSAM-01,21.0,135.0,182.2,47.2,SUCCESS,117,False,1.0,DOC-SCAN-GK-120-016,2026-09-23T16:00:00Z,GENERATOR,gs://well-workover-intervention-data/landing/generator/2026/09/23/workover_history.parquet,BATCH-GELEKI-20260923-V1
WO-GK-120-018,GK-120,2026-05-22,2026-05-24,JOB_SUDDEN_MECH,SUDDEN_MECH,False,RIG-ASSAM-02,4.0,133.4,180.1,46.7,SUCCESS,67,False,1.0,DOC-SCAN-GK-120-019,2026-09-23T16:00:00Z,GENERATOR,gs://well-workover-intervention-data/landing/generator/2026/09/23/workover_history.parquet,BATCH-GELEKI-20260923-V1
WO-GK-120-CENS,GK-120,2026-05-24,2026-09-30,NONE_CENSORED,NONE,False,,0.0,,,0.0,CENSORED,129,True,0.0,,2026-09-23T16:00:00Z,GENERATOR,gs://well-workover-intervention-data/landing/generator/2026/09/23/workover_history.parquet,BATCH-GELEKI-20260923-V1
WO-GK-121-002,GK-121,2024-02-02,2024-02-02,JOB_SURFACE,SURFACE,True,,0.0,91.9,78.1,-13.8,FAILED,189,False,0.5,DOC-SCAN-GK-121-003,2026-09-23T16:00:00Z,GENERATOR,gs://well-workover-intervention-data/landing/generator/2026/09/23/workover_history.parquet,BATCH-GELEKI-20260923-V1
WO-GK-121-005,GK-121,2024-10-16,2024-11-01,JOB_SAND,SAND,False,RIG-ASSAM-04,18.0,84.6,114.2,29.6,SUCCESS,204,False,1.0,DOC-SCAN-GK-121-006,2026-09-23T16:00:00Z,GENERATOR,gs://well-workover-intervention-data/landing/generator/2026/09/23/workover_history.parquet,BATCH-GELEKI-20260923-V1
WO-GK-121-008,GK-121,2025-06-03,2025-06-08,JOB_TUBING_LEAK,TUBING_LEAK,False,RIG-ASSAM-03,7.0,79.4,107.2,27.8,SUCCESS,195,False,1.0,DOC-SCAN-GK-121-009,2026-09-23T16:00:00Z,GENERATOR,gs://well-workover-intervention-data/landing/generator/2026/09/23/workover_history.parquet,BATCH-GELEKI-20260923-V1
WO-GK-121-010,GK-121,2025-12-20,2025-12-20,JOB_SURFACE,SURFACE,True,,0.0,75.2,101.5,26.3,SUCCESS,195,False,1.0,DOC-SCAN-GK-121-011,2026-09-23T16:00:00Z,GENERATOR,gs://well-workover-intervention-data/landing/generator/2026/09/23/workover_history.parquet,BATCH-GELEKI-20260923-V1
WO-GK-122-003,GK-122,2023-12-05,2023-12-07,JOB_TUBING_LEAK,TUBING_LEAK,False,RIG-ASSAM-02,4.0,102.3,138.1,35.8,SUCCESS,68,False,1.0,DOC-SCAN-GK-122-004,2026-09-23T16:00:00Z,GENERATOR,gs://well-workover-intervention-data/landing/generator/2026/09/23/workover_history.parquet,BATCH-GELEKI-20260923-V1
WO-GK-122-005,GK-122,2024-03-11,2024-03-12,JOB_WAX,WAX,True,,0.0,99.1,104.1,5.0,PARTIAL,95,False,0.5,DOC-SCAN-GK-122-006,2026-09-23T16:00:00Z,GENERATOR,gs://well-workover-intervention-data/landing/generator/2026/09/23/workover_history.parquet,BATCH-GELEKI-20260923-V1
WO-GK-122-008,GK-122,2024-06-17,2024-06-18,JOB_TUBING_LEAK,TUBING_LEAK,False,RIG-ASSAM-02,3.0,95.9,129.5,33.6,SUCCESS,90,False,1.0,DOC-SCAN-GK-122-009,2026-09-23T16:00:00Z,GENERATOR,gs://well-workover-intervention-data/landing/generator/2026/09/23/workover_history.parquet,BATCH-GELEKI-20260923-V1
WO-GK-122-011,GK-122,2024-09-24,2024-09-26,JOB_ROD_PART,ROD_PART,False,RIG-ASSAM-01,4.0,92.9,125.4,32.5,SUCCESS,85,False,1.0,DOC-SCAN-GK-122-012,2026-09-23T16:00:00Z,GENERATOR,gs://well-workover-intervention-data/landing/generator/2026/09/23/workover_history.parquet,BATCH-GELEKI-20260923-V1
WO-GK-122-014,GK-122,2025-03-23,2025-03-26,JOB_PUMP_WEAR,PUMP_WEAR,False,RIG-ASSAM-01,5.0,87.9,118.7,30.8,SUCCESS,165,False,1.0,DOC-SCAN-GK-122-015,2026-09-23T16:00:00Z,GENERATOR,gs://well-workover-intervention-data/landing/generator/2026/09/23/workover_history.parquet,BATCH-GELEKI-20260923-V1
WO-GK-122-017,GK-122,2025-09-08,2025-09-08,JOB_TUBING_LEAK,TUBING_LEAK,False,RIG-ASSAM-03,2.0,83.8,113.1,29.3,SUCCESS,160,False,1.0,DOC-SCAN-GK-122-018,2026-09-23T16:00:00Z,GENERATOR,gs://well-workover-intervention-data/landing/generator/2026/09/23/workover_history.parquet,BATCH-GELEKI-20260923-V1
WO-GK-122-020,GK-122,2026-05-24,2026-06-27,JOB_TUBING_LEAK,TUBING_LEAK,False,RIG-ASSAM-02,36.0,77.3,104.4,27.1,SUCCESS,150,False,1.0,DOC-SCAN-GK-122-021,2026-09-23T16:00:00Z,GENERATOR,gs://well-workover-intervention-data/landing/generator/2026/09/23/workover_history.parquet,BATCH-GELEKI-20260923-V1
WO-GK-122-CENS,GK-122,2026-06-27,2026-09-30,NONE_CENSORED,NONE,False,,0.0,,,0.0,CENSORED,95,True,0.0,,2026-09-23T16:00:00Z,GENERATOR,gs://well-workover-intervention-data/landing/generator/2026/09/23/workover_history.parquet,BATCH-GELEKI-20260923-V1
WO-GK-123-003,GK-123,2024-06-09,2024-06-27,JOB_TUBING_LEAK,TUBING_LEAK,False,RIG-ASSAM-01,20.0,89.0,120.2,31.2,SUCCESS,209,False,1.0,DOC-SCAN-GK-123-004,2026-09-23T16:00:00Z,GENERATOR,gs://well-workover-intervention-data/landing/generator/2026/09/23/workover_history.parquet,BATCH-GELEKI-20260923-V1
WO-GK-123-006,GK-123,2024-11-05,2024-11-19,JOB_ROD_PART,ROD_PART,False,RIG-ASSAM-03,16.0,84.9,114.6,29.7,SUCCESS,86,False,1.0,DOC-SCAN-GK-123-007,2026-09-23T16:00:00Z,GENERATOR,gs://well-workover-intervention-data/landing/generator/2026/09/23/workover_history.parquet,BATCH-GELEKI-20260923-V1
WO-GK-123-009,GK-123,2025-04-26,2025-05-05,JOB_PUMP_WEAR,PUMP_WEAR,False,RIG-ASSAM-02,11.0,80.6,108.8,28.2,SUCCESS,125,False,1.0,DOC-SCAN-GK-123-010,2026-09-23T16:00:00Z,GENERATOR,gs://well-workover-intervention-data/landing/generator/2026/09/23/workover_history.parquet,BATCH-GELEKI-20260923-V1
WO-GK-123-011,GK-123,2025-06-22,2025-06-23,JOB_WAX,WAX,True,,0.0,79.4,107.2,27.8,SUCCESS,48,False,1.0,DOC-SCAN-GK-123-012,2026-09-23T16:00:00Z,GENERATOR,gs://well-workover-intervention-data/landing/generator/2026/09/23/workover_history.parquet,BATCH-GELEKI-20260923-V1
WO-GK-123-014,GK-123,2026-03-05,2026-03-06,JOB_ROD_PART,ROD_PART,False,RIG-ASSAM-03,3.0,73.7,99.5,25.8,SUCCESS,247,False,1.0,DOC-SCAN-GK-123-015,2026-09-23T16:00:00Z,GENERATOR,gs://well-workover-intervention-data/landing/generator/2026/09/23/workover_history.parquet,BATCH-GELEKI-20260923-V1
WO-GK-123-CENS,GK-123,2026-03-06,2026-09-30,NONE_CENSORED,NONE,False,,0.0,,,0.0,CENSORED,208,True,0.0,,2026-09-23T16:00:00Z,GENERATOR,gs://well-workover-intervention-data/landing/generator/2026/09/23/workover_history.parquet,BATCH-GELEKI-20260923-V1
WO-GK-124-003,GK-124,2024-04-30,2024-05-02,JOB_OTHER,OTHER,False,RIG-ASSAM-03,4.0,49.6,67.0,17.4,SUCCESS,245,False,1.0,DOC-SCAN-GK-124-004,2026-09-23T16:00:00Z,GENERATOR,gs://well-workover-intervention-data/landing/generator/2026/09/23/workover_history.parquet,BATCH-GELEKI-20260923-V1
WO-GK-124-006,GK-124,2025-04-16,2025-04-20,JOB_ROD_PART,ROD_PART,False,RIG-ASSAM-02,6.0,46.1,62.2,16.1,SUCCESS,332,False,1.0,DOC-SCAN-GK-124-007,2026-09-23T16:00:00Z,GENERATOR,gs://well-workover-intervention-data/landing/generator/2026/09/23/workover_history.parquet,BATCH-GELEKI-20260923-V1
WO-GK-124-008,GK-124,2025-12-25,2025-12-26,JOB_WAX,WAX,True,,0.0,43.9,59.3,15.4,SUCCESS,249,False,1.0,DOC-SCAN-GK-124-009,2026-09-23T16:00:00Z,GENERATOR,gs://well-workover-intervention-data/landing/generator/2026/09/23/workover_history.parquet,BATCH-GELEKI-20260923-V1
WO-GK-124-CENS,GK-124,2025-12-26,2026-09-30,NONE_CENSORED,NONE,False,,0.0,,,0.0,CENSORED,278,True,0.0,,2026-09-23T16:00:00Z,GENERATOR,gs://well-workover-intervention-data/landing/generator/2026/09/23/workover_history.parquet,BATCH-GELEKI-20260923-V1
WO-GK-125-003,GK-125,2024-04-04,2024-04-11,JOB_SAND,SAND,False,RIG-ASSAM-02,9.0,38.2,51.6,13.4,SUCCESS,247,False,1.0,DOC-SCAN-GK-125-004,2026-09-23T16:00:00Z,GENERATOR,gs://well-workover-intervention-data/landing/generator/2026/09/23/workover_history.parquet,BATCH-GELEKI-20260923-V1
WO-GK-125-006,GK-125,2025-01-12,2025-01-19,JOB_ROD_PART,ROD_PART,False,RIG-ASSAM-03,9.0,35.6,37.4,1.8,PARTIAL,249,False,0.5,DOC-SCAN-GK-125-007,2026-09-23T16:00:00Z,GENERATOR,gs://well-workover-intervention-data/landing/generator/2026/09/23/workover_history.parquet,BATCH-GELEKI-20260923-V1
WO-GK-125-009,GK-125,2025-11-17,2025-11-17,JOB_SUDDEN_MECH,SUDDEN_MECH,False,RIG-ASSAM-04,2.0,33.2,44.8,11.6,SUCCESS,297,False,1.0,DOC-SCAN-GK-125-010,2026-09-23T16:00:00Z,GENERATOR,gs://well-workover-intervention-data/landing/generator/2026/09/23/workover_history.parquet,BATCH-GELEKI-20260923-V1
WO-GK-125-011,GK-125,2026-04-10,2026-04-10,JOB_SURFACE,SURFACE,True,,0.0,32.1,33.7,1.6,PARTIAL,144,False,0.5,DOC-SCAN-GK-125-012,2026-09-23T16:00:00Z,GENERATOR,gs://well-workover-intervention-data/landing/generator/2026/09/23/workover_history.parquet,BATCH-GELEKI-20260923-V1
WO-GK-126-002,GK-126,2023-12-14,2023-12-14,JOB_SURFACE,SURFACE,True,,0.0,158.2,213.6,55.4,SUCCESS,125,False,1.0,DOC-SCAN-GK-126-003,2026-09-23T16:00:00Z,GENERATOR,gs://well-workover-intervention-data/landing/generator/2026/09/23/workover_history.parquet,BATCH-GELEKI-20260923-V1
WO-GK-126-005,GK-126,2024-04-22,2024-05-06,JOB_ROD_PART,ROD_PART,False,RIG-ASSAM-02,16.0,151.9,205.1,53.2,SUCCESS,82,False,1.0,DOC-SCAN-GK-126-006,2026-09-23T16:00:00Z,GENERATOR,gs://well-workover-intervention-data/landing/generator/2026/09/23/workover_history.parquet,BATCH-GELEKI-20260923-V1
WO-GK-126-008,GK-126,2024-10-07,2024-10-13,JOB_ROD_PART,ROD_PART,False,RIG-ASSAM-02,8.0,145.4,196.3,50.9,SUCCESS,131,False,1.0,DOC-SCAN-GK-126-009,2026-09-23T16:00:00Z,GENERATOR,gs://well-workover-intervention-data/landing/generator/2026/09/23/workover_history.parquet,BATCH-GELEKI-20260923-V1
WO-GK-126-010,GK-126,2024-12-18,2024-12-18,JOB_WAX,WAX,True,,0.0,142.8,149.9,7.1,PARTIAL,66,False,0.5,DOC-SCAN-GK-126-011,2026-09-23T16:00:00Z,GENERATOR,gs://well-workover-intervention-data/landing/generator/2026/09/23/workover_history.parquet,BATCH-GELEKI-20260923-V1
WO-GK-126-012,GK-126,2025-02-20,2025-02-20,JOB_SURFACE,SURFACE,True,,0.0,140.4,189.5,49.1,SUCCESS,64,False,1.0,DOC-SCAN-GK-126-013,2026-09-23T16:00:00Z,GENERATOR,gs://well-workover-intervention-data/landing/generator/2026/09/23/workover_history.parquet,BATCH-GELEKI-20260923-V1
WO-GK-126-015,GK-126,2025-04-17,2025-04-18,JOB_ROD_PART,ROD_PART,False,RIG-ASSAM-01,3.0,138.3,145.2,6.9,PARTIAL,47,False,0.5,DOC-SCAN-GK-126-016,2026-09-23T16:00:00Z,GENERATOR,gs://well-workover-intervention-data/landing/generator/2026/09/23/workover_history.parquet,BATCH-GELEKI-20260923-V1
WO-GK-126-018,GK-126,2025-07-17,2025-07-23,JOB_SUDDEN_MECH,SUDDEN_MECH,False,RIG-ASSAM-03,8.0,134.8,182.0,47.2,SUCCESS,66,False,1.0,DOC-SCAN-GK-126-019,2026-09-23T16:00:00Z,GENERATOR,gs://well-workover-intervention-data/landing/generator/2026/09/23/workover_history.parquet,BATCH-GELEKI-20260923-V1
WO-GK-126-020,GK-126,2025-10-30,2025-10-31,JOB_SURFACE,SURFACE,True,,0.0,131.4,138.0,6.6,PARTIAL,99,False,0.5,DOC-SCAN-GK-126-021,2026-09-23T16:00:00Z,GENERATOR,gs://well-workover-intervention-data/landing/generator/2026/09/23/workover_history.parquet,BATCH-GELEKI-20260923-V1
WO-GK-126-022,GK-126,2026-01-18,2026-01-18,JOB_WAX,WAX,True,,0.0,128.8,135.2,6.4,PARTIAL,79,False,0.5,DOC-SCAN-GK-126-023,2026-09-23T16:00:00Z,GENERATOR,gs://well-workover-intervention-data/landing/generator/2026/09/23/workover_history.parquet,BATCH-GELEKI-20260923-V1
WO-GK-126-025,GK-126,2026-06-15,2026-06-30,JOB_ROD_PART,ROD_PART,False,RIG-ASSAM-02,17.0,123.6,166.9,43.3,SUCCESS,98,False,1.0,DOC-SCAN-GK-126-026,2026-09-23T16:00:00Z,GENERATOR,gs://well-workover-intervention-data/landing/generator/2026/09/23/workover_history.parquet,BATCH-GELEKI-20260923-V1
WO-GK-127-003,GK-127,2023-12-13,2023-12-15,JOB_OTHER,OTHER,False,RIG-ASSAM-01,4.0,156.1,210.7,54.6,SUCCESS,117,False,1.0,DOC-SCAN-GK-127-004,2026-09-23T16:00:00Z,GENERATOR,gs://well-workover-intervention-data/landing/generator/2026/09/23/workover_history.parquet,BATCH-GELEKI-20260923-V1
WO-GK-127-006,GK-127,2024-05-16,2024-05-16,JOB_GL_INJ_ANOMALY,GL_INJ_ANOMALY,False,RIG-ASSAM-04,2.0,149.2,201.4,52.2,SUCCESS,148,False,1.0,DOC-SCAN-GK-127-007,2026-09-23T16:00:00Z,GENERATOR,gs://well-workover-intervention-data/landing/generator/2026/09/23/workover_history.parquet,BATCH-GELEKI-20260923-V1
WO-GK-127-008,GK-127,2024-09-08,2024-09-09,JOB_SURFACE,SURFACE,True,,0.0,144.4,194.9,50.5,SUCCESS,115,False,1.0,DOC-SCAN-GK-127-009,2026-09-23T16:00:00Z,GENERATOR,gs://well-workover-intervention-data/landing/generator/2026/09/23/workover_history.parquet,BATCH-GELEKI-20260923-V1
WO-GK-127-011,GK-127,2025-03-09,2025-03-17,JOB_SAND,SAND,False,RIG-ASSAM-02,10.0,137.0,185.0,48.0,SUCCESS,150,False,1.0,DOC-SCAN-GK-127-012,2026-09-23T16:00:00Z,GENERATOR,gs://well-workover-intervention-data/landing/generator/2026/09/23/workover_history.parquet,BATCH-GELEKI-20260923-V1
WO-GK-127-014,GK-127,2025-09-14,2025-09-24,JOB_WAX,WAX,False,RIG-ASSAM-02,12.0,130.1,175.6,45.5,SUCCESS,146,False,1.0,DOC-SCAN-GK-127-015,2026-09-23T16:00:00Z,GENERATOR,gs://well-workover-intervention-data/landing/generator/2026/09/23/workover_history.parquet,BATCH-GELEKI-20260923-V1
WO-GK-127-017,GK-127,2025-12-05,2025-12-10,JOB_WAX,WAX,False,RIG-ASSAM-01,7.0,127.4,172.0,44.6,SUCCESS,53,False,1.0,DOC-SCAN-GK-127-018,2026-09-23T16:00:00Z,GENERATOR,gs://well-workover-intervention-data/landing/generator/2026/09/23/workover_history.parquet,BATCH-GELEKI-20260923-V1
WO-GK-127-020,GK-127,2026-03-22,2026-03-28,JOB_GL_INJ_ANOMALY,GL_INJ_ANOMALY,False,RIG-ASSAM-04,8.0,123.9,167.3,43.4,SUCCESS,78,False,1.0,DOC-SCAN-GK-127-021,2026-09-23T16:00:00Z,GENERATOR,gs://well-workover-intervention-data/landing/generator/2026/09/23/workover_history.parquet,BATCH-GELEKI-20260923-V1
WO-GK-127-023,GK-127,2026-05-22,2026-05-24,JOB_GL_INJ_ANOMALY,GL_INJ_ANOMALY,False,RIG-ASSAM-04,4.0,122.1,164.8,42.7,SUCCESS,45,False,1.0,DOC-SCAN-GK-127-024,2026-09-23T16:00:00Z,GENERATOR,gs://well-workover-intervention-data/landing/generator/2026/09/23/workover_history.parquet,BATCH-GELEKI-20260923-V1
WO-GK-127-025,GK-127,2026-07-04,2026-07-04,JOB_GL_HEADING,GL_HEADING,True,,0.0,120.8,163.1,42.3,SUCCESS,41,False,1.0,DOC-SCAN-GK-127-026,2026-09-23T16:00:00Z,GENERATOR,gs://well-workover-intervention-data/landing/generator/2026/09/23/workover_history.parquet,BATCH-GELEKI-20260923-V1
WO-GK-127-027,GK-127,2026-08-30,2026-08-30,JOB_GL_HEADING,GL_HEADING,True,,0.0,119.0,160.7,41.7,SUCCESS,57,False,1.0,DOC-SCAN-GK-127-028,2026-09-23T16:00:00Z,GENERATOR,gs://well-workover-intervention-data/landing/generator/2026/09/23/workover_history.parquet,BATCH-GELEKI-20260923-V1
WO-GK-127-CENS,GK-127,2026-08-30,2026-09-30,NONE_CENSORED,NONE,False,,0.0,,,0.0,CENSORED,31,True,0.0,,2026-09-23T16:00:00Z,GENERATOR,gs://well-workover-intervention-data/landing/generator/2026/09/23/workover_history.parquet,BATCH-GELEKI-20260923-V1
WO-GK-128-002,GK-128,2023-10-05,2023-10-05,JOB_SUDDEN_MECH,SUDDEN_MECH,False,RIG-ASSAM-02,2.0,55.2,58.0,2.8,PARTIAL,318,False,0.5,DOC-SCAN-GK-128-003,2026-09-23T16:00:00Z,GENERATOR,gs://well-workover-intervention-data/landing/generator/2026/09/23/workover_history.parquet,BATCH-GELEKI-20260923-V1
WO-GK-128-004,GK-128,2024-05-26,2024-05-26,JOB_SURFACE,SURFACE,True,,0.0,51.1,69.0,17.9,SUCCESS,234,False,1.0,DOC-SCAN-GK-128-005,2026-09-23T16:00:00Z,GENERATOR,gs://well-workover-intervention-data/landing/generator/2026/09/23/workover_history.parquet,BATCH-GELEKI-20260923-V1
WO-GK-128-006,GK-128,2025-03-27,2025-03-27,JOB_WAX,WAX,True,,0.0,46.5,62.8,16.3,SUCCESS,305,False,1.0,DOC-SCAN-GK-128-007,2026-09-23T16:00:00Z,GENERATOR,gs://well-workover-intervention-data/landing/generator/2026/09/23/workover_history.parquet,BATCH-GELEKI-20260923-V1
WO-GK-128-009,GK-128,2026-02-07,2026-02-14,JOB_TUBING_LEAK,TUBING_LEAK,False,RIG-ASSAM-02,9.0,42.3,36.0,-6.3,FAILED,291,False,0.5,DOC-SCAN-GK-128-010,2026-09-23T16:00:00Z,GENERATOR,gs://well-workover-intervention-data/landing/generator/2026/09/23/workover_history.parquet,BATCH-GELEKI-20260923-V1
WO-GK-128-012,GK-128,2026-09-11,2026-09-21,JOB_ROD_PART,ROD_PART,False,RIG-ASSAM-01,12.0,39.9,41.9,2.0,PARTIAL,175,False,0.5,DOC-SCAN-GK-128-013,2026-09-23T16:00:00Z,GENERATOR,gs://well-workover-intervention-data/landing/generator/2026/09/23/workover_history.parquet,BATCH-GELEKI-20260923-V1
WO-GK-129-2019,GK-129,2019-05-10,2019-05-13,WSO_STRADDLE,TUBING_LEAK,False,RIG-ASSAM-02,3.0,38.0,39.5,1.5,FAILED,425,False,0.5,DOC-SCAN-GK-129-2019,2026-09-23T16:00:00Z,GENERATOR,gs://well-workover-intervention-data/landing/generator/2026/09/23/workover_history.parquet,BATCH-GELEKI-20260923-V1
WO-GK-129-003,GK-129,2023-11-27,2023-11-29,JOB_WAX,WAX,False,RIG-ASSAM-04,4.0,39.0,52.7,13.7,SUCCESS,181,False,1.0,DOC-SCAN-GK-129-004,2026-09-23T16:00:00Z,GENERATOR,gs://well-workover-intervention-data/landing/generator/2026/09/23/workover_history.parquet,BATCH-GELEKI-20260923-V1
WO-GK-129-006,GK-129,2024-09-21,2024-10-24,JOB_TUBING_LEAK,TUBING_LEAK,False,RIG-ASSAM-03,35.0,30.0,40.5,10.5,SUCCESS,194,False,1.0,DOC-SCAN-GK-129-007,2026-09-23T16:00:00Z,GENERATOR,gs://well-workover-intervention-data/landing/generator/2026/09/23/workover_history.parquet,BATCH-GELEKI-20260923-V1
WO-GK-129-009,GK-129,2025-08-04,2025-08-06,JOB_SUDDEN_MECH,SUDDEN_MECH,False,RIG-ASSAM-04,4.0,24.6,33.2,8.6,SUCCESS,273,False,1.0,DOC-SCAN-GK-129-010,2026-09-23T16:00:00Z,GENERATOR,gs://well-workover-intervention-data/landing/generator/2026/09/23/workover_history.parquet,BATCH-GELEKI-20260923-V1
WO-GK-129-012,GK-129,2026-01-12,2026-01-14,JOB_TUBING_LEAK,TUBING_LEAK,False,RIG-ASSAM-02,4.0,22.3,30.1,7.8,SUCCESS,146,False,1.0,DOC-SCAN-GK-129-013,2026-09-23T16:00:00Z,GENERATOR,gs://well-workover-intervention-data/landing/generator/2026/09/23/workover_history.parquet,BATCH-GELEKI-20260923-V1
WO-GK-129-CENS,GK-129,2026-01-14,2026-09-30,NONE_CENSORED,NONE,False,,0.0,,,0.0,CENSORED,259,True,0.0,,2026-09-23T16:00:00Z,GENERATOR,gs://well-workover-intervention-data/landing/generator/2026/09/23/workover_history.parquet,BATCH-GELEKI-20260923-V1
WO-GK-130-003,GK-130,2023-12-05,2023-12-10,JOB_TUBING_LEAK,TUBING_LEAK,False,RIG-ASSAM-03,7.0,103.5,139.7,36.2,SUCCESS,113,False,1.0,DOC-SCAN-GK-130-004,2026-09-23T16:00:00Z,GENERATOR,gs://well-workover-intervention-data/landing/generator/2026/09/23/workover_history.parquet,BATCH-GELEKI-20260923-V1
WO-GK-130-006,GK-130,2024-04-24,2024-04-26,JOB_TUBING_LEAK,TUBING_LEAK,False,RIG-ASSAM-04,4.0,98.9,133.5,34.6,SUCCESS,124,False,1.0,DOC-SCAN-GK-130-007,2026-09-23T16:00:00Z,GENERATOR,gs://well-workover-intervention-data/landing/generator/2026/09/23/workover_history.parquet,BATCH-GELEKI-20260923-V1
WO-GK-130-009,GK-130,2024-09-16,2024-09-18,JOB_PUMP_WEAR,PUMP_WEAR,False,RIG-ASSAM-02,4.0,94.5,99.2,4.7,PARTIAL,133,False,0.5,DOC-SCAN-GK-130-010,2026-09-23T16:00:00Z,GENERATOR,gs://well-workover-intervention-data/landing/generator/2026/09/23/workover_history.parquet,BATCH-GELEKI-20260923-V1
WO-GK-130-012,GK-130,2024-12-15,2024-12-21,JOB_PUMP_WEAR,PUMP_WEAR,False,RIG-ASSAM-02,8.0,91.8,123.9,32.1,SUCCESS,64,False,1.0,DOC-SCAN-GK-130-013,2026-09-23T16:00:00Z,GENERATOR,gs://well-workover-intervention-data/landing/generator/2026/09/23/workover_history.parquet,BATCH-GELEKI-20260923-V1
WO-GK-130-015,GK-130,2025-03-22,2025-03-27,JOB_ROD_PART,ROD_PART,False,RIG-ASSAM-01,7.0,89.2,120.4,31.2,SUCCESS,71,False,1.0,DOC-SCAN-GK-130-016,2026-09-23T16:00:00Z,GENERATOR,gs://well-workover-intervention-data/landing/generator/2026/09/23/workover_history.parquet,BATCH-GELEKI-20260923-V1
WO-GK-130-018,GK-130,2025-07-24,2025-08-01,JOB_ROD_PART,ROD_PART,False,RIG-ASSAM-03,10.0,86.0,116.1,30.1,SUCCESS,91,False,1.0,DOC-SCAN-GK-130-019,2026-09-23T16:00:00Z,GENERATOR,gs://well-workover-intervention-data/landing/generator/2026/09/23/workover_history.parquet,BATCH-GELEKI-20260923-V1
WO-GK-130-021,GK-130,2025-10-11,2025-10-21,JOB_ROD_PART,ROD_PART,False,RIG-ASSAM-03,12.0,84.0,113.4,29.4,SUCCESS,34,False,1.0,DOC-SCAN-GK-130-022,2026-09-23T16:00:00Z,GENERATOR,gs://well-workover-intervention-data/landing/generator/2026/09/23/workover_history.parquet,BATCH-GELEKI-20260923-V1
WO-GK-130-024,GK-130,2026-02-01,2026-02-01,JOB_TUBING_LEAK,TUBING_LEAK,False,RIG-ASSAM-04,2.0,81.6,110.2,28.6,SUCCESS,98,False,1.0,DOC-SCAN-GK-130-025,2026-09-23T16:00:00Z,GENERATOR,gs://well-workover-intervention-data/landing/generator/2026/09/23/workover_history.parquet,BATCH-GELEKI-20260923-V1
WO-GK-130-027,GK-130,2026-06-29,2026-06-29,JOB_WAX,WAX,False,RIG-ASSAM-04,2.0,78.4,105.8,27.4,SUCCESS,143,False,1.0,DOC-SCAN-GK-130-028,2026-09-23T16:00:00Z,GENERATOR,gs://well-workover-intervention-data/landing/generator/2026/09/23/workover_history.parquet,BATCH-GELEKI-20260923-V1
WO-GK-130-CENS,GK-130,2026-06-29,2026-09-30,NONE_CENSORED,NONE,False,,0.0,,,0.0,CENSORED,93,True,0.0,,2026-09-23T16:00:00Z,GENERATOR,gs://well-workover-intervention-data/landing/generator/2026/09/23/workover_history.parquet,BATCH-GELEKI-20260923-V1
WO-GK-131-003,GK-131,2024-03-23,2024-03-27,JOB_ROD_PART,ROD_PART,False,RIG-ASSAM-02,6.0,43.1,58.2,15.1,SUCCESS,167,False,1.0,DOC-SCAN-GK-131-004,2026-09-23T16:00:00Z,GENERATOR,gs://well-workover-intervention-data/landing/generator/2026/09/23/workover_history.parquet,BATCH-GELEKI-20260923-V1
WO-GK-131-006,GK-131,2024-07-17,2024-07-17,JOB_SUDDEN_MECH,SUDDEN_MECH,False,RIG-ASSAM-02,2.0,42.0,56.7,14.7,SUCCESS,107,False,1.0,DOC-SCAN-GK-131-007,2026-09-23T16:00:00Z,GENERATOR,gs://well-workover-intervention-data/landing/generator/2026/09/23/workover_history.parquet,BATCH-GELEKI-20260923-V1
WO-GK-131-009,GK-131,2025-03-29,2025-05-03,JOB_SUDDEN_MECH,SUDDEN_MECH,False,RIG-ASSAM-02,37.0,39.3,33.4,-5.9,FAILED,144,False,0.5,DOC-SCAN-GK-131-010,2026-09-23T16:00:00Z,GENERATOR,gs://well-workover-intervention-data/landing/generator/2026/09/23/workover_history.parquet,BATCH-GELEKI-20260923-V1
WO-GK-131-012,GK-131,2025-10-18,2025-10-18,JOB_SUDDEN_MECH,SUDDEN_MECH,False,RIG-ASSAM-03,2.0,37.9,51.2,13.3,SUCCESS,162,False,1.0,DOC-SCAN-GK-131-013,2026-09-23T16:00:00Z,GENERATOR,gs://well-workover-intervention-data/landing/generator/2026/09/23/workover_history.parquet,BATCH-GELEKI-20260923-V1
WO-GK-131-015,GK-131,2026-02-07,2026-02-10,JOB_WAX,WAX,False,RIG-ASSAM-02,5.0,36.9,49.8,12.9,SUCCESS,98,False,1.0,DOC-SCAN-GK-131-016,2026-09-23T16:00:00Z,GENERATOR,gs://well-workover-intervention-data/landing/generator/2026/09/23/workover_history.parquet,BATCH-GELEKI-20260923-V1
WO-GK-131-018,GK-131,2026-08-12,2026-08-12,JOB_SUDDEN_MECH,SUDDEN_MECH,False,RIG-ASSAM-03,2.0,35.6,48.1,12.5,SUCCESS,178,False,1.0,DOC-SCAN-GK-131-019,2026-09-23T16:00:00Z,GENERATOR,gs://well-workover-intervention-data/landing/generator/2026/09/23/workover_history.parquet,BATCH-GELEKI-20260923-V1
WO-GK-131-CENS,GK-131,2026-08-12,2026-09-30,NONE_CENSORED,NONE,False,,0.0,,,0.0,CENSORED,49,True,0.0,,2026-09-23T16:00:00Z,GENERATOR,gs://well-workover-intervention-data/landing/generator/2026/09/23/workover_history.parquet,BATCH-GELEKI-20260923-V1
WO-GK-132-002,GK-132,2023-12-23,2023-12-24,JOB_GL_HEADING,GL_HEADING,True,,0.0,99.1,133.8,34.7,SUCCESS,122,False,1.0,DOC-SCAN-GK-132-003,2026-09-23T16:00:00Z,GENERATOR,gs://well-workover-intervention-data/landing/generator/2026/09/23/workover_history.parquet,BATCH-GELEKI-20260923-V1
WO-GK-132-005,GK-132,2024-05-25,2024-06-02,JOB_GL_INJ_ANOMALY,GL_INJ_ANOMALY,False,RIG-ASSAM-02,10.0,93.9,126.8,32.9,SUCCESS,122,False,1.0,DOC-SCAN-GK-132-006,2026-09-23T16:00:00Z,GENERATOR,gs://well-workover-intervention-data/landing/generator/2026/09/23/workover_history.parquet,BATCH-GELEKI-20260923-V1
WO-GK-132-007,GK-132,2025-03-16,2025-03-17,JOB_GL_HEADING,GL_HEADING,True,,0.0,85.8,115.8,30.0,SUCCESS,287,False,1.0,DOC-SCAN-GK-132-008,2026-09-23T16:00:00Z,GENERATOR,gs://well-workover-intervention-data/landing/generator/2026/09/23/workover_history.parquet,BATCH-GELEKI-20260923-V1
WO-GK-132-010,GK-132,2026-01-20,2026-01-25,JOB_GL_INJ_ANOMALY,GL_INJ_ANOMALY,False,RIG-ASSAM-04,7.0,78.3,66.6,-11.7,FAILED,289,False,0.5,DOC-SCAN-GK-132-011,2026-09-23T16:00:00Z,GENERATOR,gs://well-workover-intervention-data/landing/generator/2026/09/23/workover_history.parquet,BATCH-GELEKI-20260923-V1
WO-GK-132-CENS,GK-132,2026-01-25,2026-09-30,NONE_CENSORED,NONE,False,,0.0,,,0.0,CENSORED,248,True,0.0,,2026-09-23T16:00:00Z,GENERATOR,gs://well-workover-intervention-data/landing/generator/2026/09/23/workover_history.parquet,BATCH-GELEKI-20260923-V1
WO-GK-133-002,GK-133,2023-12-08,2023-12-09,JOB_SURFACE,SURFACE,True,,0.0,103.4,139.6,36.2,SUCCESS,154,False,1.0,DOC-SCAN-GK-133-003,2026-09-23T16:00:00Z,GENERATOR,gs://well-workover-intervention-data/landing/generator/2026/09/23/workover_history.parquet,BATCH-GELEKI-20260923-V1
WO-GK-133-005,GK-133,2024-08-11,2024-09-05,JOB_GL_INJ_ANOMALY,GL_INJ_ANOMALY,False,RIG-ASSAM-04,27.0,98.0,132.3,34.3,SUCCESS,166,False,1.0,DOC-SCAN-GK-133-006,2026-09-23T16:00:00Z,GENERATOR,gs://well-workover-intervention-data/landing/generator/2026/09/23/workover_history.parquet,BATCH-GELEKI-20260923-V1
WO-GK-133-008,GK-133,2024-12-24,2024-12-29,JOB_TUBING_LEAK,TUBING_LEAK,False,RIG-ASSAM-03,7.0,95.9,129.5,33.6,SUCCESS,91,False,1.0,DOC-SCAN-GK-133-009,2026-09-23T16:00:00Z,GENERATOR,gs://well-workover-intervention-data/landing/generator/2026/09/23/workover_history.parquet,BATCH-GELEKI-20260923-V1
WO-GK-133-011,GK-133,2025-07-27,2025-08-09,JOB_TUBING_LEAK,TUBING_LEAK,False,RIG-ASSAM-04,15.0,92.0,96.6,4.6,PARTIAL,165,False,0.5,DOC-SCAN-GK-133-012,2026-09-23T16:00:00Z,GENERATOR,gs://well-workover-intervention-data/landing/generator/2026/09/23/workover_history.parquet,BATCH-GELEKI-20260923-V1
WO-GK-133-014,GK-133,2026-05-17,2026-06-27,JOB_WAX,WAX,False,RIG-ASSAM-02,43.0,86.8,91.1,4.3,PARTIAL,153,False,0.5,DOC-SCAN-GK-133-015,2026-09-23T16:00:00Z,GENERATOR,gs://well-workover-intervention-data/landing/generator/2026/09/23/workover_history.parquet,BATCH-GELEKI-20260923-V1
WO-GK-134-002,GK-134,2023-10-04,2023-10-10,JOB_GL_INJ_ANOMALY,GL_INJ_ANOMALY,False,RIG-ASSAM-01,8.0,91.7,96.3,4.6,PARTIAL,216,False,0.5,DOC-SCAN-GK-134-003,2026-09-23T16:00:00Z,GENERATOR,gs://well-workover-intervention-data/landing/generator/2026/09/23/workover_history.parquet,BATCH-GELEKI-20260923-V1
WO-GK-134-005,GK-134,2024-01-11,2024-01-11,JOB_GL_LOADING,GL_LOADING,False,RIG-ASSAM-04,2.0,89.7,121.1,31.4,SUCCESS,88,False,1.0,DOC-SCAN-GK-134-006,2026-09-23T16:00:00Z,GENERATOR,gs://well-workover-intervention-data/landing/generator/2026/09/23/workover_history.parquet,BATCH-GELEKI-20260923-V1
WO-GK-134-008,GK-134,2024-07-03,2024-07-09,JOB_GL_LOADING,GL_LOADING,False,RIG-ASSAM-03,8.0,86.1,90.4,4.3,PARTIAL,150,False,0.5,DOC-SCAN-GK-134-009,2026-09-23T16:00:00Z,GENERATOR,gs://well-workover-intervention-data/landing/generator/2026/09/23/workover_history.parquet,BATCH-GELEKI-20260923-V1
WO-GK-134-011,GK-134,2025-03-21,2025-05-06,JOB_TUBING_LEAK,TUBING_LEAK,False,RIG-ASSAM-03,48.0,80.7,108.9,28.2,SUCCESS,114,False,1.0,DOC-SCAN-GK-134-012,2026-09-23T16:00:00Z,GENERATOR,gs://well-workover-intervention-data/landing/generator/2026/09/23/workover_history.parquet,BATCH-GELEKI-20260923-V1
WO-GK-134-014,GK-134,2025-07-24,2025-07-26,JOB_GL_LOADING,GL_LOADING,False,RIG-ASSAM-04,4.0,79.3,107.1,27.8,SUCCESS,69,False,1.0,DOC-SCAN-GK-134-015,2026-09-23T16:00:00Z,GENERATOR,gs://well-workover-intervention-data/landing/generator/2026/09/23/workover_history.parquet,BATCH-GELEKI-20260923-V1
WO-GK-134-017,GK-134,2025-12-16,2026-01-01,JOB_TUBING_LEAK,TUBING_LEAK,False,RIG-ASSAM-01,18.0,76.8,103.7,26.9,SUCCESS,91,False,1.0,DOC-SCAN-GK-134-018,2026-09-23T16:00:00Z,GENERATOR,gs://well-workover-intervention-data/landing/generator/2026/09/23/workover_history.parquet,BATCH-GELEKI-20260923-V1
WO-GK-134-019,GK-134,2026-04-27,2026-04-28,JOB_WAX,WAX,True,,0.0,75.0,101.2,26.2,SUCCESS,116,False,1.0,DOC-SCAN-GK-134-020,2026-09-23T16:00:00Z,GENERATOR,gs://well-workover-intervention-data/landing/generator/2026/09/23/workover_history.parquet,BATCH-GELEKI-20260923-V1
WO-GK-134-021,GK-134,2026-08-08,2026-08-08,JOB_GL_HEADING,GL_HEADING,True,,0.0,73.5,99.2,25.7,SUCCESS,102,False,1.0,DOC-SCAN-GK-134-022,2026-09-23T16:00:00Z,GENERATOR,gs://well-workover-intervention-data/landing/generator/2026/09/23/workover_history.parquet,BATCH-GELEKI-20260923-V1
WO-GK-134-CENS,GK-134,2026-08-08,2026-09-30,NONE_CENSORED,NONE,False,,0.0,,,0.0,CENSORED,53,True,0.0,,2026-09-23T16:00:00Z,GENERATOR,gs://well-workover-intervention-data/landing/generator/2026/09/23/workover_history.parquet,BATCH-GELEKI-20260923-V1
WO-GK-135-003,GK-135,2024-03-10,2024-03-13,JOB_ROD_PART,ROD_PART,False,RIG-ASSAM-02,5.0,62.7,84.6,21.9,SUCCESS,182,False,1.0,DOC-SCAN-GK-135-004,2026-09-23T16:00:00Z,GENERATOR,gs://well-workover-intervention-data/landing/generator/2026/09/23/workover_history.parquet,BATCH-GELEKI-20260923-V1
WO-GK-135-005,GK-135,2024-09-07,2024-09-08,JOB_SCALE,SCALE,True,,0.0,60.6,81.8,21.2,SUCCESS,178,False,1.0,DOC-SCAN-GK-135-006,2026-09-23T16:00:00Z,GENERATOR,gs://well-workover-intervention-data/landing/generator/2026/09/23/workover_history.parquet,BATCH-GELEKI-20260923-V1
WO-GK-135-008,GK-135,2025-01-31,2025-02-06,JOB_SAND,SAND,False,RIG-ASSAM-02,8.0,58.9,50.1,-8.8,FAILED,123,False,0.5,DOC-SCAN-GK-135-009,2026-09-23T16:00:00Z,GENERATOR,gs://well-workover-intervention-data/landing/generator/2026/09/23/workover_history.parquet,BATCH-GELEKI-20260923-V1
WO-GK-135-010,GK-135,2025-07-18,2025-07-19,JOB_SURFACE,SURFACE,True,,0.0,57.2,60.1,2.9,PARTIAL,162,False,0.5,DOC-SCAN-GK-135-011,2026-09-23T16:00:00Z,GENERATOR,gs://well-workover-intervention-data/landing/generator/2026/09/23/workover_history.parquet,BATCH-GELEKI-20260923-V1
WO-GK-135-012,GK-135,2026-03-09,2026-03-09,JOB_WAX,WAX,True,,0.0,54.9,57.6,2.7,PARTIAL,233,False,0.5,DOC-SCAN-GK-135-013,2026-09-23T16:00:00Z,GENERATOR,gs://well-workover-intervention-data/landing/generator/2026/09/23/workover_history.parquet,BATCH-GELEKI-20260923-V1
WO-GK-135-015,GK-135,2026-08-10,2026-08-12,JOB_PUMP_WEAR,PUMP_WEAR,False,RIG-ASSAM-04,4.0,53.5,72.2,18.7,SUCCESS,145,False,1.0,DOC-SCAN-GK-135-016,2026-09-23T16:00:00Z,GENERATOR,gs://well-workover-intervention-data/landing/generator/2026/09/23/workover_history.parquet,BATCH-GELEKI-20260923-V1
WO-GK-135-CENS,GK-135,2026-08-12,2026-09-30,NONE_CENSORED,NONE,False,,0.0,,,0.0,CENSORED,49,True,0.0,,2026-09-23T16:00:00Z,GENERATOR,gs://well-workover-intervention-data/landing/generator/2026/09/23/workover_history.parquet,BATCH-GELEKI-20260923-V1
WO-GK-136-003,GK-136,2024-01-19,2024-01-21,JOB_SAND,SAND,False,RIG-ASSAM-02,4.0,95.6,129.1,33.5,SUCCESS,200,False,1.0,DOC-SCAN-GK-136-004,2026-09-23T16:00:00Z,GENERATOR,gs://well-workover-intervention-data/landing/generator/2026/09/23/workover_history.parquet,BATCH-GELEKI-20260923-V1
WO-GK-136-006,GK-136,2024-09-12,2024-09-22,JOB_OTHER,OTHER,False,RIG-ASSAM-04,12.0,90.2,94.7,4.5,PARTIAL,200,False,0.5,DOC-SCAN-GK-136-007,2026-09-23T16:00:00Z,GENERATOR,gs://well-workover-intervention-data/landing/generator/2026/09/23/workover_history.parquet,BATCH-GELEKI-20260923-V1
WO-GK-136-009,GK-136,2025-01-14,2025-01-25,JOB_SAND,SAND,False,RIG-ASSAM-01,13.0,87.7,118.4,30.7,SUCCESS,75,False,1.0,DOC-SCAN-GK-136-010,2026-09-23T16:00:00Z,GENERATOR,gs://well-workover-intervention-data/landing/generator/2026/09/23/workover_history.parquet,BATCH-GELEKI-20260923-V1
WO-GK-136-012,GK-136,2026-01-28,2026-02-09,JOB_WAX,WAX,False,RIG-ASSAM-04,14.0,80.7,84.7,4.0,PARTIAL,326,False,0.5,DOC-SCAN-GK-136-013,2026-09-23T16:00:00Z,GENERATOR,gs://well-workover-intervention-data/landing/generator/2026/09/23/workover_history.parquet,BATCH-GELEKI-20260923-V1
WO-GK-136-015,GK-136,2026-07-07,2026-07-07,JOB_ROD_PART,ROD_PART,False,RIG-ASSAM-03,2.0,78.2,105.6,27.4,SUCCESS,141,False,1.0,DOC-SCAN-GK-136-016,2026-09-23T16:00:00Z,GENERATOR,gs://well-workover-intervention-data/landing/generator/2026/09/23/workover_history.parquet,BATCH-GELEKI-20260923-V1
WO-GK-136-CENS,GK-136,2026-07-07,2026-09-30,NONE_CENSORED,NONE,False,,0.0,,,0.0,CENSORED,85,True,0.0,,2026-09-23T16:00:00Z,GENERATOR,gs://well-workover-intervention-data/landing/generator/2026/09/23/workover_history.parquet,BATCH-GELEKI-20260923-V1
WO-GK-137-002,GK-137,2023-12-19,2023-12-19,JOB_SCALE,SCALE,True,,0.0,149.5,201.8,52.3,SUCCESS,88,False,1.0,DOC-SCAN-GK-137-003,2026-09-23T16:00:00Z,GENERATOR,gs://well-workover-intervention-data/landing/generator/2026/09/23/workover_history.parquet,BATCH-GELEKI-20260923-V1
WO-GK-137-005,GK-137,2024-04-11,2024-04-20,JOB_WAX,WAX,False,RIG-ASSAM-04,11.0,146.3,197.5,51.2,SUCCESS,82,False,1.0,DOC-SCAN-GK-137-006,2026-09-23T16:00:00Z,GENERATOR,gs://well-workover-intervention-data/landing/generator/2026/09/23/workover_history.parquet,BATCH-GELEKI-20260923-V1
WO-GK-137-007,GK-137,2024-07-12,2024-07-13,JOB_WAX,WAX,True,,0.0,144.2,151.4,7.2,PARTIAL,83,False,0.5,DOC-SCAN-GK-137-008,2026-09-23T16:00:00Z,GENERATOR,gs://well-workover-intervention-data/landing/generator/2026/09/23/workover_history.parquet,BATCH-GELEKI-20260923-V1
WO-GK-137-010,GK-137,2024-12-12,2024-12-22,JOB_TUBING_LEAK,TUBING_LEAK,False,RIG-ASSAM-01,12.0,140.4,147.4,7.0,PARTIAL,119,False,0.5,DOC-SCAN-GK-137-011,2026-09-23T16:00:00Z,GENERATOR,gs://well-workover-intervention-data/landing/generator/2026/09/23/workover_history.parquet,BATCH-GELEKI-20260923-V1
WO-GK-137-013,GK-137,2025-04-15,2025-04-15,JOB_PUMP_WEAR,PUMP_WEAR,False,RIG-ASSAM-04,2.0,137.8,117.1,-20.7,FAILED,109,False,0.5,DOC-SCAN-GK-137-014,2026-09-23T16:00:00Z,GENERATOR,gs://well-workover-intervention-data/landing/generator/2026/09/23/workover_history.parquet,BATCH-GELEKI-20260923-V1
WO-GK-137-016,GK-137,2026-01-28,2026-03-18,JOB_WAX,WAX,False,RIG-ASSAM-03,51.0,130.5,176.2,45.7,SUCCESS,135,False,1.0,DOC-SCAN-GK-137-017,2026-09-23T16:00:00Z,GENERATOR,gs://well-workover-intervention-data/landing/generator/2026/09/23/workover_history.parquet,BATCH-GELEKI-20260923-V1
WO-GK-137-019,GK-137,2026-08-19,2026-08-30,JOB_WAX,WAX,False,RIG-ASSAM-03,13.0,127.2,171.7,44.5,SUCCESS,115,False,1.0,DOC-SCAN-GK-137-020,2026-09-23T16:00:00Z,GENERATOR,gs://well-workover-intervention-data/landing/generator/2026/09/23/workover_history.parquet,BATCH-GELEKI-20260923-V1
WO-GK-137-CENS,GK-137,2026-08-30,2026-09-30,NONE_CENSORED,NONE,False,,0.0,,,0.0,CENSORED,31,True,0.0,,2026-09-23T16:00:00Z,GENERATOR,gs://well-workover-intervention-data/landing/generator/2026/09/23/workover_history.parquet,BATCH-GELEKI-20260923-V1
WO-GK-138-002,GK-138,2023-10-03,2023-10-03,JOB_TUBING_LEAK,TUBING_LEAK,False,RIG-ASSAM-01,2.0,121.0,127.1,6.1,PARTIAL,144,False,0.5,DOC-SCAN-GK-138-003,2026-09-23T16:00:00Z,GENERATOR,gs://well-workover-intervention-data/landing/generator/2026/09/23/workover_history.parquet,BATCH-GELEKI-20260923-V1
WO-GK-138-004,GK-138,2024-02-21,2024-02-21,JOB_SURFACE,SURFACE,True,,0.0,115.3,121.1,5.8,PARTIAL,141,False,0.5,DOC-SCAN-GK-138-005,2026-09-23T16:00:00Z,GENERATOR,gs://well-workover-intervention-data/landing/generator/2026/09/23/workover_history.parquet,BATCH-GELEKI-20260923-V1
WO-GK-138-006,GK-138,2024-05-19,2024-05-19,JOB_SURFACE,SURFACE,True,,0.0,112.0,151.2,39.2,SUCCESS,88,False,1.0,DOC-SCAN-GK-138-007,2026-09-23T16:00:00Z,GENERATOR,gs://well-workover-intervention-data/landing/generator/2026/09/23/workover_history.parquet,BATCH-GELEKI-20260923-V1
WO-GK-138-009,GK-138,2025-06-05,2025-06-13,JOB_PUMP_WEAR,PUMP_WEAR,False,RIG-ASSAM-01,10.0,99.2,133.9,34.7,SUCCESS,353,False,1.0,DOC-SCAN-GK-138-010,2026-09-23T16:00:00Z,GENERATOR,gs://well-workover-intervention-data/landing/generator/2026/09/23/workover_history.parquet,BATCH-GELEKI-20260923-V1
WO-GK-138-012,GK-138,2025-09-29,2025-10-01,JOB_ROD_PART,ROD_PART,False,RIG-ASSAM-03,4.0,96.0,100.8,4.8,PARTIAL,98,False,0.5,DOC-SCAN-GK-138-013,2026-09-23T16:00:00Z,GENERATOR,gs://well-workover-intervention-data/landing/generator/2026/09/23/workover_history.parquet,BATCH-GELEKI-20260923-V1
WO-GK-138-014,GK-138,2026-01-31,2026-02-01,JOB_WAX,WAX,True,,0.0,92.7,125.1,32.4,SUCCESS,122,False,1.0,DOC-SCAN-GK-138-015,2026-09-23T16:00:00Z,GENERATOR,gs://well-workover-intervention-data/landing/generator/2026/09/23/workover_history.parquet,BATCH-GELEKI-20260923-V1
WO-GK-138-017,GK-138,2026-06-02,2026-06-16,JOB_SUDDEN_MECH,SUDDEN_MECH,False,RIG-ASSAM-04,16.0,89.3,120.6,31.3,SUCCESS,73,False,1.0,DOC-SCAN-GK-138-018,2026-09-23T16:00:00Z,GENERATOR,gs://well-workover-intervention-data/landing/generator/2026/09/23/workover_history.parquet,BATCH-GELEKI-20260923-V1
WO-GK-138-CENS,GK-138,2026-06-16,2026-09-30,NONE_CENSORED,NONE,False,,0.0,,,0.0,CENSORED,106,True,0.0,,2026-09-23T16:00:00Z,GENERATOR,gs://well-workover-intervention-data/landing/generator/2026/09/23/workover_history.parquet,BATCH-GELEKI-20260923-V1
WO-GK-147-003,GK-147,2024-03-29,2024-03-31,JOB_OTHER,OTHER,False,RIG-ASSAM-03,4.0,44.2,59.7,15.5,SUCCESS,232,False,1.0,DOC-SCAN-GK-147-004,2026-09-23T16:00:00Z,GENERATOR,gs://well-workover-intervention-data/landing/generator/2026/09/23/workover_history.parquet,BATCH-GELEKI-20260923-V1
WO-GK-147-006,GK-147,2025-05-17,2025-05-17,JOB_TUBING_LEAK,TUBING_LEAK,False,RIG-ASSAM-04,2.0,40.6,54.8,14.2,SUCCESS,407,False,1.0,DOC-SCAN-GK-147-007,2026-09-23T16:00:00Z,GENERATOR,gs://well-workover-intervention-data/landing/generator/2026/09/23/workover_history.parquet,BATCH-GELEKI-20260923-V1
WO-GK-147-009,GK-147,2025-12-17,2025-12-18,JOB_TUBING_LEAK,TUBING_LEAK,False,RIG-ASSAM-01,3.0,38.9,52.5,13.6,SUCCESS,205,False,1.0,DOC-SCAN-GK-147-010,2026-09-23T16:00:00Z,GENERATOR,gs://well-workover-intervention-data/landing/generator/2026/09/23/workover_history.parquet,BATCH-GELEKI-20260923-V1
WO-GK-147-CENS,GK-147,2025-12-18,2026-09-30,NONE_CENSORED,NONE,False,,0.0,,,0.0,CENSORED,286,True,0.0,,2026-09-23T16:00:00Z,GENERATOR,gs://well-workover-intervention-data/landing/generator/2026/09/23/workover_history.parquet,BATCH-GELEKI-20260923-V1
WO-GK-214-003,GK-214,2024-05-28,2024-06-15,JOB_TUBING_LEAK,TUBING_LEAK,False,RIG-ASSAM-03,20.0,33.1,44.7,11.6,SUCCESS,396,False,1.0,DOC-SCAN-GK-214-004,2026-09-23T16:00:00Z,GENERATOR,gs://well-workover-intervention-data/landing/generator/2026/09/23/workover_history.parquet,BATCH-GELEKI-20260923-V1
WO-GK-214-006,GK-214,2025-03-19,2025-03-22,JOB_SUDDEN_MECH,SUDDEN_MECH,False,RIG-ASSAM-01,5.0,27.0,36.5,9.5,SUCCESS,264,False,1.0,DOC-SCAN-GK-214-007,2026-09-23T16:00:00Z,GENERATOR,gs://well-workover-intervention-data/landing/generator/2026/09/23/workover_history.parquet,BATCH-GELEKI-20260923-V1
WO-GK-214-009,GK-214,2026-04-03,2026-04-07,JOB_ROD_PART,ROD_PART,False,RIG-ASSAM-02,6.0,21.2,28.6,7.4,SUCCESS,362,False,1.0,DOC-SCAN-GK-214-010,2026-09-23T16:00:00Z,GENERATOR,gs://well-workover-intervention-data/landing/generator/2026/09/23/workover_history.parquet,BATCH-GELEKI-20260923-V1
WO-GK-214-CENS,GK-214,2026-04-07,2026-09-30,NONE_CENSORED,NONE,False,,0.0,,,0.0,CENSORED,176,True,0.0,,2026-09-23T16:00:00Z,GENERATOR,gs://well-workover-intervention-data/landing/generator/2026/09/23/workover_history.parquet,BATCH-GELEKI-20260923-V1
WO-GK-141-003,GK-141,2024-02-02,2024-02-03,JOB_SAND,SAND,False,RIG-ASSAM-01,3.0,50.6,53.1,2.5,PARTIAL,121,False,0.5,DOC-SCAN-GK-141-004,2026-09-23T16:00:00Z,GENERATOR,gs://well-workover-intervention-data/landing/generator/2026/09/23/workover_history.parquet,BATCH-GELEKI-20260923-V1
WO-GK-141-006,GK-141,2024-09-03,2024-09-12,JOB_WAX,WAX,False,RIG-ASSAM-04,11.0,48.3,41.1,-7.2,FAILED,182,False,0.5,DOC-SCAN-GK-141-007,2026-09-23T16:00:00Z,GENERATOR,gs://well-workover-intervention-data/landing/generator/2026/09/23/workover_history.parquet,BATCH-GELEKI-20260923-V1
WO-GK-141-009,GK-141,2025-02-06,2025-02-06,JOB_ROD_PART,ROD_PART,False,RIG-ASSAM-03,2.0,46.8,63.2,16.4,SUCCESS,141,False,1.0,DOC-SCAN-GK-141-010,2026-09-23T16:00:00Z,GENERATOR,gs://well-workover-intervention-data/landing/generator/2026/09/23/workover_history.parquet,BATCH-GELEKI-20260923-V1
WO-GK-141-011,GK-141,2025-08-08,2025-08-09,JOB_SURFACE,SURFACE,True,,0.0,45.1,60.9,15.8,SUCCESS,183,False,1.0,DOC-SCAN-GK-141-012,2026-09-23T16:00:00Z,GENERATOR,gs://well-workover-intervention-data/landing/generator/2026/09/23/workover_history.parquet,BATCH-GELEKI-20260923-V1
WO-GK-141-014,GK-141,2026-04-22,2026-04-22,JOB_ROD_PART,ROD_PART,False,RIG-ASSAM-02,2.0,42.9,57.9,15.0,SUCCESS,251,False,1.0,DOC-SCAN-GK-141-015,2026-09-23T16:00:00Z,GENERATOR,gs://well-workover-intervention-data/landing/generator/2026/09/23/workover_history.parquet,BATCH-GELEKI-20260923-V1
WO-GK-141-CENS,GK-141,2026-04-22,2026-09-30,NONE_CENSORED,NONE,False,,0.0,,,0.0,CENSORED,161,True,0.0,,2026-09-23T16:00:00Z,GENERATOR,gs://well-workover-intervention-data/landing/generator/2026/09/23/workover_history.parquet,BATCH-GELEKI-20260923-V1
